cell_id,mean_ite,bathymetry,depth_zone
LAT35.0_LON-30.1,-0.35062022692140976,4200,deep
LAT35.0_LON-30.4,-0.3517048164067077,4200,deep
LAT35.0_LON-31.3,-0.351162993626843,4200,deep
LAT35.0_LON-31.6,-0.3512979060767168,4200,deep
LAT35.0_LON-31.9,-0.3496772951881358,4200,deep
LAT35.0_LON-32.1,-0.3510553095948753,4200,deep
LAT35.0_LON-32.5,-0.354200381034763,4200,deep
LAT35.0_LON-33.2,-0.35058268786125923,4200,deep
LAT35.0_LON-33.7,-0.34922957498895835,4200,deep
LAT35.0_LON-34.2,-0.3492079869109965,4200,deep
LAT35.0_LON-34.9,-0.3558626645858137,4200,deep
LAT35.0_LON-35.0,-0.35051094162887664,4200,deep
LAT35.0_LON-35.2,-0.355538760364002,4200,deep
LAT35.0_LON-35.4,-0.35146673261136147,4200,deep
LAT35.0_LON-35.5,-0.3506086793774787,4200,deep
LAT35.0_LON-35.6,-0.3530464926331235,4200,deep
LAT35.0_LON-35.9,-0.3520808142932664,4200,deep
LAT35.0_LON-36.0,-0.35536870669806464,4200,deep
LAT35.0_LON-36.1,-0.35300684795641135,4200,deep
LAT35.0_LON-36.2,-0.35080632107473947,4200,deep
LAT35.0_LON-36.4,-0.35353215570664603,4200,deep
LAT35.0_LON-36.5,-0.3516789656804829,4200,deep
LAT35.0_LON-36.6,-0.35242291197747694,4200,deep
LAT35.0_LON-36.7,-0.3518657821186075,4200,deep
LAT35.0_LON-36.8,-0.34820618084546123,4200,deep
LAT35.0_LON-36.9,-0.35231980875245533,4200,deep
LAT35.0_LON-37.0,-0.35229244575430363,4200,deep
LAT35.0_LON-37.1,-0.35390153077018216,4200,deep
LAT35.0_LON-37.5,-0.35148188884686554,4200,deep
LAT35.0_LON-38.1,-0.35062032431505735,4200,deep
LAT35.0_LON-38.2,-0.3491756230290019,4200,deep
LAT35.0_LON-38.6,-0.3491136553794443,4200,deep
LAT35.0_LON-38.7,-0.3547188999866879,4200,deep
LAT35.0_LON-38.8,-0.3474217351839958,4200,deep
LAT35.0_LON-38.9,-0.3506086793774787,4200,deep
LAT35.0_LON-39.2,-0.3549432453140006,4200,deep
LAT35.0_LON-39.3,-0.3562874008332092,4200,deep
LAT35.0_LON-39.5,-0.3475427610797841,4200,deep
LAT35.0_LON-39.6,-0.3539920819291993,4200,deep
LAT35.0_LON-39.7,-0.3512979060767168,4200,deep
LAT35.0_LON-40.0,-0.3479258036211845,4200,deep
LAT35.1_LON-30.1,-0.3506283823001472,4200,deep
LAT35.1_LON-30.2,-0.3559678738691638,4200,deep
LAT35.1_LON-30.3,-0.35137262154452736,4200,deep
LAT35.1_LON-30.9,-0.3659051595596076,4200,deep
LAT35.1_LON-31.1,-0.3525486067990703,4200,deep
LAT35.1_LON-31.2,-0.35325855298800873,4200,deep
LAT35.1_LON-31.4,-0.3507010654461682,4200,deep
LAT35.1_LON-31.5,-0.3541065375354657,4200,deep
LAT35.1_LON-31.6,-0.3529732172537877,4200,deep
LAT35.1_LON-31.7,-0.3710170505850488,4200,deep
LAT35.1_LON-31.8,-0.3509866342334553,4200,deep
LAT35.1_LON-32.2,-0.3547188999866879,4200,deep
LAT35.1_LON-32.3,-0.3552943799816255,4200,deep
LAT35.1_LON-32.4,-0.34704497761399095,4200,deep
LAT35.1_LON-32.5,-0.3516804607217998,4200,deep
LAT35.1_LON-32.7,-0.3537879949855582,4200,deep
LAT35.1_LON-32.9,-0.35240492342747287,4200,deep
LAT35.1_LON-33.0,-0.3529782393461326,4200,deep
LAT35.1_LON-33.1,-0.35230684061566925,4200,deep
LAT35.1_LON-33.2,-0.3528333651224062,4200,deep
LAT35.1_LON-33.3,-0.3498930249716368,4200,deep
LAT35.1_LON-33.5,-0.35250702365739395,4200,deep
LAT35.1_LON-33.7,-0.3491968248014645,4200,deep
LAT35.1_LON-33.8,-0.3555604287385788,4200,deep
LAT35.1_LON-34.0,-0.35093435686898267,4200,deep
LAT35.1_LON-34.1,-0.35383501550898394,4200,deep
LAT35.1_LON-34.3,-0.3504495103701255,4200,deep
LAT35.1_LON-34.4,-0.3730237919254692,4200,deep
LAT35.1_LON-34.5,-0.35011394131261436,4200,deep
LAT35.1_LON-34.6,-0.35206096208350585,4200,deep
LAT35.1_LON-34.7,-0.3529584492359915,4200,deep
LAT35.1_LON-34.8,-0.35080078037682727,4200,deep
LAT35.1_LON-34.9,-0.354252059581694,4200,deep
LAT35.1_LON-35.2,-0.3493791799757288,4200,deep
LAT35.1_LON-35.3,-0.35151099602469194,4200,deep
LAT35.1_LON-35.4,-0.34775006394847513,4200,deep
LAT35.1_LON-35.5,-0.35296551263108844,4200,deep
LAT35.1_LON-35.6,-0.3506460758789795,4200,deep
LAT35.1_LON-35.9,-0.35638206551227347,4200,deep
LAT35.1_LON-36.0,-0.3550115592487129,4200,deep
LAT35.1_LON-36.1,-0.35324529384680403,4200,deep
LAT35.1_LON-36.2,-0.3730237919254692,4200,deep
LAT35.1_LON-36.3,-0.3542076965917415,4200,deep
LAT35.1_LON-36.5,-0.3478193961236436,4200,deep
LAT35.1_LON-36.6,-0.35074373328938224,4200,deep
LAT35.1_LON-36.7,-0.34814548740723333,4200,deep
LAT35.1_LON-36.8,-0.3504973935523284,4200,deep
LAT35.1_LON-36.9,-0.3472413354796334,4200,deep
LAT35.1_LON-37.0,-0.3520487491060095,4200,deep
LAT35.1_LON-37.1,-0.34702026550190607,4200,deep
LAT35.1_LON-37.2,-0.3491756230290019,4200,deep
LAT35.1_LON-37.3,-0.35312823540993743,4200,deep
LAT35.1_LON-37.4,-0.35417187509151604,4200,deep
LAT35.1_LON-37.5,-0.34899941502716214,4200,deep
LAT35.1_LON-37.6,-0.3730237919254692,4200,deep
LAT35.1_LON-37.9,-0.3527582775648977,4200,deep
LAT35.1_LON-38.0,-0.3519294113150849,4200,deep
LAT35.1_LON-38.2,-0.3523146025501091,4200,deep
LAT35.1_LON-38.3,-0.3502421537909059,4200,deep
LAT35.1_LON-38.5,-0.3487905050452682,4200,deep
LAT35.1_LON-38.8,-0.350679467481301,4200,deep
LAT35.1_LON-38.9,-0.3502084783583389,4200,deep
LAT35.1_LON-39.0,-0.35363194633353495,4200,deep
LAT35.1_LON-39.1,-0.351246483162981,4200,deep
LAT35.1_LON-39.4,-0.3479258036211845,4200,deep
LAT35.1_LON-39.5,-0.35071571708779337,4200,deep
LAT35.1_LON-39.7,-0.35414328434376335,4200,deep
LAT35.1_LON-39.8,-0.36053416908883573,4200,deep
LAT35.2_LON-30.0,-0.35307119831239464,4200,deep
LAT35.2_LON-30.1,-0.35062032431505735,4200,deep
LAT35.2_LON-30.2,-0.3469784261975898,4200,deep
LAT35.2_LON-30.3,-0.3498930249716368,4200,deep
LAT35.2_LON-31.1,-0.35359897696433906,4200,deep
LAT35.2_LON-31.2,-0.36444322825564146,4200,deep
LAT35.2_LON-31.3,-0.355582699598872,4200,deep
LAT35.2_LON-31.4,-0.354125513772179,4200,deep
LAT35.2_LON-31.6,-0.3606928233162939,4200,deep
LAT35.2_LON-32.0,-0.3530681035405898,4200,deep
LAT35.2_LON-32.7,-0.3523010721174007,4200,deep
LAT35.2_LON-32.8,-0.3487418435876749,4200,deep
LAT35.2_LON-32.9,-0.3479014024880925,4200,deep
LAT35.2_LON-33.0,-0.35485187370181936,4200,deep
LAT35.2_LON-33.3,-0.36802897219664754,4200,deep
LAT35.2_LON-33.4,-0.3543346649092356,4200,deep
LAT35.2_LON-33.6,-0.35269623924259863,4200,deep
LAT35.2_LON-33.8,-0.3467816006853426,4200,deep
LAT35.2_LON-34.0,-0.3555604287385788,4200,deep
LAT35.2_LON-34.3,-0.3541224633850728,4200,deep
LAT35.2_LON-34.4,-0.3524035285272903,4200,deep
LAT35.2_LON-34.5,-0.35015148279517255,4200,deep
LAT35.2_LON-34.7,-0.35695320521433155,4200,deep
LAT35.2_LON-34.8,-0.35063148284904183,4200,deep
LAT35.2_LON-34.9,-0.3510553095948753,4200,deep
LAT35.2_LON-35.1,-0.3496772951881358,4200,deep
LAT35.2_LON-35.2,-0.355307360760539,4200,deep
LAT35.2_LON-35.4,-0.3498750317302746,4200,deep
LAT35.2_LON-35.6,-0.35280786360784894,4200,deep
LAT35.2_LON-35.7,-0.3730237919254692,4200,deep
LAT35.2_LON-35.8,-0.3521711064516994,4200,deep
LAT35.2_LON-35.9,-0.35570064138375246,4200,deep
LAT35.2_LON-36.0,-0.35509496353201525,4200,deep
LAT35.2_LON-36.1,-0.3509866342334553,4200,deep
LAT35.2_LON-36.2,-0.3518236772051749,4200,deep
LAT35.2_LON-36.4,-0.3602235323659312,4200,deep
LAT35.2_LON-36.5,-0.3504359691531943,4200,deep
LAT35.2_LON-36.6,-0.3505100545288297,4200,deep
LAT35.2_LON-36.7,-0.3481940496811716,4200,deep
LAT35.2_LON-37.1,-0.35306276043309154,4200,deep
LAT35.2_LON-37.2,-0.34965566353819033,4200,deep
LAT35.2_LON-37.3,-0.3533327187259765,4200,deep
LAT35.2_LON-37.4,-0.3503785282375209,4200,deep
LAT35.2_LON-37.7,-0.35306301741973184,4200,deep
LAT35.2_LON-37.8,-0.3478564917780988,4200,deep
LAT35.2_LON-37.9,-0.3540601408090994,4200,deep
LAT35.2_LON-38.0,-0.3552279080650097,4200,deep
LAT35.2_LON-38.2,-0.36947520542922957,4200,deep
LAT35.2_LON-38.3,-0.3502084783583389,4200,deep
LAT35.2_LON-38.4,-0.34779568248362247,4200,deep
LAT35.2_LON-38.5,-0.352542111768644,4200,deep
LAT35.2_LON-38.6,-0.35353038748963517,4200,deep
LAT35.2_LON-39.0,-0.35518292400376816,4200,deep
LAT35.2_LON-39.1,-0.35480542038144786,4200,deep
LAT35.2_LON-39.2,-0.34842792749629464,4200,deep
LAT35.2_LON-39.5,-0.35298587053804725,4200,deep
LAT35.2_LON-39.8,-0.3496772951881358,4200,deep
LAT35.2_LON-39.9,-0.3483091401464206,4200,deep
LAT35.2_LON-40.0,-0.35040447114148077,4200,deep
LAT35.3_LON-30.1,-0.3456326944046096,4200,deep
LAT35.3_LON-30.2,-0.3520487491060095,4200,deep
LAT35.3_LON-30.3,-0.352474179009449,4200,deep
LAT35.3_LON-30.4,-0.3550115592487129,4200,deep
LAT35.3_LON-30.5,-0.3496745921133409,4200,deep
LAT35.3_LON-30.6,-0.3526587022892021,4200,deep
LAT35.3_LON-30.7,-0.3510507701215252,4200,deep
LAT35.3_LON-30.8,-0.3503785282375209,4200,deep
LAT35.3_LON-31.0,-0.351265530312175,4200,deep
LAT35.3_LON-31.1,-0.35143759027943233,4200,deep
LAT35.3_LON-31.2,-0.34740114257097454,4200,deep
LAT35.3_LON-31.3,-0.3624013449117562,4200,deep
LAT35.3_LON-31.4,-0.3470974448218824,4200,deep
LAT35.3_LON-31.5,-0.3523147927641306,4200,deep
LAT35.3_LON-32.5,-0.35064031683523555,4200,deep
LAT35.3_LON-32.9,-0.35229244575430363,4200,deep
LAT35.3_LON-33.1,-0.353472432006781,4200,deep
LAT35.3_LON-33.2,-0.35321185819669776,4200,deep
LAT35.3_LON-33.8,-0.34940385220717574,4200,deep
LAT35.3_LON-33.9,-0.3534710808664613,4200,deep
LAT35.3_LON-34.1,-0.35230684061566925,4200,deep
LAT35.3_LON-34.2,-0.3542368551503323,4200,deep
LAT35.3_LON-34.3,-0.35179052389033866,4200,deep
LAT35.3_LON-34.4,-0.3533867171555721,4200,deep
LAT35.3_LON-34.5,-0.3511361692352115,4200,deep
LAT35.3_LON-34.6,-0.3505100545288297,4200,deep
LAT35.3_LON-34.7,-0.3512791561002505,4200,deep
LAT35.3_LON-34.8,-0.35494825486944914,4200,deep
LAT35.3_LON-34.9,-0.3530434284162569,4200,deep
LAT35.3_LON-35.0,-0.3522129951339503,4200,deep
LAT35.3_LON-35.1,-0.3475603579738928,4200,deep
LAT35.3_LON-35.3,-0.3503612210388238,4200,deep
LAT35.3_LON-35.4,-0.35324529384680403,4200,deep
LAT35.3_LON-35.6,-0.3507575529182376,4200,deep
LAT35.3_LON-35.8,-0.3530483054274387,4200,deep
LAT35.3_LON-35.9,-0.34939342773410265,4200,deep
LAT35.3_LON-36.0,-0.3538018936548939,4200,deep
LAT35.3_LON-36.2,-0.3506001518620107,4200,deep
LAT35.3_LON-36.4,-0.35068916547973217,4200,deep
LAT35.3_LON-36.6,-0.3524091135384725,4200,deep
LAT35.3_LON-36.8,-0.3543963596670292,4200,deep
LAT35.3_LON-37.0,-0.3507851528906449,4200,deep
LAT35.3_LON-37.2,-0.35250702365739395,4200,deep
LAT35.3_LON-37.3,-0.3523579760729864,4200,deep
LAT35.3_LON-37.5,-0.3530004421716788,4200,deep
LAT35.3_LON-37.6,-0.35248437863050663,4200,deep
LAT35.3_LON-37.7,-0.358965525608302,4200,deep
LAT35.3_LON-37.8,-0.3504265514135992,4200,deep
LAT35.3_LON-37.9,-0.3518279410748516,4200,deep
LAT35.3_LON-38.0,-0.34968972360061146,4200,deep
LAT35.3_LON-38.1,-0.351983627770473,4200,deep
LAT35.3_LON-38.2,-0.35000001868532343,4200,deep
LAT35.3_LON-38.3,-0.35068062644051695,4200,deep
LAT35.3_LON-38.4,-0.3474161355217935,4200,deep
LAT35.3_LON-38.5,-0.3525513368658918,4200,deep
LAT35.3_LON-38.6,-0.351621972010559,4200,deep
LAT35.3_LON-38.7,-0.35876190296563554,4200,deep
LAT35.3_LON-38.8,-0.34768498418634375,4200,deep
LAT35.3_LON-38.9,-0.35062032431505735,4200,deep
LAT35.3_LON-39.0,-0.354106226793109,4200,deep
LAT35.3_LON-39.1,-0.3538018936548939,4200,deep
LAT35.3_LON-39.2,-0.3525639073947675,4200,deep
LAT35.3_LON-39.4,-0.35519866662709587,4200,deep
LAT35.3_LON-39.7,-0.3511490137592358,4200,deep
LAT35.3_LON-39.8,-0.35122900026254067,4200,deep
LAT35.3_LON-40.0,-0.3479381773445458,4200,deep
LAT35.4_LON-30.1,-0.3536966719783608,4200,deep
LAT35.4_LON-30.2,-0.3527543998316778,4200,deep
LAT35.4_LON-30.3,-0.34783941221381315,4200,deep
LAT35.4_LON-30.7,-0.35580888050027065,4200,deep
LAT35.4_LON-30.9,-0.3542899916435846,4200,deep
LAT35.4_LON-31.0,-0.35132875751102655,4200,deep
LAT35.4_LON-31.2,-0.3577633924367161,4200,deep
LAT35.4_LON-31.4,-0.353069024436943,4200,deep
LAT35.4_LON-31.5,-0.3666957885370785,4200,deep
LAT35.4_LON-32.1,-0.3520487491060095,4200,deep
LAT35.4_LON-32.2,-0.3474982568577859,4200,deep
LAT35.4_LON-32.7,-0.35113803047147973,4200,deep
LAT35.4_LON-33.2,-0.35249884283589145,4200,deep
LAT35.4_LON-33.5,-0.3530483054274387,4200,deep
LAT35.4_LON-33.6,-0.3520487491060095,4200,deep
LAT35.4_LON-33.7,-0.35296884303283993,4200,deep
LAT35.4_LON-34.0,-0.352983791933907,4200,deep
LAT35.4_LON-34.1,-0.35445603980869017,4200,deep
LAT35.4_LON-34.2,-0.35962726586050603,4200,deep
LAT35.4_LON-34.6,-0.354200381034763,4200,deep
LAT35.4_LON-34.7,-0.3527317466033847,4200,deep
LAT35.4_LON-34.8,-0.35482261888968375,4200,deep
LAT35.4_LON-34.9,-0.35468414539710524,4200,deep
LAT35.4_LON-35.0,-0.35488488376202887,4200,deep
LAT35.4_LON-35.1,-0.3530802188397187,4200,deep
LAT35.4_LON-35.4,-0.35239248246423904,4200,deep
LAT35.4_LON-35.5,-0.3511420275631666,4200,deep
LAT35.4_LON-35.6,-0.34884319858851903,4200,deep
LAT35.4_LON-35.7,-0.37104655038626916,4200,deep
LAT35.4_LON-35.8,-0.3491968248014645,4200,deep
LAT35.4_LON-35.9,-0.3547188999866879,4200,deep
LAT35.4_LON-36.1,-0.3537897634215196,4200,deep
LAT35.4_LON-36.2,-0.347794861676056,4200,deep
LAT35.4_LON-36.4,-0.3626908839992278,4200,deep
LAT35.4_LON-36.5,-0.35431095600363305,4200,deep
LAT35.4_LON-36.7,-0.3523147927641306,4200,deep
LAT35.4_LON-37.0,-0.3510441168116725,4200,deep
LAT35.4_LON-37.4,-0.35265363578008607,4200,deep
LAT35.4_LON-37.7,-0.35132720827545566,4200,deep
LAT35.4_LON-37.8,-0.3506876866812963,4200,deep
LAT35.4_LON-37.9,-0.34928849855682975,4200,deep
LAT35.4_LON-38.3,-0.3508763342628702,4200,deep
LAT35.4_LON-38.5,-0.35322252079333133,4200,deep
LAT35.4_LON-39.0,-0.3513884942328509,4200,deep
LAT35.4_LON-39.1,-0.3558130865804481,4200,deep
LAT35.4_LON-39.2,-0.3481034650976021,4200,deep
LAT35.4_LON-39.3,-0.35027081920007047,4200,deep
LAT35.4_LON-39.4,-0.3706034406677428,4200,deep
LAT35.4_LON-39.5,-0.3478245980776521,4200,deep
LAT35.4_LON-39.6,-0.34872009819259586,4200,deep
LAT35.4_LON-39.7,-0.3623513788029761,4200,deep
LAT35.5_LON-30.3,-0.3730237919254692,4200,deep
LAT35.5_LON-30.6,-0.35213074937162525,4200,deep
LAT35.5_LON-30.8,-0.3510381233220188,4200,deep
LAT35.5_LON-30.9,-0.34729435855144697,4200,deep
LAT35.5_LON-31.0,-0.35062022692140976,4200,deep
LAT35.5_LON-31.1,-0.3577444178335378,4200,deep
LAT35.5_LON-31.2,-0.35495628211837305,4200,deep
LAT35.5_LON-31.3,-0.35974070508125455,4200,deep
LAT35.5_LON-31.5,-0.34999978878923227,4200,deep
LAT35.5_LON-31.7,-0.35998567104336276,4200,deep
LAT35.5_LON-31.8,-0.3547188999866879,4200,deep
LAT35.5_LON-32.4,-0.3511449340718583,4200,deep
LAT35.5_LON-32.7,-0.3552279080650097,4200,deep
LAT35.5_LON-32.8,-0.3538018936548939,4200,deep
LAT35.5_LON-33.1,-0.3552184651469369,4200,deep
LAT35.5_LON-33.3,-0.3552279080650097,4200,deep
LAT35.5_LON-33.7,-0.3548908225783889,4200,deep
LAT35.5_LON-33.8,-0.3538018936548939,4200,deep
LAT35.5_LON-33.9,-0.3489848587711271,4200,deep
LAT35.5_LON-34.0,-0.3474982568577859,4200,deep
LAT35.5_LON-34.1,-0.3524249004256177,4200,deep
LAT35.5_LON-34.3,-0.3548694845412521,4200,deep
LAT35.5_LON-34.4,-0.3500332528867682,4200,deep
LAT35.5_LON-34.5,-0.35377998945803274,4200,deep
LAT35.5_LON-34.7,-0.351879807745707,4200,deep
LAT35.5_LON-34.8,-0.3543560376135231,4200,deep
LAT35.5_LON-34.9,-0.3498930249716368,4200,deep
LAT35.5_LON-35.3,-0.3522161800644016,4200,deep
LAT35.5_LON-35.4,-0.36007404550119476,4200,deep
LAT35.5_LON-35.5,-0.3709079803176344,4200,deep
LAT35.5_LON-35.6,-0.34792225661274373,4200,deep
LAT35.5_LON-35.7,-0.3534015774373338,4200,deep
LAT35.5_LON-35.8,-0.3505631688633185,4200,deep
LAT35.5_LON-35.9,-0.3521350227604425,4200,deep
LAT35.5_LON-36.0,-0.34748260955567634,4200,deep
LAT35.5_LON-36.2,-0.35277354973528613,4200,deep
LAT35.5_LON-36.7,-0.3477786892214923,4200,deep
LAT35.5_LON-37.1,-0.3529973693082302,4200,deep
LAT35.5_LON-37.2,-0.3520296815438021,4200,deep
LAT35.5_LON-37.3,-0.35215193116361043,4200,deep
LAT35.5_LON-37.4,-0.3520163025691379,4200,deep
LAT35.5_LON-37.5,-0.3730237919254692,4200,deep
LAT35.5_LON-37.6,-0.36266608834130026,4200,deep
LAT35.5_LON-37.7,-0.34711877065677343,4200,deep
LAT35.5_LON-37.8,-0.35283373450057076,4200,deep
LAT35.5_LON-37.9,-0.3510598928626619,4200,deep
LAT35.5_LON-38.0,-0.34976912068290966,4200,deep
LAT35.5_LON-38.4,-0.34965566353819033,4200,deep
LAT35.5_LON-38.8,-0.3552279080650097,4200,deep
LAT35.5_LON-39.0,-0.3530483054274387,4200,deep
LAT35.5_LON-39.1,-0.3545147678726849,4200,deep
LAT35.5_LON-39.2,-0.3488753832033703,4200,deep
LAT35.5_LON-39.3,-0.35324529384680403,4200,deep
LAT35.5_LON-39.4,-0.3475265396688328,4200,deep
LAT35.5_LON-39.5,-0.3478873505620832,4200,deep
LAT35.5_LON-39.9,-0.35336591555677793,4200,deep
LAT35.6_LON-30.1,-0.35143164275124505,4200,deep
LAT35.6_LON-30.2,-0.34995365206919377,4200,deep
LAT35.6_LON-30.5,-0.3520808142932664,4200,deep
LAT35.6_LON-30.6,-0.3494478209427728,4200,deep
LAT35.6_LON-30.9,-0.3512229029083471,4200,deep
LAT35.6_LON-31.1,-0.34868036545369263,4200,deep
LAT35.6_LON-31.2,-0.3596462235848451,4200,deep
LAT35.6_LON-31.6,-0.34786880674427867,4200,deep
LAT35.6_LON-32.2,-0.35265093377473167,4200,deep
LAT35.6_LON-32.4,-0.34914802994023386,4200,deep
LAT35.6_LON-32.5,-0.35409749240129107,4200,deep
LAT35.6_LON-32.8,-0.3512229029083471,4200,deep
LAT35.6_LON-33.0,-0.35130006493194615,4200,deep
LAT35.6_LON-33.1,-0.35380391081666707,4200,deep
LAT35.6_LON-33.2,-0.3555658676513405,4200,deep
LAT35.6_LON-33.3,-0.35464671499456557,4200,deep
LAT35.6_LON-33.5,-0.3642812761447356,4200,deep
LAT35.6_LON-33.7,-0.3590105888028236,4200,deep
LAT35.6_LON-33.8,-0.3537409896337348,4200,deep
LAT35.6_LON-33.9,-0.3513495534357245,4200,deep
LAT35.6_LON-34.0,-0.3544006428900631,4200,deep
LAT35.6_LON-34.1,-0.35074518908794844,4200,deep
LAT35.6_LON-34.2,-0.3501379939266238,4200,deep
LAT35.6_LON-34.3,-0.3474982568577859,4200,deep
LAT35.6_LON-34.4,-0.3523579760729864,4200,deep
LAT35.6_LON-34.5,-0.356732353010694,4200,deep
LAT35.6_LON-34.6,-0.3530841207594144,4200,deep
LAT35.6_LON-34.7,-0.35021126292727683,4200,deep
LAT35.6_LON-34.8,-0.3511107670782475,4200,deep
LAT35.6_LON-34.9,-0.3496657477202682,4200,deep
LAT35.6_LON-35.0,-0.34858944943836984,4200,deep
LAT35.6_LON-35.2,-0.35397670557156136,4200,deep
LAT35.6_LON-35.4,-0.35093435686898267,4200,deep
LAT35.6_LON-35.6,-0.35444477979800837,4200,deep
LAT35.6_LON-35.7,-0.350221595492736,4200,deep
LAT35.6_LON-35.8,-0.34745127520120817,4200,deep
LAT35.6_LON-35.9,-0.3474982568577859,4200,deep
LAT35.6_LON-36.0,-0.35302031805500866,4200,deep
LAT35.6_LON-36.3,-0.3479970462390287,4200,deep
LAT35.6_LON-36.5,-0.35394150205298547,4200,deep
LAT35.6_LON-36.6,-0.351426848824587,4200,deep
LAT35.6_LON-36.8,-0.3486642278620192,4200,deep
LAT35.6_LON-37.0,-0.3522416414403756,4200,deep
LAT35.6_LON-37.3,-0.3526435441261843,4200,deep
LAT35.6_LON-37.4,-0.35539194635831145,4200,deep
LAT35.6_LON-37.5,-0.3507800445893461,4200,deep
LAT35.6_LON-37.6,-0.3517538139033717,4200,deep
LAT35.6_LON-37.9,-0.3514531626610765,4200,deep
LAT35.6_LON-38.0,-0.3552967628547012,4200,deep
LAT35.6_LON-38.1,-0.3536747516750157,4200,deep
LAT35.6_LON-38.2,-0.3509138271847064,4200,deep
LAT35.6_LON-38.3,-0.3474982568577859,4200,deep
LAT35.6_LON-38.4,-0.3535263106136268,4200,deep
LAT35.6_LON-38.5,-0.3496745921133409,4200,deep
LAT35.6_LON-38.6,-0.34920254180139215,4200,deep
LAT35.6_LON-38.7,-0.35283373450057076,4200,deep
LAT35.6_LON-38.8,-0.3519241406418968,4200,deep
LAT35.6_LON-38.9,-0.3528045384089194,4200,deep
LAT35.6_LON-39.0,-0.3539268661565994,4200,deep
LAT35.6_LON-39.1,-0.3491615296161267,4200,deep
LAT35.6_LON-39.2,-0.3472124388226699,4200,deep
LAT35.6_LON-39.4,-0.35416735265137567,4200,deep
LAT35.6_LON-39.5,-0.3529845166855966,4200,deep
LAT35.6_LON-39.6,-0.35189974035344607,4200,deep
LAT35.6_LON-39.8,-0.34974918090206325,4200,deep
LAT35.6_LON-39.9,-0.3537632880784913,4200,deep
LAT35.6_LON-40.0,-0.353986681322797,4200,deep
LAT35.7_LON-30.1,-0.3530834855925612,4200,deep
LAT35.7_LON-30.2,-0.35387409464495856,4200,deep
LAT35.7_LON-30.3,-0.3525654678539527,4200,deep
LAT35.7_LON-30.4,-0.35151334586290456,4200,deep
LAT35.7_LON-30.5,-0.35002997023022503,4200,deep
LAT35.7_LON-30.6,-0.3538846746962174,4200,deep
LAT35.7_LON-30.7,-0.35268179864961996,4200,deep
LAT35.7_LON-30.8,-0.3526888127549473,4200,deep
LAT35.7_LON-31.0,-0.351828575917187,4200,deep
LAT35.7_LON-31.1,-0.3531043209432736,4200,deep
LAT35.7_LON-31.5,-0.3528415890474301,4200,deep
LAT35.7_LON-31.8,-0.3511591495124571,4200,deep
LAT35.7_LON-31.9,-0.352168406453991,4200,deep
LAT35.7_LON-32.0,-0.35215594015058294,4200,deep
LAT35.7_LON-32.2,-0.35664571606534134,4200,deep
LAT35.7_LON-32.5,-0.3498930249716368,4200,deep
LAT35.7_LON-32.6,-0.34842792749629464,4200,deep
LAT35.7_LON-32.7,-0.3509684275884602,4200,deep
LAT35.7_LON-33.0,-0.3533226618752018,4200,deep
LAT35.7_LON-33.2,-0.3530879716387065,4200,deep
LAT35.7_LON-33.3,-0.35129330108247275,4200,deep
LAT35.7_LON-33.4,-0.3520134189054065,4200,deep
LAT35.7_LON-33.5,-0.35091627076821846,4200,deep
LAT35.7_LON-33.6,-0.35158495013535307,4200,deep
LAT35.7_LON-33.7,-0.3503238759528857,4200,deep
LAT35.7_LON-33.8,-0.3512819788914092,4200,deep
LAT35.7_LON-33.9,-0.35143270131512816,4200,deep
LAT35.7_LON-34.0,-0.351893126289395,4200,deep
LAT35.7_LON-34.1,-0.3478548071894627,4200,deep
LAT35.7_LON-34.2,-0.3527475926013999,4200,deep
LAT35.7_LON-34.3,-0.3509751144588143,4200,deep
LAT35.7_LON-34.4,-0.3523296476265636,4200,deep
LAT35.7_LON-34.5,-0.34929949140864314,4200,deep
LAT35.7_LON-34.6,-0.3730237919254692,4200,deep
LAT35.7_LON-34.8,-0.35429276249819314,4200,deep
LAT35.7_LON-34.9,-0.3493472671557984,4200,deep
LAT35.7_LON-35.0,-0.3520487491060095,4200,deep
LAT35.7_LON-35.2,-0.3547188999866879,4200,deep
LAT35.7_LON-35.4,-0.3530028722080351,4200,deep
LAT35.7_LON-35.5,-0.3598720469822586,4200,deep
LAT35.7_LON-35.6,-0.3512979060767168,4200,deep
LAT35.7_LON-35.7,-0.3496772951881358,4200,deep
LAT35.7_LON-35.8,-0.3530879716387065,4200,deep
LAT35.7_LON-36.0,-0.3531493382869961,4200,deep
LAT35.7_LON-36.1,-0.35081791725394984,4200,deep
LAT35.7_LON-36.5,-0.3481940496811716,4200,deep
LAT35.7_LON-36.6,-0.3531417730936153,4200,deep
LAT35.7_LON-36.9,-0.3491917021153353,4200,deep
LAT35.7_LON-37.1,-0.3491756230290019,4200,deep
LAT35.7_LON-37.3,-0.34868989757633995,4200,deep
LAT35.7_LON-37.4,-0.3730237919254692,4200,deep
LAT35.7_LON-37.5,-0.3496772951881358,4200,deep
LAT35.7_LON-37.6,-0.3533226618752018,4200,deep
LAT35.7_LON-37.8,-0.34709712708535717,4200,deep
LAT35.7_LON-38.0,-0.35509496353201525,4200,deep
LAT35.7_LON-38.1,-0.3476070872669982,4200,deep
LAT35.7_LON-38.3,-0.3500583888034463,4200,deep
LAT35.7_LON-38.6,-0.3520451321725142,4200,deep
LAT35.7_LON-38.7,-0.3507930689438143,4200,deep
LAT35.7_LON-38.8,-0.35214019411472913,4200,deep
LAT35.7_LON-38.9,-0.35619342079434746,4200,deep
LAT35.7_LON-39.1,-0.35089784103056565,4200,deep
LAT35.7_LON-39.2,-0.3520373127501718,4200,deep
LAT35.7_LON-39.4,-0.34875669658492525,4200,deep
LAT35.7_LON-39.6,-0.35151334586290456,4200,deep
LAT35.7_LON-39.7,-0.3516789656804829,4200,deep
LAT35.7_LON-39.8,-0.35048674411074665,4200,deep
LAT35.8_LON-30.1,-0.354252059581694,4200,deep
LAT35.8_LON-30.3,-0.3545538547341882,4200,deep
LAT35.8_LON-30.4,-0.3479873580707597,4200,deep
LAT35.8_LON-30.5,-0.35244360817295295,4200,deep
LAT35.8_LON-30.6,-0.35333165508534164,4200,deep
LAT35.8_LON-30.7,-0.353069024436943,4200,deep
LAT35.8_LON-30.9,-0.3536737869866353,4200,deep
LAT35.8_LON-31.0,-0.350464503774758,4200,deep
LAT35.8_LON-31.2,-0.35325945124459046,4200,deep
LAT35.8_LON-31.6,-0.34755828821225393,4200,deep
LAT35.8_LON-31.7,-0.3522141551945365,4200,deep
LAT35.8_LON-31.8,-0.35060026869159816,4200,deep
LAT35.8_LON-31.9,-0.36038692793697213,4200,deep
LAT35.8_LON-32.0,-0.34952290817839915,4200,deep
LAT35.8_LON-32.2,-0.346408108319325,4200,deep
LAT35.8_LON-32.3,-0.3536712728142719,4200,deep
LAT35.8_LON-32.4,-0.35328339460732083,4200,deep
LAT35.8_LON-32.5,-0.3517048164067077,4200,deep
LAT35.8_LON-32.7,-0.3506937523386381,4200,deep
LAT35.8_LON-32.8,-0.35253732719078457,4200,deep
LAT35.8_LON-32.9,-0.35362472988251586,4200,deep
LAT35.8_LON-33.0,-0.3553057420966531,4200,deep
LAT35.8_LON-33.1,-0.35188604254308287,4200,deep
LAT35.8_LON-33.3,-0.36417042379180453,4200,deep
LAT35.8_LON-33.4,-0.34968327307602104,4200,deep
LAT35.8_LON-33.6,-0.3498013417142417,4200,deep
LAT35.8_LON-33.7,-0.3523734441917148,4200,deep
LAT35.8_LON-33.8,-0.3503722170045141,4200,deep
LAT35.8_LON-34.0,-0.353800277379092,4200,deep
LAT35.8_LON-34.2,-0.36344327923316094,4200,deep
LAT35.8_LON-34.3,-0.35127531858950717,4200,deep
LAT35.8_LON-34.4,-0.35160777554828293,4200,deep
LAT35.8_LON-34.5,-0.3628399152099041,4200,deep
LAT35.8_LON-34.6,-0.35004976924734355,4200,deep
LAT35.8_LON-34.7,-0.3504242272805844,4200,deep
LAT35.8_LON-34.8,-0.35309183872621935,4200,deep
LAT35.8_LON-34.9,-0.3525655343868904,4200,deep
LAT35.8_LON-35.0,-0.35519866662709587,4200,deep
LAT35.8_LON-35.1,-0.35345111536907325,4200,deep
LAT35.8_LON-35.3,-0.35580888050027065,4200,deep
LAT35.8_LON-35.4,-0.34709712708535717,4200,deep
LAT35.8_LON-35.5,-0.34992650603738285,4200,deep
LAT35.8_LON-35.6,-0.35498226634170194,4200,deep
LAT35.8_LON-35.9,-0.3594484085268198,4200,deep
LAT35.8_LON-36.1,-0.3515066743860976,4200,deep
LAT35.8_LON-36.2,-0.3502988290454078,4200,deep
LAT35.8_LON-36.6,-0.3491968248014645,4200,deep
LAT35.8_LON-36.7,-0.3475603579738928,4200,deep
LAT35.8_LON-36.9,-0.35196528555649076,4200,deep
LAT35.8_LON-37.1,-0.3512337146006431,4200,deep
LAT35.8_LON-37.2,-0.34753069608412834,4200,deep
LAT35.8_LON-37.4,-0.3473388562996305,4200,deep
LAT35.8_LON-37.5,-0.3491756230290019,4200,deep
LAT35.8_LON-37.6,-0.3530284385616328,4200,deep
LAT35.8_LON-38.0,-0.3491118504393943,4200,deep
LAT35.8_LON-38.3,-0.35311374486649144,4200,deep
LAT35.8_LON-38.4,-0.3506407928158638,4200,deep
LAT35.8_LON-38.5,-0.35324529384680403,4200,deep
LAT35.8_LON-38.6,-0.35266265804996516,4200,deep
LAT35.8_LON-38.8,-0.35661338905010337,4200,deep
LAT35.8_LON-39.0,-0.35116791848090273,4200,deep
LAT35.8_LON-39.2,-0.35270407617708394,4200,deep
LAT35.8_LON-39.6,-0.35120075957670494,4200,deep
LAT35.8_LON-39.7,-0.34965566353819033,4200,deep
LAT35.9_LON-30.1,-0.3512979060767168,4200,deep
LAT35.9_LON-30.5,-0.35146947794599237,4200,deep
LAT35.9_LON-30.6,-0.3627334494787847,4200,deep
LAT35.9_LON-30.8,-0.3596696109007864,4200,deep
LAT35.9_LON-31.0,-0.34740093756554447,4200,deep
LAT35.9_LON-31.4,-0.3505872924265888,4200,deep
LAT35.9_LON-31.6,-0.35017646715448253,4200,deep
LAT35.9_LON-31.9,-0.35309183872621935,4200,deep
LAT35.9_LON-32.0,-0.3517048164067077,4200,deep
LAT35.9_LON-32.1,-0.3531462799294751,4200,deep
LAT35.9_LON-32.3,-0.35435605974151996,4200,deep
LAT35.9_LON-32.4,-0.3510127012482215,4200,deep
LAT35.9_LON-32.5,-0.35237345483958105,4200,deep
LAT35.9_LON-32.6,-0.35519866662709587,4200,deep
LAT35.9_LON-32.7,-0.3523419055733813,4200,deep
LAT35.9_LON-32.8,-0.3473830830767735,4200,deep
LAT35.9_LON-32.9,-0.3515387860112528,4200,deep
LAT35.9_LON-33.0,-0.3491776403508247,4200,deep
LAT35.9_LON-33.1,-0.34775006394847513,4200,deep
LAT35.9_LON-33.3,-0.35375616850254554,4200,deep
LAT35.9_LON-33.4,-0.36236430416608845,4200,deep
LAT35.9_LON-33.5,-0.3519005375676253,4200,deep
LAT35.9_LON-33.6,-0.3500475052610496,4200,deep
LAT35.9_LON-33.8,-0.3495659588773464,4200,deep
LAT35.9_LON-33.9,-0.352320154145865,4200,deep
LAT35.9_LON-34.0,-0.3464693554657333,4200,deep
LAT35.9_LON-34.2,-0.35148960181448097,4200,deep
LAT35.9_LON-34.3,-0.34690250464963546,4200,deep
LAT35.9_LON-34.4,-0.3518081328006246,4200,deep
LAT35.9_LON-34.5,-0.34997213269718025,4200,deep
LAT35.9_LON-34.6,-0.3473388562996305,4200,deep
LAT35.9_LON-34.7,-0.3510679386774898,4200,deep
LAT35.9_LON-34.8,-0.34776484312345063,4200,deep
LAT35.9_LON-34.9,-0.35298587053804725,4200,deep
LAT35.9_LON-35.0,-0.34722060055270243,4200,deep
LAT35.9_LON-35.1,-0.3710170505850488,4200,deep
LAT35.9_LON-35.2,-0.35249884283589145,4200,deep
LAT35.9_LON-35.3,-0.3536728260857104,4200,deep
LAT35.9_LON-35.7,-0.34919348627205155,4200,deep
LAT35.9_LON-35.8,-0.35464459856155994,4200,deep
LAT35.9_LON-35.9,-0.3555658676513405,4200,deep
LAT35.9_LON-36.2,-0.3523579760729864,4200,deep
LAT35.9_LON-36.3,-0.35196295492781515,4200,deep
LAT35.9_LON-36.4,-0.3562874008332092,4200,deep
LAT35.9_LON-36.5,-0.3516081161019526,4200,deep
LAT35.9_LON-36.8,-0.35410840607414706,4200,deep
LAT35.9_LON-36.9,-0.3552279080650097,4200,deep
LAT35.9_LON-37.0,-0.3540818493745706,4200,deep
LAT35.9_LON-37.3,-0.34730398092371634,4200,deep
LAT35.9_LON-37.5,-0.35444477979800837,4200,deep
LAT35.9_LON-37.9,-0.354569592084801,4200,deep
LAT35.9_LON-38.0,-0.3491756230290019,4200,deep
LAT35.9_LON-38.2,-0.35017646715448253,4200,deep
LAT35.9_LON-38.7,-0.3506021644795365,4200,deep
LAT35.9_LON-38.9,-0.3509684275884602,4200,deep
LAT35.9_LON-39.0,-0.35056358944399624,4200,deep
LAT35.9_LON-39.1,-0.3516564662543301,4200,deep
LAT35.9_LON-39.4,-0.3555633677970167,4200,deep
LAT35.9_LON-39.6,-0.3538227745724897,4200,deep
LAT36.0_LON-30.3,-0.3523618047285375,4200,deep
LAT36.0_LON-30.6,-0.3530265230086607,4200,deep
LAT36.0_LON-30.8,-0.34814548740723333,4200,deep
LAT36.0_LON-30.9,-0.3530527877612455,4200,deep
LAT36.0_LON-31.1,-0.3659051595596076,4200,deep
LAT36.0_LON-31.2,-0.3559678738691638,4200,deep
LAT36.0_LON-31.3,-0.352055123368406,4200,deep
LAT36.0_LON-31.4,-0.3530483054274387,4200,deep
LAT36.0_LON-31.7,-0.3510553095948753,4200,deep
LAT36.0_LON-31.8,-0.3513361125833958,4200,deep
LAT36.0_LON-31.9,-0.35132875751102655,4200,deep
LAT36.0_LON-32.0,-0.34937136435834054,4200,deep
LAT36.0_LON-32.1,-0.35285842462324923,4200,deep
LAT36.0_LON-32.2,-0.35090663933730276,4200,deep
LAT36.0_LON-32.3,-0.3510676739200628,4200,deep
LAT36.0_LON-32.4,-0.3511346594580086,4200,deep
LAT36.0_LON-32.5,-0.353472432006781,4200,deep
LAT36.0_LON-32.6,-0.35209645492849573,4200,deep
LAT36.0_LON-32.7,-0.34957429726406386,4200,deep
LAT36.0_LON-32.9,-0.3519389773307313,4200,deep
LAT36.0_LON-33.1,-0.35156921908172223,4200,deep
LAT36.0_LON-33.2,-0.34712160732449604,4200,deep
LAT36.0_LON-33.4,-0.3499114365551955,4200,deep
LAT36.0_LON-33.5,-0.34937136435834054,4200,deep
LAT36.0_LON-33.6,-0.3530483054274387,4200,deep
LAT36.0_LON-33.7,-0.3555604287385788,4200,deep
LAT36.0_LON-33.8,-0.35135427244369816,4200,deep
LAT36.0_LON-33.9,-0.3492538582042879,4200,deep
LAT36.0_LON-34.0,-0.3550115592487129,4200,deep
LAT36.0_LON-34.1,-0.3504546213338645,4200,deep
LAT36.0_LON-34.2,-0.34666074951718123,4200,deep
LAT36.0_LON-34.3,-0.35349409834434575,4200,deep
LAT36.0_LON-34.4,-0.34903076709615544,4200,deep
LAT36.0_LON-34.5,-0.3467400455751594,4200,deep
LAT36.0_LON-34.6,-0.35215747106632456,4200,deep
LAT36.0_LON-34.7,-0.3493981472983251,4200,deep
LAT36.0_LON-35.1,-0.355299200965443,4200,deep
LAT36.0_LON-35.3,-0.35208551758405116,4200,deep
LAT36.0_LON-35.4,-0.3545538547341882,4200,deep
LAT36.0_LON-35.7,-0.3516081161019526,4200,deep
LAT36.0_LON-35.9,-0.3503785282375209,4200,deep
LAT36.0_LON-36.1,-0.3516081161019526,4200,deep
LAT36.0_LON-36.3,-0.34975776012202053,4200,deep
LAT36.0_LON-36.4,-0.3497082148662463,4200,deep
LAT36.0_LON-36.5,-0.35553861818169114,4200,deep
LAT36.0_LON-36.6,-0.35346339309927577,4200,deep
LAT36.0_LON-36.7,-0.35161929130368447,4200,deep
LAT36.0_LON-36.8,-0.3476070872669982,4200,deep
LAT36.0_LON-37.0,-0.35151334586290456,4200,deep
LAT36.0_LON-37.1,-0.3485456397383761,4200,deep
LAT36.0_LON-37.3,-0.3522097818876393,4200,deep
LAT36.0_LON-37.4,-0.34937136435834054,4200,deep
LAT36.0_LON-37.5,-0.3613766241285229,4200,deep
LAT36.0_LON-37.7,-0.3542368551503323,4200,deep
LAT36.0_LON-37.9,-0.35242291197747694,4200,deep
LAT36.0_LON-38.0,-0.3530483054274387,4200,deep
LAT36.0_LON-38.5,-0.3519125401178847,4200,deep
LAT36.0_LON-38.6,-0.35167653502287144,4200,deep
LAT36.0_LON-38.8,-0.36025591784551286,4200,deep
LAT36.0_LON-38.9,-0.34961959332658854,4200,deep
LAT36.0_LON-39.0,-0.3478193961236436,4200,deep
LAT36.0_LON-39.1,-0.35235744495567345,4200,deep
LAT36.0_LON-39.2,-0.35304682215025374,4200,deep
LAT36.0_LON-39.3,-0.35283373450057076,4200,deep
LAT36.0_LON-39.7,-0.3528045026179622,4200,deep
LAT36.0_LON-39.9,-0.3559678738691638,4200,deep
LAT36.0_LON-40.0,-0.35152324219506054,4200,deep
LAT36.1_LON-30.2,-0.35397789005872504,4200,deep
LAT36.1_LON-30.5,-0.3606928233162939,4200,deep
LAT36.1_LON-30.6,-0.35098864310158717,4200,deep
LAT36.1_LON-30.7,-0.3556296009032424,4200,deep
LAT36.1_LON-30.8,-0.34783941221381315,4200,deep
LAT36.1_LON-30.9,-0.34896898306688906,4200,deep
LAT36.1_LON-31.4,-0.3520977403364488,4200,deep
LAT36.1_LON-31.5,-0.3485456397383761,4200,deep
LAT36.1_LON-31.6,-0.3484385235168679,4200,deep
LAT36.1_LON-31.7,-0.3544790293453885,4200,deep
LAT36.1_LON-31.8,-0.35202674783050725,4200,deep
LAT36.1_LON-31.9,-0.34882121171901925,4200,deep
LAT36.1_LON-32.0,-0.3540818493745706,4200,deep
LAT36.1_LON-32.1,-0.3562874008332092,4200,deep
LAT36.1_LON-32.2,-0.3520786708763059,4200,deep
LAT36.1_LON-32.3,-0.3478873505620832,4200,deep
LAT36.1_LON-32.6,-0.3484385235168679,4200,deep
LAT36.1_LON-32.7,-0.3534746001087301,4200,deep
LAT36.1_LON-32.8,-0.3523579760729864,4200,deep
LAT36.1_LON-32.9,-0.35183495253016406,4200,deep
LAT36.1_LON-33.0,-0.3513567743942406,4200,deep
LAT36.1_LON-33.1,-0.3501587557696725,4200,deep
LAT36.1_LON-33.2,-0.3532610293936222,4200,deep
LAT36.1_LON-33.3,-0.35053344107897527,4200,deep
LAT36.1_LON-33.4,-0.3582238310439834,4200,deep
LAT36.1_LON-33.5,-0.34834316651613395,4200,deep
LAT36.1_LON-33.6,-0.3496418551115127,4200,deep
LAT36.1_LON-33.7,-0.34789736833885243,4200,deep
LAT36.1_LON-33.8,-0.35339020281720135,4200,deep
LAT36.1_LON-33.9,-0.34917696314766256,4200,deep
LAT36.1_LON-34.0,-0.3508267272285961,4200,deep
LAT36.1_LON-34.3,-0.35271753801280337,4200,deep
LAT36.1_LON-34.4,-0.34994399487512984,4200,deep
LAT36.1_LON-34.5,-0.35424403126450504,4200,deep
LAT36.1_LON-34.6,-0.34985796323963514,4200,deep
LAT36.1_LON-34.8,-0.3526915322091621,4200,deep
LAT36.1_LON-35.0,-0.3479381773445458,4200,deep
LAT36.1_LON-35.2,-0.3531176714901665,4200,deep
LAT36.1_LON-35.3,-0.35184210990701786,4200,deep
LAT36.1_LON-35.4,-0.3536382447391466,4200,deep
LAT36.1_LON-35.5,-0.34862296402632126,4200,deep
LAT36.1_LON-35.6,-0.3519125401178847,4200,deep
LAT36.1_LON-35.8,-0.3539268661565994,4200,deep
LAT36.1_LON-36.0,-0.3511490137592358,4200,deep
LAT36.1_LON-36.1,-0.3541663381159674,4200,deep
LAT36.1_LON-36.2,-0.35577688624963194,4200,deep
LAT36.1_LON-36.4,-0.3512042855718873,4200,deep
LAT36.1_LON-36.7,-0.3528986241788103,4200,deep
LAT36.1_LON-36.8,-0.35464203316605014,4200,deep
LAT36.1_LON-36.9,-0.35294987218224905,4200,deep
LAT36.1_LON-37.1,-0.3484526625892984,4200,deep
LAT36.1_LON-37.2,-0.35049047837236375,4200,deep
LAT36.1_LON-37.3,-0.35115944812747757,4200,deep
LAT36.1_LON-37.4,-0.34983621354641176,4200,deep
LAT36.1_LON-37.5,-0.3535489591240677,4200,deep
LAT36.1_LON-37.6,-0.35204478128768424,4200,deep
LAT36.1_LON-37.7,-0.3541072042134748,4200,deep
LAT36.1_LON-37.9,-0.3491756230290019,4200,deep
LAT36.1_LON-38.0,-0.35414847155804435,4200,deep
LAT36.1_LON-38.1,-0.35350204150746617,4200,deep
LAT36.1_LON-38.2,-0.35283373450057076,4200,deep
LAT36.1_LON-38.3,-0.35143714674257276,4200,deep
LAT36.1_LON-38.4,-0.3527953816260195,4200,deep
LAT36.1_LON-38.6,-0.3728365488041039,4200,deep
LAT36.1_LON-38.8,-0.3503612210388238,4200,deep
LAT36.1_LON-38.9,-0.3510441168116725,4200,deep
LAT36.1_LON-39.0,-0.34704497761399095,4200,deep
LAT36.1_LON-39.4,-0.3550115592487129,4200,deep
LAT36.1_LON-39.5,-0.3517244178705783,4200,deep
LAT36.1_LON-39.7,-0.3491118504393943,4200,deep
LAT36.1_LON-39.8,-0.34855041614629206,4200,deep
LAT36.2_LON-30.1,-0.34991241602561834,4200,deep
LAT36.2_LON-30.2,-0.3527311812451167,4200,deep
LAT36.2_LON-30.3,-0.36097559821579467,4200,deep
LAT36.2_LON-30.6,-0.35283373450057076,4200,deep
LAT36.2_LON-30.8,-0.355060065951291,4200,deep
LAT36.2_LON-30.9,-0.35296228919034195,4200,deep
LAT36.2_LON-31.0,-0.3507066617209846,4200,deep
LAT36.2_LON-31.1,-0.3482826828234342,4200,deep
LAT36.2_LON-31.2,-0.3509489872590624,4200,deep
LAT36.2_LON-31.3,-0.3730237919254692,4200,deep
LAT36.2_LON-31.9,-0.35256215568520877,4200,deep
LAT36.2_LON-32.0,-0.34812783954114745,4200,deep
LAT36.2_LON-32.3,-0.35204726805635933,4200,deep
LAT36.2_LON-32.4,-0.346427340440442,4200,deep
LAT36.2_LON-32.5,-0.3518695436461865,4200,deep
LAT36.2_LON-32.6,-0.3562874008332092,4200,deep
LAT36.2_LON-32.7,-0.3551532472858473,4200,deep
LAT36.2_LON-32.8,-0.35210705171885104,4200,deep
LAT36.2_LON-32.9,-0.35304636122952393,4200,deep
LAT36.2_LON-33.0,-0.35390537185613274,4200,deep
LAT36.2_LON-33.1,-0.3517342414066051,4200,deep
LAT36.2_LON-33.2,-0.3555658676513405,4200,deep
LAT36.2_LON-33.3,-0.35134196997396855,4200,deep
LAT36.2_LON-33.4,-0.3549030125857816,4200,deep
LAT36.2_LON-33.5,-0.35025667435645025,4200,deep
LAT36.2_LON-33.6,-0.3517931627866512,4200,deep
LAT36.2_LON-33.7,-0.3526893016966715,4200,deep
LAT36.2_LON-33.8,-0.3522360875586982,4200,deep
LAT36.2_LON-34.0,-0.35196418568572635,4200,deep
LAT36.2_LON-34.1,-0.3513420715722736,4200,deep
LAT36.2_LON-34.2,-0.3485456397383761,4200,deep
LAT36.2_LON-34.5,-0.3542076965917415,4200,deep
LAT36.2_LON-34.6,-0.3519294113150849,4200,deep
LAT36.2_LON-34.7,-0.3520163025691379,4200,deep
LAT36.2_LON-34.8,-0.35258849225797345,4200,deep
LAT36.2_LON-35.0,-0.3502745968841765,4200,deep
LAT36.2_LON-35.3,-0.3528045026179622,4200,deep
LAT36.2_LON-35.4,-0.35289148319603,4200,deep
LAT36.2_LON-35.5,-0.3478973979147454,4200,deep
LAT36.2_LON-35.6,-0.3526807406804272,4200,deep
LAT36.2_LON-35.8,-0.35289414092363575,4200,deep
LAT36.2_LON-35.9,-0.34875835370097447,4200,deep
LAT36.2_LON-36.0,-0.3493845437463681,4200,deep
LAT36.2_LON-36.2,-0.35156200209629596,4200,deep
LAT36.2_LON-36.4,-0.35109074008176594,4200,deep
LAT36.2_LON-36.5,-0.35553861818169114,4200,deep
LAT36.2_LON-36.7,-0.35025571026100016,4200,deep
LAT36.2_LON-36.9,-0.34821265183075795,4200,deep
LAT36.2_LON-37.1,-0.35471459822782553,4200,deep
LAT36.2_LON-37.2,-0.3517413124431791,4200,deep
LAT36.2_LON-37.5,-0.3491768309809453,4200,deep
LAT36.2_LON-37.6,-0.35069149338835726,4200,deep
LAT36.2_LON-37.8,-0.35152324219506054,4200,deep
LAT36.2_LON-38.0,-0.3526121094180054,4200,deep
LAT36.2_LON-38.1,-0.3508716011941929,4200,deep
LAT36.2_LON-38.4,-0.35062032431505735,4200,deep
LAT36.2_LON-38.6,-0.36036616081300954,4200,deep
LAT36.2_LON-38.7,-0.3507193346198664,4200,deep
LAT36.2_LON-38.8,-0.3516744214798179,4200,deep
LAT36.2_LON-38.9,-0.3484526625892984,4200,deep
LAT36.2_LON-39.0,-0.35064544291384026,4200,deep
LAT36.2_LON-39.2,-0.3706034406677428,4200,deep
LAT36.2_LON-39.6,-0.3548338128074815,4200,deep
LAT36.2_LON-39.7,-0.35334815839881273,4200,deep
LAT36.2_LON-39.8,-0.3509625013101433,4200,deep
LAT36.3_LON-30.1,-0.35219064224937946,4200,deep
LAT36.3_LON-30.2,-0.34893771079648417,4200,deep
LAT36.3_LON-30.4,-0.352474179009449,4200,deep
LAT36.3_LON-30.5,-0.3730237919254692,4200,deep
LAT36.3_LON-30.8,-0.34937136435834054,4200,deep
LAT36.3_LON-30.9,-0.3531479441751003,4200,deep
LAT36.3_LON-31.5,-0.35243344445336955,4200,deep
LAT36.3_LON-31.6,-0.35000001868532343,4200,deep
LAT36.3_LON-31.8,-0.35519866662709587,4200,deep
LAT36.3_LON-31.9,-0.35974070508125455,4200,deep
LAT36.3_LON-32.0,-0.34796215461989466,4200,deep
LAT36.3_LON-32.2,-0.35480542038144786,4200,deep
LAT36.3_LON-32.3,-0.348182748707175,4200,deep
LAT36.3_LON-32.4,-0.3710170505850488,4200,deep
LAT36.3_LON-32.6,-0.3507619387546864,4200,deep
LAT36.3_LON-32.7,-0.3499835375227275,4200,deep
LAT36.3_LON-32.8,-0.3519787376376072,4200,deep
LAT36.3_LON-33.0,-0.35017646715448253,4200,deep
LAT36.3_LON-33.1,-0.3478193961236436,4200,deep
LAT36.3_LON-33.2,-0.3483361899819624,4200,deep
LAT36.3_LON-33.3,-0.3510553095948753,4200,deep
LAT36.3_LON-33.4,-0.35074291304530153,4200,deep
LAT36.3_LON-33.5,-0.35233219612642885,4200,deep
LAT36.3_LON-33.6,-0.35001090002841834,4200,deep
LAT36.3_LON-33.7,-0.3479381773445458,4200,deep
LAT36.3_LON-33.8,-0.3552279080650097,4200,deep
LAT36.3_LON-33.9,-0.3550079942021034,4200,deep
LAT36.3_LON-34.0,-0.35089068714399874,4200,deep
LAT36.3_LON-34.1,-0.34958435006653177,4200,deep
LAT36.3_LON-34.2,-0.3625131628686461,4200,deep
LAT36.3_LON-34.3,-0.34728953963155085,4200,deep
LAT36.3_LON-34.5,-0.35164616647098457,4200,deep
LAT36.3_LON-34.6,-0.3508377588590108,4200,deep
LAT36.3_LON-34.8,-0.34827134298870244,4200,deep
LAT36.3_LON-35.0,-0.3501464292611485,4200,deep
LAT36.3_LON-35.1,-0.3502421537909059,4200,deep
LAT36.3_LON-35.2,-0.346427340440442,4200,deep
LAT36.3_LON-35.3,-0.352304159105812,4200,deep
LAT36.3_LON-35.4,-0.351040520848277,4200,deep
LAT36.3_LON-35.5,-0.3567723079489608,4200,deep
LAT36.3_LON-35.6,-0.3503158453682826,4200,deep
LAT36.3_LON-35.9,-0.35626682761724177,4200,deep
LAT36.3_LON-36.0,-0.351416488366569,4200,deep
LAT36.3_LON-36.2,-0.34991241602561834,4200,deep
LAT36.3_LON-36.3,-0.35181858347930034,4200,deep
LAT36.3_LON-36.4,-0.34905044129916935,4200,deep
LAT36.3_LON-36.5,-0.3730237919254692,4200,deep
LAT36.3_LON-36.7,-0.353759405845719,4200,deep
LAT36.3_LON-36.9,-0.35169435283704703,4200,deep
LAT36.3_LON-37.2,-0.355299200965443,4200,deep
LAT36.3_LON-37.3,-0.34904811555695037,4200,deep
LAT36.3_LON-37.4,-0.3516230584657906,4200,deep
LAT36.3_LON-37.7,-0.3555658676513405,4200,deep
LAT36.3_LON-37.8,-0.35017646715448253,4200,deep
LAT36.3_LON-37.9,-0.3492563773710368,4200,deep
LAT36.3_LON-38.0,-0.3523681252619383,4200,deep
LAT36.3_LON-38.1,-0.35292664915829147,4200,deep
LAT36.3_LON-38.2,-0.3547188999866879,4200,deep
LAT36.3_LON-38.3,-0.3479381773445458,4200,deep
LAT36.3_LON-39.1,-0.35303932948460515,4200,deep
LAT36.3_LON-39.4,-0.3511331668325885,4200,deep
LAT36.3_LON-39.5,-0.35726383436625997,4200,deep
LAT36.3_LON-39.6,-0.352885726305592,4200,deep
LAT36.3_LON-39.7,-0.348220983634474,4200,deep
LAT36.3_LON-39.9,-0.35202674783050725,4200,deep
LAT36.4_LON-30.0,-0.3551532472858473,4200,deep
LAT36.4_LON-30.1,-0.3491756230290019,4200,deep
LAT36.4_LON-30.2,-0.3504964483846868,4200,deep
LAT36.4_LON-30.6,-0.35062384143778086,4200,deep
LAT36.4_LON-30.8,-0.3715176619288873,4200,deep
LAT36.4_LON-30.9,-0.3479381773445458,4200,deep
LAT36.4_LON-31.1,-0.35215154647743774,4200,deep
LAT36.4_LON-31.4,-0.3561348476585383,4200,deep
LAT36.4_LON-31.5,-0.3495163787231542,4200,deep
LAT36.4_LON-31.9,-0.35340719302295276,4200,deep
LAT36.4_LON-32.0,-0.35325761584440385,4200,deep
LAT36.4_LON-32.1,-0.3533327187259765,4200,deep
LAT36.4_LON-32.2,-0.35974070508125455,4200,deep
LAT36.4_LON-32.4,-0.3521981743079349,4200,deep
LAT36.4_LON-32.6,-0.3533030478933366,4200,deep
LAT36.4_LON-32.7,-0.3625532722112107,4200,deep
LAT36.4_LON-32.8,-0.35642010528961415,4200,deep
LAT36.4_LON-32.9,-0.35436974377617964,4200,deep
LAT36.4_LON-33.1,-0.3524565494971825,4200,deep
LAT36.4_LON-33.2,-0.35283965754508895,4200,deep
LAT36.4_LON-33.4,-0.3502221150327163,4200,deep
LAT36.4_LON-33.5,-0.3507297212501457,4200,deep
LAT36.4_LON-33.7,-0.34960013604175355,4200,deep
LAT36.4_LON-33.8,-0.3501268188971526,4200,deep
LAT36.4_LON-33.9,-0.3544626207245559,4200,deep
LAT36.4_LON-34.0,-0.349279012628882,4200,deep
LAT36.4_LON-34.4,-0.35098595142588856,4200,deep
LAT36.4_LON-34.5,-0.3550079942021034,4200,deep
LAT36.4_LON-34.6,-0.35026314091144606,4200,deep
LAT36.4_LON-34.7,-0.35580888050027065,4200,deep
LAT36.4_LON-34.8,-0.34822135865173887,4200,deep
LAT36.4_LON-34.9,-0.3516075457604933,4200,deep
LAT36.4_LON-35.0,-0.3550115592487129,4200,deep
LAT36.4_LON-35.1,-0.35460857443111354,4200,deep
LAT36.4_LON-35.2,-0.3514079879948868,4200,deep
LAT36.4_LON-35.3,-0.3504201009205712,4200,deep
LAT36.4_LON-35.4,-0.35474351177374597,4200,deep
LAT36.4_LON-35.5,-0.3561015723298064,4200,deep
LAT36.4_LON-36.0,-0.3466420426494971,4200,deep
LAT36.4_LON-36.1,-0.35143714674257276,4200,deep
LAT36.4_LON-36.5,-0.3469310290792956,4200,deep
LAT36.4_LON-36.7,-0.3513215755283184,4200,deep
LAT36.4_LON-36.8,-0.37064486525760587,4200,deep
LAT36.4_LON-36.9,-0.3538513446268487,4200,deep
LAT36.4_LON-37.0,-0.34914754272039694,4200,deep
LAT36.4_LON-37.3,-0.354005689124985,4200,deep
LAT36.4_LON-37.4,-0.3483091401464206,4200,deep
LAT36.4_LON-37.5,-0.35327281171761243,4200,deep
LAT36.4_LON-37.7,-0.35017646715448253,4200,deep
LAT36.4_LON-37.8,-0.3489150301109726,4200,deep
LAT36.4_LON-37.9,-0.3473782361345421,4200,deep
LAT36.4_LON-38.4,-0.3507956525791467,4200,deep
LAT36.4_LON-38.5,-0.3712294984990507,4200,deep
LAT36.4_LON-38.6,-0.34930832851272053,4200,deep
LAT36.4_LON-38.7,-0.3506001518620107,4200,deep
LAT36.4_LON-38.8,-0.3494969899710594,4200,deep
LAT36.4_LON-39.3,-0.34834316651613395,4200,deep
LAT36.4_LON-39.5,-0.34843091953145594,4200,deep
LAT36.4_LON-39.6,-0.34867110023263065,4200,deep
LAT36.4_LON-39.7,-0.3712294984990507,4200,deep
LAT36.4_LON-39.8,-0.3570114612094344,4200,deep
LAT36.4_LON-39.9,-0.3730237919254692,4200,deep
LAT36.4_LON-40.0,-0.35580888050027065,4200,deep
LAT36.5_LON-30.0,-0.34906135810468636,4200,deep
LAT36.5_LON-30.1,-0.3503661023415805,4200,deep
LAT36.5_LON-30.2,-0.3526587022892021,4200,deep
LAT36.5_LON-30.4,-0.3552967628547012,4200,deep
LAT36.5_LON-30.5,-0.3521345251789135,4200,deep
LAT36.5_LON-30.6,-0.3510418919635277,4200,deep
LAT36.5_LON-30.9,-0.35019005538838827,4200,deep
LAT36.5_LON-31.0,-0.3467170009063495,4200,deep
LAT36.5_LON-31.3,-0.3523320708510558,4200,deep
LAT36.5_LON-31.4,-0.35311374486649144,4200,deep
LAT36.5_LON-31.6,-0.3491968248014645,4200,deep
LAT36.5_LON-31.7,-0.3529508350853406,4200,deep
LAT36.5_LON-31.8,-0.34966256167457554,4200,deep
LAT36.5_LON-31.9,-0.34759064402739237,4200,deep
LAT36.5_LON-32.1,-0.3528596873519896,4200,deep
LAT36.5_LON-32.2,-0.3533327187259765,4200,deep
LAT36.5_LON-32.3,-0.35069312598026947,4200,deep
LAT36.5_LON-32.4,-0.3513188029681212,4200,deep
LAT36.5_LON-32.5,-0.35396464937879357,4200,deep
LAT36.5_LON-32.6,-0.35480542038144786,4200,deep
LAT36.5_LON-32.8,-0.35236695696652354,4200,deep
LAT36.5_LON-32.9,-0.3514615799071623,4200,deep
LAT36.5_LON-33.0,-0.3495663136974896,4200,deep
LAT36.5_LON-33.1,-0.3525572699575613,4200,deep
LAT36.5_LON-33.3,-0.35133958788361197,4200,deep
LAT36.5_LON-33.5,-0.35050464760812927,4200,deep
LAT36.5_LON-33.6,-0.3529965334261487,4200,deep
LAT36.5_LON-33.8,-0.3487418435876749,4200,deep
LAT36.5_LON-33.9,-0.3507158160264692,4200,deep
LAT36.5_LON-34.1,-0.359668385363291,4200,deep
LAT36.5_LON-34.4,-0.3510553095948753,4200,deep
LAT36.5_LON-34.5,-0.3730237919254692,4200,deep
LAT36.5_LON-34.6,-0.35204298129308303,4200,deep
LAT36.5_LON-34.8,-0.3496962522564496,4200,deep
LAT36.5_LON-34.9,-0.34974324387661776,4200,deep
LAT36.5_LON-35.0,-0.35098459996832687,4200,deep
LAT36.5_LON-35.1,-0.354977105054783,4200,deep
LAT36.5_LON-35.3,-0.34871343135915167,4200,deep
LAT36.5_LON-35.4,-0.3519294113150849,4200,deep
LAT36.5_LON-35.5,-0.3529732172537877,4200,deep
LAT36.5_LON-35.6,-0.3506920158992464,4200,deep
LAT36.5_LON-35.7,-0.3477786892214923,4200,deep
LAT36.5_LON-35.9,-0.3538018936548939,4200,deep
LAT36.5_LON-36.7,-0.3492079869109965,4200,deep
LAT36.5_LON-36.8,-0.348220983634474,4200,deep
LAT36.5_LON-37.0,-0.3509480062894524,4200,deep
LAT36.5_LON-37.2,-0.35273076708055884,4200,deep
LAT36.5_LON-37.3,-0.35417187509151604,4200,deep
LAT36.5_LON-37.5,-0.34712160732449604,4200,deep
LAT36.5_LON-37.6,-0.3527858549632225,4200,deep
LAT36.5_LON-37.7,-0.3534292437279008,4200,deep
LAT36.5_LON-37.8,-0.35069359833386266,4200,deep
LAT36.5_LON-37.9,-0.36028117701375195,4200,deep
LAT36.5_LON-38.2,-0.35208251576912686,4200,deep
LAT36.5_LON-38.3,-0.35576802344276925,4200,deep
LAT36.5_LON-38.4,-0.3659955203938899,4200,deep
LAT36.5_LON-38.5,-0.34885546776397625,4200,deep
LAT36.5_LON-38.7,-0.3481202602893355,4200,deep
LAT36.5_LON-38.8,-0.3613323149205996,4200,deep
LAT36.5_LON-38.9,-0.35134196997396855,4200,deep
LAT36.5_LON-39.0,-0.3503725010582051,4200,deep
LAT36.5_LON-39.1,-0.3527126716692063,4200,deep
LAT36.5_LON-39.2,-0.3517048164067077,4200,deep
LAT36.5_LON-39.3,-0.35098220716847983,4200,deep
LAT36.5_LON-39.4,-0.35102813629497487,4200,deep
LAT36.5_LON-39.5,-0.3498930249716368,4200,deep
LAT36.5_LON-39.6,-0.35312823540993743,4200,deep
LAT36.6_LON-30.1,-0.3503962534213885,4200,deep
LAT36.6_LON-30.6,-0.3574914914335643,4200,deep
LAT36.6_LON-30.7,-0.34894091306606634,4200,deep
LAT36.6_LON-30.9,-0.35312952946349185,4200,deep
LAT36.6_LON-31.0,-0.3547055172612579,4200,deep
LAT36.6_LON-31.1,-0.35230684061566925,4200,deep
LAT36.6_LON-31.2,-0.35364233299916353,4200,deep
LAT36.6_LON-31.4,-0.34987440371936424,4200,deep
LAT36.6_LON-31.5,-0.3521688339848425,4200,deep
LAT36.6_LON-31.6,-0.3531067646213305,4200,deep
LAT36.6_LON-31.7,-0.3508763818168954,4200,deep
LAT36.6_LON-31.9,-0.3536823025538875,4200,deep
LAT36.6_LON-32.0,-0.3610043253482982,4200,deep
LAT36.6_LON-32.1,-0.3538513446268487,4200,deep
LAT36.6_LON-32.2,-0.35351042461841664,4200,deep
LAT36.6_LON-32.5,-0.35074484864423655,4200,deep
LAT36.6_LON-32.6,-0.3493769349688439,4200,deep
LAT36.6_LON-32.7,-0.36039431752445994,4200,deep
LAT36.6_LON-32.8,-0.35176486647491345,4200,deep
LAT36.6_LON-32.9,-0.35471066983518745,4200,deep
LAT36.6_LON-33.0,-0.3504408688549911,4200,deep
LAT36.6_LON-33.2,-0.3512783634804678,4200,deep
LAT36.6_LON-33.3,-0.35103618447327944,4200,deep
LAT36.6_LON-33.4,-0.35383356912079067,4200,deep
LAT36.6_LON-33.5,-0.35002245355842343,4200,deep
LAT36.6_LON-33.6,-0.3659051595596076,4200,deep
LAT36.6_LON-33.7,-0.35160777554828293,4200,deep
LAT36.6_LON-34.2,-0.34792225661274373,4200,deep
LAT36.6_LON-34.3,-0.35084531737132924,4200,deep
LAT36.6_LON-34.4,-0.34922957498895835,4200,deep
LAT36.6_LON-34.5,-0.3541663381159674,4200,deep
LAT36.6_LON-34.8,-0.352210628931537,4200,deep
LAT36.6_LON-35.4,-0.3533327187259765,4200,deep
LAT36.6_LON-35.6,-0.3529032791450788,4200,deep
LAT36.6_LON-35.7,-0.353986681322797,4200,deep
LAT36.6_LON-35.8,-0.3524840168107606,4200,deep
LAT36.6_LON-35.9,-0.3730237919254692,4200,deep
LAT36.6_LON-36.0,-0.3513188029681212,4200,deep
LAT36.6_LON-36.1,-0.35060806359516333,4200,deep
LAT36.6_LON-36.2,-0.3490798864186409,4200,deep
LAT36.6_LON-36.3,-0.34716702326358984,4200,deep
LAT36.6_LON-36.5,-0.35111196422822033,4200,deep
LAT36.6_LON-36.6,-0.350679467481301,4200,deep
LAT36.6_LON-36.7,-0.34881494161005905,4200,deep
LAT36.6_LON-36.8,-0.35002949280064033,4200,deep
LAT36.6_LON-36.9,-0.3517048164067077,4200,deep
LAT36.6_LON-37.0,-0.3547188999866879,4200,deep
LAT36.6_LON-37.1,-0.3542368551503323,4200,deep
LAT36.6_LON-37.2,-0.3506388649710764,4200,deep
LAT36.6_LON-37.3,-0.3545538547341882,4200,deep
LAT36.6_LON-37.5,-0.3506790019168485,4200,deep
LAT36.6_LON-37.6,-0.351645106010487,4200,deep
LAT36.6_LON-37.7,-0.3549432453140006,4200,deep
LAT36.6_LON-37.8,-0.3532977764030631,4200,deep
LAT36.6_LON-37.9,-0.35506748484053874,4200,deep
LAT36.6_LON-38.0,-0.35380179502728437,4200,deep
LAT36.6_LON-38.1,-0.35426958075753107,4200,deep
LAT36.6_LON-38.2,-0.35113292461920376,4200,deep
LAT36.6_LON-38.3,-0.3489834330199786,4200,deep
LAT36.6_LON-38.4,-0.3516422304784298,4200,deep
LAT36.6_LON-38.5,-0.3487418435876749,4200,deep
LAT36.6_LON-38.6,-0.35519866662709587,4200,deep
LAT36.6_LON-38.7,-0.352209607610378,4200,deep
LAT36.6_LON-38.9,-0.347538301830871,4200,deep
LAT36.6_LON-39.0,-0.34848145298752453,4200,deep
LAT36.6_LON-39.1,-0.35292664915829147,4200,deep
LAT36.6_LON-39.2,-0.3542368551503323,4200,deep
LAT36.6_LON-39.7,-0.3562874008332092,4200,deep
LAT36.7_LON-30.5,-0.3505597283440054,4200,deep
LAT36.7_LON-30.6,-0.350221595492736,4200,deep
LAT36.7_LON-30.7,-0.34749465475137686,4200,deep
LAT36.7_LON-30.8,-0.35053470338104775,4200,deep
LAT36.7_LON-30.9,-0.3535428321255054,4200,deep
LAT36.7_LON-31.1,-0.35459852599030006,4200,deep
LAT36.7_LON-31.2,-0.3495163787231542,4200,deep
LAT36.7_LON-31.4,-0.35064544291384026,4200,deep
LAT36.7_LON-31.5,-0.35019005538838827,4200,deep
LAT36.7_LON-31.6,-0.349242662409099,4200,deep
LAT36.7_LON-31.7,-0.34958085635101943,4200,deep
LAT36.7_LON-31.8,-0.36096532447159924,4200,deep
LAT36.7_LON-31.9,-0.3520786708763059,4200,deep
LAT36.7_LON-32.0,-0.35132720827545566,4200,deep
LAT36.7_LON-32.1,-0.35146740599454285,4200,deep
LAT36.7_LON-32.2,-0.35108863983530564,4200,deep
LAT36.7_LON-32.3,-0.3506704436766713,4200,deep
LAT36.7_LON-32.4,-0.352095642705468,4200,deep
LAT36.7_LON-32.5,-0.353165968881502,4200,deep
LAT36.7_LON-32.6,-0.3518170710367063,4200,deep
LAT36.7_LON-32.7,-0.3491771072846636,4200,deep
LAT36.7_LON-32.8,-0.3537884222878473,4200,deep
LAT36.7_LON-32.9,-0.34981439381245355,4200,deep
LAT36.7_LON-33.1,-0.35314765621993865,4200,deep
LAT36.7_LON-33.4,-0.3521554347624629,4200,deep
LAT36.7_LON-33.7,-0.35016599567917833,4200,deep
LAT36.7_LON-33.9,-0.35019005538838827,4200,deep
LAT36.7_LON-34.0,-0.34992811646538613,4200,deep
LAT36.7_LON-34.1,-0.3483217172373271,4200,deep
LAT36.7_LON-34.2,-0.35410831986764585,4200,deep
LAT36.7_LON-34.3,-0.3501432390310668,4200,deep
LAT36.7_LON-34.4,-0.3730237919254692,4200,deep
LAT36.7_LON-34.9,-0.35363194633353495,4200,deep
LAT36.7_LON-35.3,-0.3537791486480997,4200,deep
LAT36.7_LON-35.4,-0.35203129613946005,4200,deep
LAT36.7_LON-35.7,-0.3501432390310668,4200,deep
LAT36.7_LON-36.0,-0.35093435686898267,4200,deep
LAT36.7_LON-36.1,-0.35063148284904183,4200,deep
LAT36.7_LON-36.3,-0.35283373450057076,4200,deep
LAT36.7_LON-36.6,-0.35460832722545177,4200,deep
LAT36.7_LON-36.8,-0.3532543843545711,4200,deep
LAT36.7_LON-36.9,-0.3478873505620832,4200,deep
LAT36.7_LON-37.0,-0.3540818493745706,4200,deep
LAT36.7_LON-37.1,-0.35206747371466796,4200,deep
LAT36.7_LON-37.2,-0.3470254917472778,4200,deep
LAT36.7_LON-37.4,-0.35048103891474824,4200,deep
LAT36.7_LON-37.5,-0.3504470992592473,4200,deep
LAT36.7_LON-37.7,-0.350823626724614,4200,deep
LAT36.7_LON-37.8,-0.3520384408097992,4200,deep
LAT36.7_LON-37.9,-0.3560807116676477,4200,deep
LAT36.7_LON-38.0,-0.3508033964387469,4200,deep
LAT36.7_LON-38.1,-0.3500370513402636,4200,deep
LAT36.7_LON-38.4,-0.34893771079648417,4200,deep
LAT36.7_LON-38.5,-0.35745943461448476,4200,deep
LAT36.7_LON-38.6,-0.35924793983573156,4200,deep
LAT36.7_LON-38.7,-0.35426958075753107,4200,deep
LAT36.7_LON-38.8,-0.3528524257062882,4200,deep
LAT36.7_LON-38.9,-0.34879200673597355,4200,deep
LAT36.7_LON-39.0,-0.34819247721507723,4200,deep
LAT36.7_LON-39.3,-0.3541866706082383,4200,deep
LAT36.7_LON-39.4,-0.3485320971086643,4200,deep
LAT36.7_LON-39.5,-0.35047518757490254,4200,deep
LAT36.7_LON-39.7,-0.35245892708321397,4200,deep
LAT36.7_LON-39.8,-0.3628134401521611,4200,deep
LAT36.8_LON-30.6,-0.34879284657917614,4200,deep
LAT36.8_LON-30.7,-0.35214319721021914,4200,deep
LAT36.8_LON-30.8,-0.35197592839741826,4200,deep
LAT36.8_LON-31.0,-0.3513188029681212,4200,deep
LAT36.8_LON-31.1,-0.3559678738691638,4200,deep
LAT36.8_LON-31.3,-0.3491344060428669,4200,deep
LAT36.8_LON-31.4,-0.35415154176565045,4200,deep
LAT36.8_LON-31.5,-0.3491756230290019,4200,deep
LAT36.8_LON-31.6,-0.35283163931242123,4200,deep
LAT36.8_LON-31.7,-0.35285891913904044,4200,deep
LAT36.8_LON-31.8,-0.3522012762059242,4200,deep
LAT36.8_LON-31.9,-0.3519012828144052,4200,deep
LAT36.8_LON-32.0,-0.3592703354044432,4200,deep
LAT36.8_LON-32.2,-0.3478195130687052,4200,deep
LAT36.8_LON-32.3,-0.3533327187259765,4200,deep
LAT36.8_LON-32.4,-0.3479381773445458,4200,deep
LAT36.8_LON-32.5,-0.3544705455614757,4200,deep
LAT36.8_LON-32.6,-0.35127531858950717,4200,deep
LAT36.8_LON-32.7,-0.3498930249716368,4200,deep
LAT36.8_LON-32.8,-0.35296701586651535,4200,deep
LAT36.8_LON-32.9,-0.35343406224196516,4200,deep
LAT36.8_LON-33.1,-0.3488056672577712,4200,deep
LAT36.8_LON-33.8,-0.34783940246905015,4200,deep
LAT36.8_LON-34.0,-0.3508675560040591,4200,deep
LAT36.8_LON-34.1,-0.35265093377473167,4200,deep
LAT36.8_LON-34.5,-0.3620092178288469,4200,deep
LAT36.8_LON-34.6,-0.35593275712136163,4200,deep
LAT36.8_LON-34.9,-0.3534079199950428,4200,deep
LAT36.8_LON-35.1,-0.34996713571334165,4200,deep
LAT36.8_LON-35.6,-0.35048103891474824,4200,deep
LAT36.8_LON-35.7,-0.34704497761399095,4200,deep
LAT36.8_LON-35.8,-0.34727629928227083,4200,deep
LAT36.8_LON-36.0,-0.3532977764030631,4200,deep
LAT36.8_LON-36.2,-0.35111114567563156,4200,deep
LAT36.8_LON-36.4,-0.3530834855925612,4200,deep
LAT36.8_LON-36.5,-0.3542368551503323,4200,deep
LAT36.8_LON-36.7,-0.34899334522007464,4200,deep
LAT36.8_LON-36.8,-0.3555658676513405,4200,deep
LAT36.8_LON-36.9,-0.3565247497713035,4200,deep
LAT36.8_LON-37.0,-0.34745127520120817,4200,deep
LAT36.8_LON-37.1,-0.3503785282375209,4200,deep
LAT36.8_LON-37.2,-0.37505548283510554,4200,deep
LAT36.8_LON-37.3,-0.3585746921032403,4200,deep
LAT36.8_LON-37.4,-0.35072223250623225,4200,deep
LAT36.8_LON-37.5,-0.35202674783050725,4200,deep
LAT36.8_LON-37.6,-0.3485320971086643,4200,deep
LAT36.8_LON-37.7,-0.3529960988356405,4200,deep
LAT36.8_LON-37.8,-0.35024204068619674,4200,deep
LAT36.8_LON-37.9,-0.3513793764263279,4200,deep
LAT36.8_LON-38.0,-0.3475603579738928,4200,deep
LAT36.8_LON-38.1,-0.34901387480835,4200,deep
LAT36.8_LON-38.3,-0.35126807060272763,4200,deep
LAT36.8_LON-38.5,-0.3503612210388238,4200,deep
LAT36.8_LON-38.6,-0.3510441168116725,4200,deep
LAT36.8_LON-38.7,-0.35364233299916353,4200,deep
LAT36.8_LON-38.8,-0.34755828821225393,4200,deep
LAT36.8_LON-38.9,-0.3516081161019526,4200,deep
LAT36.8_LON-39.0,-0.3530483054274387,4200,deep
LAT36.8_LON-39.2,-0.3493828750061795,4200,deep
LAT36.8_LON-39.3,-0.3530028722080351,4200,deep
LAT36.8_LON-39.4,-0.35411561471560343,4200,deep
LAT36.8_LON-39.6,-0.3535091929291425,4200,deep
LAT36.8_LON-39.7,-0.3517048164067077,4200,deep
LAT36.8_LON-39.9,-0.35515130124069,4200,deep
LAT36.8_LON-40.0,-0.3512979060767168,4200,deep
LAT36.9_LON-30.5,-0.35041768180495275,4200,deep
LAT36.9_LON-30.7,-0.3476590274472018,4200,deep
LAT36.9_LON-30.8,-0.35003065862645555,4200,deep
LAT36.9_LON-30.9,-0.35330280105950157,4200,deep
LAT36.9_LON-31.0,-0.3550115592487129,4200,deep
LAT36.9_LON-31.1,-0.3606928233162939,4200,deep
LAT36.9_LON-31.2,-0.3504383024854446,4200,deep
LAT36.9_LON-31.4,-0.35022667671131674,4200,deep
LAT36.9_LON-31.5,-0.3709079803176344,4200,deep
LAT36.9_LON-31.6,-0.35424068386949825,4200,deep
LAT36.9_LON-31.7,-0.3537016632926859,4200,deep
LAT36.9_LON-31.8,-0.35567677111552015,4200,deep
LAT36.9_LON-32.0,-0.3479258036211845,4200,deep
LAT36.9_LON-32.1,-0.3542368551503323,4200,deep
LAT36.9_LON-32.2,-0.34827951363813786,4200,deep
LAT36.9_LON-32.4,-0.3730237919254692,4200,deep
LAT36.9_LON-32.5,-0.35240492342747287,4200,deep
LAT36.9_LON-32.6,-0.3505631688633185,4200,deep
LAT36.9_LON-32.8,-0.35575095092585207,4200,deep
LAT36.9_LON-32.9,-0.3520487491060095,4200,deep
LAT36.9_LON-33.0,-0.3478973979147454,4200,deep
LAT36.9_LON-33.1,-0.3497607661943023,4200,deep
LAT36.9_LON-33.2,-0.34965566353819033,4200,deep
LAT36.9_LON-33.5,-0.35151334586290456,4200,deep
LAT36.9_LON-33.8,-0.3516789656804829,4200,deep
LAT36.9_LON-34.1,-0.35487553180981396,4200,deep
LAT36.9_LON-34.2,-0.34991241602561834,4200,deep
LAT36.9_LON-34.4,-0.355538760364002,4200,deep
LAT36.9_LON-34.5,-0.3537741663641981,4200,deep
LAT36.9_LON-34.7,-0.35421307274861263,4200,deep
LAT36.9_LON-34.9,-0.3504964483846868,4200,deep
LAT36.9_LON-35.1,-0.3539268661565994,4200,deep
LAT36.9_LON-35.4,-0.3522539343669594,4200,deep
LAT36.9_LON-35.5,-0.35228104105586033,4200,deep
LAT36.9_LON-35.6,-0.35312952946349185,4200,deep
LAT36.9_LON-35.8,-0.3499664467256215,4200,deep
LAT36.9_LON-35.9,-0.3475006089440464,4200,deep
LAT36.9_LON-36.1,-0.3491118504393943,4200,deep
LAT36.9_LON-36.2,-0.35199966306028185,4200,deep
LAT36.9_LON-36.3,-0.3522539343669594,4200,deep
LAT36.9_LON-36.4,-0.3516375595262534,4200,deep
LAT36.9_LON-36.5,-0.3506376686374153,4200,deep
LAT36.9_LON-36.7,-0.3551532472858473,4200,deep
LAT36.9_LON-36.8,-0.349162558504151,4200,deep
LAT36.9_LON-37.1,-0.3602582500707563,4200,deep
LAT36.9_LON-37.2,-0.35325511839407775,4200,deep
LAT36.9_LON-37.3,-0.3531077963939697,4200,deep
LAT36.9_LON-37.4,-0.35164979909142585,4200,deep
LAT36.9_LON-37.5,-0.3523579760729864,4200,deep
LAT36.9_LON-37.6,-0.35211285138208237,4200,deep
LAT36.9_LON-37.7,-0.350221595492736,4200,deep
LAT36.9_LON-37.8,-0.35088171641381266,4200,deep
LAT36.9_LON-37.9,-0.35250129640488537,4200,deep
LAT36.9_LON-38.0,-0.3497074781378682,4200,deep
LAT36.9_LON-38.1,-0.3530811850271347,4200,deep
LAT36.9_LON-38.2,-0.3560611857083082,4200,deep
LAT36.9_LON-38.3,-0.355396519462445,4200,deep
LAT36.9_LON-38.4,-0.35553861818169114,4200,deep
LAT36.9_LON-38.5,-0.3542458292247416,4200,deep
LAT36.9_LON-38.6,-0.352474179009449,4200,deep
LAT36.9_LON-38.7,-0.355473034217781,4200,deep
LAT36.9_LON-38.9,-0.3507963195963391,4200,deep
LAT36.9_LON-39.0,-0.3531493382869961,4200,deep
LAT36.9_LON-39.1,-0.34858777602296087,4200,deep
LAT36.9_LON-39.3,-0.35397670557156136,4200,deep
LAT36.9_LON-39.4,-0.3520024882883366,4200,deep
LAT36.9_LON-39.6,-0.35247021983441024,4200,deep
LAT36.9_LON-39.7,-0.35208402014424056,4200,deep
LAT36.9_LON-39.9,-0.35744500916536737,4200,deep
LAT36.9_LON-40.0,-0.3538018936548939,4200,deep
LAT37.0_LON-30.1,-0.3498534139258868,4200,deep
LAT37.0_LON-30.2,-0.3730237919254692,4200,deep
LAT37.0_LON-30.3,-0.35160668076359636,4200,deep
LAT37.0_LON-30.4,-0.3520163025691379,4200,deep
LAT37.0_LON-30.6,-0.3519294113150849,4200,deep
LAT37.0_LON-30.8,-0.34798611560670223,4200,deep
LAT37.0_LON-31.1,-0.3555604287385788,4200,deep
LAT37.0_LON-31.3,-0.3542302819277904,4200,deep
LAT37.0_LON-31.5,-0.35192029293185667,4200,deep
LAT37.0_LON-31.6,-0.35248681896753264,4200,deep
LAT37.0_LON-31.9,-0.35230684061566925,4200,deep
LAT37.0_LON-32.0,-0.3526783968313127,4200,deep
LAT37.0_LON-32.1,-0.35259443588979517,4200,deep
LAT37.0_LON-32.3,-0.3477415624217006,4200,deep
LAT37.0_LON-32.5,-0.36071988389687293,4200,deep
LAT37.0_LON-32.8,-0.34632223454056893,4200,deep
LAT37.0_LON-32.9,-0.3522260542075224,4200,deep
LAT37.0_LON-33.1,-0.350679467481301,4200,deep
LAT37.0_LON-33.2,-0.35553861818169114,4200,deep
LAT37.0_LON-33.7,-0.3519294113150849,4200,deep
LAT37.0_LON-34.2,-0.35327281171761243,4200,deep
LAT37.0_LON-34.3,-0.3508588739930045,4200,deep
LAT37.0_LON-34.4,-0.3628578292063322,4200,deep
LAT37.0_LON-34.6,-0.3495125500713667,4200,deep
LAT37.0_LON-34.7,-0.3491968248014645,4200,deep
LAT37.0_LON-34.9,-0.35300684795641135,4200,deep
LAT37.0_LON-35.1,-0.3503785049802157,4200,deep
LAT37.0_LON-35.2,-0.34983725377978014,4200,deep
LAT37.0_LON-35.4,-0.3489848587711271,4200,deep
LAT37.0_LON-35.5,-0.35495204567730926,4200,deep
LAT37.0_LON-35.6,-0.35480542038144786,4200,deep
LAT37.0_LON-35.7,-0.35312823540993743,4200,deep
LAT37.0_LON-35.8,-0.34783941221381315,4200,deep
LAT37.0_LON-35.9,-0.352377350282239,4200,deep
LAT37.0_LON-36.0,-0.3562874008332092,4200,deep
LAT37.0_LON-36.2,-0.3539242295516559,4200,deep
LAT37.0_LON-36.5,-0.3554464759136796,4200,deep
LAT37.0_LON-36.9,-0.35028219819551465,4200,deep
LAT37.0_LON-37.0,-0.3513449579852167,4200,deep
LAT37.0_LON-37.2,-0.36303415246782594,4200,deep
LAT37.0_LON-37.3,-0.35212527834629903,4200,deep
LAT37.0_LON-37.4,-0.35684478606025344,4200,deep
LAT37.0_LON-37.6,-0.35054898260091094,4200,deep
LAT37.0_LON-37.7,-0.3513933762130105,4200,deep
LAT37.0_LON-37.8,-0.352210628931537,4200,deep
LAT37.0_LON-37.9,-0.3475265396688328,4200,deep
LAT37.0_LON-38.0,-0.34996795723691837,4200,deep
LAT37.0_LON-38.2,-0.3479258036211845,4200,deep
LAT37.0_LON-38.3,-0.3542368551503323,4200,deep
LAT37.0_LON-38.4,-0.3539156030591528,4200,deep
LAT37.0_LON-38.5,-0.35749911488464803,4200,deep
LAT37.0_LON-38.7,-0.35094372999769347,4200,deep
LAT37.0_LON-38.8,-0.34888713130903043,4200,deep
LAT37.0_LON-39.0,-0.35453500043394015,4200,deep
LAT37.0_LON-39.1,-0.35120402195205747,4200,deep
LAT37.0_LON-39.2,-0.35281353912291447,4200,deep
LAT37.0_LON-39.3,-0.3503633748670629,4200,deep
LAT37.0_LON-39.4,-0.35036253899493924,4200,deep
LAT37.0_LON-39.5,-0.352981447292949,4200,deep
LAT37.0_LON-39.6,-0.35665442128466285,4200,deep
LAT37.0_LON-39.7,-0.35852062753934427,4200,deep
LAT37.0_LON-39.9,-0.3549699719780642,4200,deep
LAT37.1_LON-30.1,-0.3580589190338969,4200,deep
LAT37.1_LON-30.2,-0.3517048164067077,4200,deep
LAT37.1_LON-30.3,-0.35147727928778705,4200,deep
LAT37.1_LON-30.5,-0.3494318149401888,4200,deep
LAT37.1_LON-30.9,-0.354252059581694,4200,deep
LAT37.1_LON-31.0,-0.3519389773307313,4200,deep
LAT37.1_LON-31.1,-0.3543302010198367,4200,deep
LAT37.1_LON-31.2,-0.35200312854394733,4200,deep
LAT37.1_LON-31.3,-0.35243274126550267,4200,deep
LAT37.1_LON-31.5,-0.3497027485970586,4200,deep
LAT37.1_LON-31.8,-0.34662560373758516,4200,deep
LAT37.1_LON-31.9,-0.3630261032284245,4200,deep
LAT37.1_LON-32.1,-0.3510553095948753,4200,deep
LAT37.1_LON-32.3,-0.3511552058266088,4200,deep
LAT37.1_LON-32.5,-0.35231980875245533,4200,deep
LAT37.1_LON-32.8,-0.35309183872621935,4200,deep
LAT37.1_LON-33.0,-0.34774097828073436,4200,deep
LAT37.1_LON-33.1,-0.3498958850436628,4200,deep
LAT37.1_LON-33.2,-0.3531973160669001,4200,deep
LAT37.1_LON-33.3,-0.3524577501596909,4200,deep
LAT37.1_LON-33.5,-0.35160777554828293,4200,deep
LAT37.1_LON-33.7,-0.35019005538838827,4200,deep
LAT37.1_LON-33.9,-0.3550677199590233,4200,deep
LAT37.1_LON-34.0,-0.35418929034689295,4200,deep
LAT37.1_LON-34.1,-0.3518250856243507,4200,deep
LAT37.1_LON-34.3,-0.35250702365739395,4200,deep
LAT37.1_LON-34.5,-0.35312823540993743,4200,deep
LAT37.1_LON-34.9,-0.3536452604101875,4200,deep
LAT37.1_LON-35.1,-0.35074897315648945,4200,deep
LAT37.1_LON-35.2,-0.35264504057923945,4200,deep
LAT37.1_LON-35.4,-0.3517295162402123,4200,deep
LAT37.1_LON-35.9,-0.3520594847796959,4200,deep
LAT37.1_LON-36.1,-0.3524353590015531,4200,deep
LAT37.1_LON-36.3,-0.35471459822782553,4200,deep
LAT37.1_LON-36.4,-0.34823429363568625,4200,deep
LAT37.1_LON-36.6,-0.3532459960229847,4200,deep
LAT37.1_LON-36.9,-0.3540818493745706,4200,deep
LAT37.1_LON-37.0,-0.35242291197747694,4200,deep
LAT37.1_LON-37.1,-0.3478195130687052,4200,deep
LAT37.1_LON-37.2,-0.3547155799376537,4200,deep
LAT37.1_LON-37.3,-0.3572713611245895,4200,deep
LAT37.1_LON-37.4,-0.3524896132970394,4200,deep
LAT37.1_LON-37.5,-0.34961411950938925,4200,deep
LAT37.1_LON-37.6,-0.351153801255851,4200,deep
LAT37.1_LON-37.7,-0.352171676682896,4200,deep
LAT37.1_LON-37.9,-0.3538448267778898,4200,deep
LAT37.1_LON-38.0,-0.3513868074461136,4200,deep
LAT37.1_LON-38.2,-0.3522088046372156,4200,deep
LAT37.1_LON-38.3,-0.3470254917472778,4200,deep
LAT37.1_LON-38.4,-0.35002464148775747,4200,deep
LAT37.1_LON-38.5,-0.3520183909891976,4200,deep
LAT37.1_LON-38.6,-0.35141758062220885,4200,deep
LAT37.1_LON-38.7,-0.3533553497975197,4200,deep
LAT37.1_LON-38.8,-0.35277354973528613,4200,deep
LAT37.1_LON-38.9,-0.3483091401464206,4200,deep
LAT37.1_LON-39.0,-0.3500727162563979,4200,deep
LAT37.1_LON-39.1,-0.3495645436150371,4200,deep
LAT37.1_LON-39.2,-0.35022667671131674,4200,deep
LAT37.1_LON-39.3,-0.34912133344505125,4200,deep
LAT37.1_LON-39.4,-0.35200303489444207,4200,deep
LAT37.1_LON-39.5,-0.34947888845490144,4200,deep
LAT37.1_LON-39.6,-0.353034829441497,4200,deep
LAT37.1_LON-39.7,-0.3484787996845975,4200,deep
LAT37.1_LON-39.8,-0.3516081161019526,4200,deep
LAT37.1_LON-39.9,-0.3516789656804829,4200,deep
LAT37.1_LON-40.0,-0.35268179864961996,4200,deep
LAT37.2_LON-30.3,-0.3491756230290019,4200,deep
LAT37.2_LON-30.5,-0.3528045026179622,4200,deep
LAT37.2_LON-30.7,-0.35554125544819143,4200,deep
LAT37.2_LON-30.8,-0.3491756230290019,4200,deep
LAT37.2_LON-30.9,-0.35048103891474824,4200,deep
LAT37.2_LON-31.1,-0.35637555251286807,4200,deep
LAT37.2_LON-31.2,-0.3550115592487129,4200,deep
LAT37.2_LON-31.3,-0.3520839435818092,4200,deep
LAT37.2_LON-31.4,-0.3495673278853927,4200,deep
LAT37.2_LON-31.5,-0.3525212836816548,4200,deep
LAT37.2_LON-31.6,-0.347862546410994,4200,deep
LAT37.2_LON-31.7,-0.3498532712427562,4200,deep
LAT37.2_LON-31.8,-0.346427340440442,4200,deep
LAT37.2_LON-31.9,-0.35225951600533156,4200,deep
LAT37.2_LON-32.0,-0.3537372612565747,4200,deep
LAT37.2_LON-32.1,-0.34932297681113383,4200,deep
LAT37.2_LON-32.2,-0.3524169318220811,4200,deep
LAT37.2_LON-32.3,-0.35019005538838827,4200,deep
LAT37.2_LON-32.5,-0.352542111768644,4200,deep
LAT37.2_LON-32.7,-0.35308446878250094,4200,deep
LAT37.2_LON-32.8,-0.3521350227604425,4200,deep
LAT37.2_LON-32.9,-0.35209875438357985,4200,deep
LAT37.2_LON-33.0,-0.3517742391754075,4200,deep
LAT37.2_LON-33.1,-0.3519480406590035,4200,deep
LAT37.2_LON-33.2,-0.34983725377978014,4200,deep
LAT37.2_LON-33.3,-0.34800100856117144,4200,deep
LAT37.2_LON-33.4,-0.3499014549971493,4200,deep
LAT37.2_LON-33.5,-0.3499798927161194,4200,deep
LAT37.2_LON-33.7,-0.3533867171555721,4200,deep
LAT37.2_LON-33.8,-0.3540804779087189,4200,deep
LAT37.2_LON-33.9,-0.35154120969839336,4200,deep
LAT37.2_LON-34.0,-0.35080171439585434,4200,deep
LAT37.2_LON-34.1,-0.35255939198282676,4200,deep
LAT37.2_LON-34.2,-0.35021247413146256,4200,deep
LAT37.2_LON-34.3,-0.3562874008332092,4200,deep
LAT37.2_LON-34.4,-0.34905214555066566,4200,deep
LAT37.2_LON-34.7,-0.3559678738691638,4200,deep
LAT37.2_LON-34.8,-0.3478193961236436,4200,deep
LAT37.2_LON-35.0,-0.3527475926013999,4200,deep
LAT37.2_LON-35.2,-0.3532508634859447,4200,deep
LAT37.2_LON-35.3,-0.353306658391502,4200,deep
LAT37.2_LON-35.7,-0.3477576720515943,4200,deep
LAT37.2_LON-36.1,-0.3479381773445458,4200,deep
LAT37.2_LON-36.2,-0.355473034217781,4200,deep
LAT37.2_LON-36.3,-0.3521976493063804,4200,deep
LAT37.2_LON-36.4,-0.3516789656804829,4200,deep
LAT37.2_LON-36.7,-0.3503513506166278,4200,deep
LAT37.2_LON-36.8,-0.3499241980038765,4200,deep
LAT37.2_LON-36.9,-0.3509643592973781,4200,deep
LAT37.2_LON-37.0,-0.34709712708535717,4200,deep
LAT37.2_LON-37.2,-0.3494262441698274,4200,deep
LAT37.2_LON-37.3,-0.34847869681980465,4200,deep
LAT37.2_LON-37.4,-0.35329412900038837,4200,deep
LAT37.2_LON-37.5,-0.3515597834776428,4200,deep
LAT37.2_LON-37.7,-0.35153992129451295,4200,deep
LAT37.2_LON-37.8,-0.3512637781585792,4200,deep
LAT37.2_LON-37.9,-0.3485320971086643,4200,deep
LAT37.2_LON-38.0,-0.3560611857083082,4200,deep
LAT37.2_LON-38.3,-0.35069950565743807,4200,deep
LAT37.2_LON-38.5,-0.3557103026274188,4200,deep
LAT37.2_LON-38.6,-0.35465827133504096,4200,deep
LAT37.2_LON-38.7,-0.34688131970609865,4200,deep
LAT37.2_LON-38.8,-0.35747922361588413,4200,deep
LAT37.2_LON-38.9,-0.3601674028309449,4200,deep
LAT37.2_LON-39.0,-0.3505421077988317,4200,deep
LAT37.2_LON-39.1,-0.3524762546393169,4200,deep
LAT37.2_LON-39.3,-0.35051508677025656,4200,deep
LAT37.2_LON-39.4,-0.35181858347930034,4200,deep
LAT37.2_LON-39.5,-0.34893771079648417,4200,deep
LAT37.2_LON-39.6,-0.35891583213718414,4200,deep
LAT37.2_LON-39.7,-0.3508861091473803,4200,deep
LAT37.2_LON-39.8,-0.3479730488841544,4200,deep
LAT37.2_LON-40.0,-0.3478873505620832,4200,deep
LAT37.3_LON-30.7,-0.3510029480613622,4200,deep
LAT37.3_LON-30.8,-0.3516023804089882,4200,deep
LAT37.3_LON-30.9,-0.34965566353819033,4200,deep
LAT37.3_LON-31.0,-0.3527475926013999,4200,deep
LAT37.3_LON-31.2,-0.3520891615538114,4200,deep
LAT37.3_LON-31.3,-0.3547188999866879,4200,deep
LAT37.3_LON-31.4,-0.35348739696045284,4200,deep
LAT37.3_LON-31.5,-0.35094769868718884,4200,deep
LAT37.3_LON-31.6,-0.3519506597797072,4200,deep
LAT37.3_LON-31.7,-0.3498084258173806,4200,deep
LAT37.3_LON-31.8,-0.35427892919406184,4200,deep
LAT37.3_LON-31.9,-0.350221595492736,4200,deep
LAT37.3_LON-32.1,-0.35155436381247634,4200,deep
LAT37.3_LON-32.2,-0.35397789005872504,4200,deep
LAT37.3_LON-32.6,-0.34672889430210924,4200,deep
LAT37.3_LON-32.7,-0.35519752532858023,4200,deep
LAT37.3_LON-32.8,-0.3511653140921912,4200,deep
LAT37.3_LON-32.9,-0.3548716576623378,4200,deep
LAT37.3_LON-33.0,-0.350539033028357,4200,deep
LAT37.3_LON-33.1,-0.35098402437871185,4200,deep
LAT37.3_LON-33.2,-0.3493714276066162,4200,deep
LAT37.3_LON-33.3,-0.3523011446089754,4200,deep
LAT37.3_LON-33.5,-0.3569278101801818,4200,deep
LAT37.3_LON-33.6,-0.35176244451271876,4200,deep
LAT37.3_LON-33.7,-0.35144650255964655,4200,deep
LAT37.3_LON-33.8,-0.3643199581366132,4200,deep
LAT37.3_LON-33.9,-0.35250235076344244,4200,deep
LAT37.3_LON-34.0,-0.3494527533467834,4200,deep
LAT37.3_LON-34.3,-0.3562874008332092,4200,deep
LAT37.3_LON-34.4,-0.3513289894673918,4200,deep
LAT37.3_LON-34.6,-0.35167271048672916,4200,deep
LAT37.3_LON-34.7,-0.35022141788806327,4200,deep
LAT37.3_LON-34.9,-0.35249562787849664,4200,deep
LAT37.3_LON-35.1,-0.35048103891474824,4200,deep
LAT37.3_LON-35.2,-0.3517048164067077,4200,deep
LAT37.3_LON-35.4,-0.3511239229012306,4200,deep
LAT37.3_LON-35.5,-0.35157504208238644,4200,deep
LAT37.3_LON-35.7,-0.3473010156055843,4200,deep
LAT37.3_LON-35.8,-0.352303956366535,4200,deep
LAT37.3_LON-36.0,-0.3518968979727126,4200,deep
LAT37.3_LON-36.1,-0.35243402691921255,4200,deep
LAT37.3_LON-36.2,-0.34661356791371295,4200,deep
LAT37.3_LON-36.3,-0.3513612067933221,4200,deep
LAT37.3_LON-36.5,-0.3547188999866879,4200,deep
LAT37.3_LON-36.6,-0.3527475926013999,4200,deep
LAT37.3_LON-36.8,-0.3525667535357746,4200,deep
LAT37.3_LON-36.9,-0.3562874008332092,4200,deep
LAT37.3_LON-37.1,-0.35017646715448253,4200,deep
LAT37.3_LON-37.2,-0.3527677589466195,4200,deep
LAT37.3_LON-37.3,-0.3549432453140006,4200,deep
LAT37.3_LON-37.4,-0.3555658676513405,4200,deep
LAT37.3_LON-37.5,-0.35553861818169114,4200,deep
LAT37.3_LON-37.6,-0.3512979060767168,4200,deep
LAT37.3_LON-37.7,-0.350362415618345,4200,deep
LAT37.3_LON-37.9,-0.34965566353819033,4200,deep
LAT37.3_LON-38.1,-0.35405200195197456,4200,deep
LAT37.3_LON-38.2,-0.35058268786125923,4200,deep
LAT37.3_LON-38.4,-0.3498110760702572,4200,deep
LAT37.3_LON-38.5,-0.3511842161695106,4200,deep
LAT37.3_LON-38.7,-0.3531189902281625,4200,deep
LAT37.3_LON-38.8,-0.35151189494447954,4200,deep
LAT37.3_LON-38.9,-0.3728734731336164,4200,deep
LAT37.3_LON-39.0,-0.3552279080650097,4200,deep
LAT37.3_LON-39.1,-0.3509866342334553,4200,deep
LAT37.3_LON-39.2,-0.3532628300020539,4200,deep
LAT37.3_LON-39.3,-0.35061174229041336,4200,deep
LAT37.3_LON-39.4,-0.35277354973528613,4200,deep
LAT37.3_LON-39.5,-0.35022007663556454,4200,deep
LAT37.3_LON-39.6,-0.35392958430902444,4200,deep
LAT37.3_LON-39.7,-0.35436422111179533,4200,deep
LAT37.3_LON-39.8,-0.3496166961194006,4200,deep
LAT37.3_LON-39.9,-0.3556411741061036,4200,deep
LAT37.3_LON-40.0,-0.35327281171761243,4200,deep
LAT37.4_LON-30.4,-0.3534517415169018,4200,deep
LAT37.4_LON-30.6,-0.35344418850624776,4200,deep
LAT37.4_LON-30.8,-0.34852501389197005,4200,deep
LAT37.4_LON-30.9,-0.36152722527596237,4200,deep
LAT37.4_LON-31.0,-0.34952633319841,4200,deep
LAT37.4_LON-31.1,-0.35580888050027065,4200,deep
LAT37.4_LON-31.2,-0.3531077339741361,4200,deep
LAT37.4_LON-31.3,-0.3536152465121249,4200,deep
LAT37.4_LON-31.4,-0.3527475926013999,4200,deep
LAT37.4_LON-31.5,-0.3510579118112618,4200,deep
LAT37.4_LON-31.7,-0.3529290593585547,4200,deep
LAT37.4_LON-31.8,-0.3493872728619416,4200,deep
LAT37.4_LON-31.9,-0.35180428810147485,4200,deep
LAT37.4_LON-32.0,-0.3508798341403549,4200,deep
LAT37.4_LON-32.1,-0.35179524092487474,4200,deep
LAT37.4_LON-32.2,-0.35038967617661365,4200,deep
LAT37.4_LON-32.3,-0.35011394131261436,4200,deep
LAT37.4_LON-32.4,-0.3517261615968179,4200,deep
LAT37.4_LON-32.5,-0.34704576949971067,4200,deep
LAT37.4_LON-32.7,-0.34956265675364606,4200,deep
LAT37.4_LON-32.9,-0.3515114956697621,4200,deep
LAT37.4_LON-33.0,-0.3491861775656033,4200,deep
LAT37.4_LON-33.1,-0.35025355288220283,4200,deep
LAT37.4_LON-33.2,-0.3517587451982001,4200,deep
LAT37.4_LON-33.3,-0.3510553095948753,4200,deep
LAT37.4_LON-33.4,-0.3536103948767881,4200,deep
LAT37.4_LON-33.6,-0.3538018936548939,4200,deep
LAT37.4_LON-33.9,-0.3506107996844801,4200,deep
LAT37.4_LON-34.0,-0.35242291197747694,4200,deep
LAT37.4_LON-34.2,-0.3491968248014645,4200,deep
LAT37.4_LON-34.3,-0.3514375658148257,4200,deep
LAT37.4_LON-34.4,-0.3504898141472411,4200,deep
LAT37.4_LON-34.5,-0.3504201009205712,4200,deep
LAT37.4_LON-34.6,-0.3573706214187065,4200,deep
LAT37.4_LON-34.7,-0.35276361646037524,4200,deep
LAT37.4_LON-34.8,-0.3521350227604425,4200,deep
LAT37.4_LON-35.0,-0.3473109814503329,4200,deep
LAT37.4_LON-35.2,-0.3473388562996305,4200,deep
LAT37.4_LON-35.3,-0.35283373450057076,4200,deep
LAT37.4_LON-35.6,-0.35388552883505786,4200,deep
LAT37.4_LON-35.7,-0.34957785046036244,4200,deep
LAT37.4_LON-35.8,-0.3513678055087194,4200,deep
LAT37.4_LON-35.9,-0.354649890092362,4200,deep
LAT37.4_LON-36.0,-0.3558626645858137,4200,deep
LAT37.4_LON-36.2,-0.3560611857083082,4200,deep
LAT37.4_LON-36.3,-0.34996713571334165,4200,deep
LAT37.4_LON-36.4,-0.34967001113683865,4200,deep
LAT37.4_LON-36.5,-0.34980464608289247,4200,deep
LAT37.4_LON-36.6,-0.34937136435834054,4200,deep
LAT37.4_LON-36.8,-0.3641892325710744,4200,deep
LAT37.4_LON-37.1,-0.3491559114923313,4200,deep
LAT37.4_LON-37.2,-0.3526587022892021,4200,deep
LAT37.4_LON-37.4,-0.35081859175383745,4200,deep
LAT37.4_LON-37.6,-0.36020127064453955,4200,deep
LAT37.4_LON-37.7,-0.34859538024099207,4200,deep
LAT37.4_LON-37.8,-0.355949169964734,4200,deep
LAT37.4_LON-37.9,-0.3518770791643746,4200,deep
LAT37.4_LON-38.0,-0.3559820280802634,4200,deep
LAT37.4_LON-38.2,-0.3490512953259211,4200,deep
LAT37.4_LON-38.3,-0.35487347731240254,4200,deep
LAT37.4_LON-38.4,-0.35161147989380304,4200,deep
LAT37.4_LON-38.5,-0.35243836113080934,4200,deep
LAT37.4_LON-38.7,-0.3541663381159674,4200,deep
LAT37.4_LON-38.8,-0.3531043209432736,4200,deep
LAT37.4_LON-39.0,-0.3484526625892984,4200,deep
LAT37.4_LON-39.1,-0.3534292437279008,4200,deep
LAT37.4_LON-39.2,-0.3526914130860936,4200,deep
LAT37.4_LON-39.3,-0.3519482562907739,4200,deep
LAT37.4_LON-39.5,-0.3508039524455924,4200,deep
LAT37.4_LON-39.6,-0.3525000319341718,4200,deep
LAT37.4_LON-39.7,-0.3567681565296538,4200,deep
LAT37.4_LON-39.8,-0.3499856691405854,4200,deep
LAT37.4_LON-39.9,-0.3644730278648785,4200,deep
LAT37.4_LON-40.0,-0.34770852970054994,4200,deep
LAT37.5_LON-30.2,-0.3473787493636099,4200,deep
LAT37.5_LON-30.5,-0.3491944198161852,4200,deep
LAT37.5_LON-30.6,-0.3511835745983987,4200,deep
LAT37.5_LON-30.7,-0.35168669879719267,4200,deep
LAT37.5_LON-30.8,-0.3522432846127404,4200,deep
LAT37.5_LON-30.9,-0.35490245448585045,4200,deep
LAT37.5_LON-31.0,-0.3515412596087286,4200,deep
LAT37.5_LON-31.2,-0.354008099676171,4200,deep
LAT37.5_LON-31.3,-0.35240281026330394,4200,deep
LAT37.5_LON-31.5,-0.3498930249716368,4200,deep
LAT37.5_LON-31.6,-0.3508990857451704,4200,deep
LAT37.5_LON-31.7,-0.35444477979800837,4200,deep
LAT37.5_LON-31.8,-0.3521533563490852,4200,deep
LAT37.5_LON-32.0,-0.35096338707574076,4200,deep
LAT37.5_LON-32.1,-0.35916237900169684,4200,deep
LAT37.5_LON-32.2,-0.3538018936548939,4200,deep
LAT37.5_LON-32.3,-0.3558626645858137,4200,deep
LAT37.5_LON-32.4,-0.3504408688549911,4200,deep
LAT37.5_LON-32.5,-0.34937136435834054,4200,deep
LAT37.5_LON-32.6,-0.35227682176171027,4200,deep
LAT37.5_LON-32.7,-0.34911729279083337,4200,deep
LAT37.5_LON-32.8,-0.35312338952726785,4200,deep
LAT37.5_LON-32.9,-0.35307427775629985,4200,deep
LAT37.5_LON-33.0,-0.3527589651597156,4200,deep
LAT37.5_LON-33.1,-0.3520163025691379,4200,deep
LAT37.5_LON-33.2,-0.35519866662709587,4200,deep
LAT37.5_LON-33.3,-0.34972428588164167,4200,deep
LAT37.5_LON-33.4,-0.3520108395218804,4200,deep
LAT37.5_LON-33.5,-0.3532835935311049,4200,deep
LAT37.5_LON-33.6,-0.34953867817594547,4200,deep
LAT37.5_LON-33.7,-0.34913255590518766,4200,deep
LAT37.5_LON-33.8,-0.3516476985335826,4200,deep
LAT37.5_LON-33.9,-0.34790822118133613,4200,deep
LAT37.5_LON-34.1,-0.3510029480613622,4200,deep
LAT37.5_LON-34.2,-0.35089713816790874,4200,deep
LAT37.5_LON-34.3,-0.3528081366244239,4200,deep
LAT37.5_LON-34.5,-0.34976635504748876,4200,deep
LAT37.5_LON-34.6,-0.35271921159841935,4200,deep
LAT37.5_LON-34.7,-0.355538760364002,4200,deep
LAT37.5_LON-35.1,-0.3628777979259301,4200,deep
LAT37.5_LON-35.4,-0.3474982568577859,4200,deep
LAT37.5_LON-35.5,-0.34879736899653474,4200,deep
LAT37.5_LON-35.6,-0.3531627970440698,4200,deep
LAT37.5_LON-35.7,-0.3514648997442872,4200,deep
LAT37.5_LON-35.8,-0.3512860363017027,4200,deep
LAT37.5_LON-35.9,-0.34708052057573985,4200,deep
LAT37.5_LON-36.0,-0.3616894276567931,4200,deep
LAT37.5_LON-36.1,-0.35252935695377086,4200,deep
LAT37.5_LON-36.2,-0.3542302819277904,4200,deep
LAT37.5_LON-36.3,-0.35136374265875964,4200,deep
LAT37.5_LON-36.4,-0.3592269931947551,4200,deep
LAT37.5_LON-36.6,-0.3534140317760717,4200,deep
LAT37.5_LON-36.8,-0.35306085204161974,4200,deep
LAT37.5_LON-36.9,-0.35156903104591375,4200,deep
LAT37.5_LON-37.0,-0.3513449579852167,4200,deep
LAT37.5_LON-37.1,-0.3482490343851885,4200,deep
LAT37.5_LON-37.2,-0.3504359691531943,4200,deep
LAT37.5_LON-37.4,-0.3541540106699893,4200,deep
LAT37.5_LON-37.5,-0.35199442769695394,4200,deep
LAT37.5_LON-37.6,-0.374432219681485,4200,deep
LAT37.5_LON-37.7,-0.3535725918565847,4200,deep
LAT37.5_LON-37.8,-0.3469159969107867,4200,deep
LAT37.5_LON-37.9,-0.3505665698233089,4200,deep
LAT37.5_LON-38.0,-0.35675251370432076,4200,deep
LAT37.5_LON-38.1,-0.3526915322091621,4200,deep
LAT37.5_LON-38.3,-0.3542610431060237,4200,deep
LAT37.5_LON-38.4,-0.350757053311798,4200,deep
LAT37.5_LON-38.5,-0.35071175649789177,4200,deep
LAT37.5_LON-38.6,-0.3626249230664958,4200,deep
LAT37.5_LON-38.7,-0.35490655564873247,4200,deep
LAT37.5_LON-38.8,-0.3521147561247426,4200,deep
LAT37.5_LON-38.9,-0.350221595492736,4200,deep
LAT37.5_LON-39.0,-0.35273777479751445,4200,deep
LAT37.5_LON-39.1,-0.3498821971008509,4200,deep
LAT37.5_LON-39.2,-0.34854730341423057,4200,deep
LAT37.5_LON-39.3,-0.3502921593078478,4200,deep
LAT37.5_LON-39.4,-0.3513049276490748,4200,deep
LAT37.5_LON-39.5,-0.3517409908232436,4200,deep
LAT37.5_LON-39.6,-0.3491968248014645,4200,deep
LAT37.5_LON-39.7,-0.3555604287385788,4200,deep
LAT37.5_LON-39.8,-0.34949114707810913,4200,deep
LAT37.5_LON-40.0,-0.3524091135384725,4200,deep
LAT37.6_LON-30.2,-0.3466703034850532,4200,deep
LAT37.6_LON-30.4,-0.3535271323366375,4200,deep
LAT37.6_LON-30.5,-0.3480951024767648,4200,deep
LAT37.6_LON-30.6,-0.35436974377617964,4200,deep
LAT37.6_LON-30.7,-0.3508058749162135,4200,deep
LAT37.6_LON-30.8,-0.3521350227604425,4200,deep
LAT37.6_LON-30.9,-0.3517048164067077,4200,deep
LAT37.6_LON-31.0,-0.3538344289700422,4200,deep
LAT37.6_LON-31.1,-0.3491756230290019,4200,deep
LAT37.6_LON-31.2,-0.3507286462447049,4200,deep
LAT37.6_LON-31.3,-0.3519184976422289,4200,deep
LAT37.6_LON-31.4,-0.35082648262221716,4200,deep
LAT37.6_LON-31.6,-0.35335299335212245,4200,deep
LAT37.6_LON-31.7,-0.3517204973891486,4200,deep
LAT37.6_LON-31.8,-0.3502737978248964,4200,deep
LAT37.6_LON-31.9,-0.35377912623250746,4200,deep
LAT37.6_LON-32.0,-0.3512979060767168,4200,deep
LAT37.6_LON-32.1,-0.34996713571334165,4200,deep
LAT37.6_LON-32.2,-0.3495011845660893,4200,deep
LAT37.6_LON-32.3,-0.352055123368406,4200,deep
LAT37.6_LON-32.4,-0.356478497349211,4200,deep
LAT37.6_LON-32.5,-0.3547894062985982,4200,deep
LAT37.6_LON-32.6,-0.3526587022892021,4200,deep
LAT37.6_LON-32.7,-0.36238941214559445,4200,deep
LAT37.6_LON-32.8,-0.35111184993837596,4200,deep
LAT37.6_LON-32.9,-0.3520235082799281,4200,deep
LAT37.6_LON-33.0,-0.34990764369480604,4200,deep
LAT37.6_LON-33.1,-0.35114601326009287,4200,deep
LAT37.6_LON-33.2,-0.3498930249716368,4200,deep
LAT37.6_LON-33.3,-0.34871931766794895,4200,deep
LAT37.6_LON-33.4,-0.3625502500380222,4200,deep
LAT37.6_LON-33.5,-0.35151677355297223,4200,deep
LAT37.6_LON-33.6,-0.34879537572275626,4200,deep
LAT37.6_LON-33.7,-0.35427056351106934,4200,deep
LAT37.6_LON-33.8,-0.3489700596684317,4200,deep
LAT37.6_LON-33.9,-0.35132532308196573,4200,deep
LAT37.6_LON-34.0,-0.35230684061566925,4200,deep
LAT37.6_LON-34.3,-0.35580391545597084,4200,deep
LAT37.6_LON-34.5,-0.34895420891422024,4200,deep
LAT37.6_LON-34.6,-0.3555681730163747,4200,deep
LAT37.6_LON-34.7,-0.34870275079713164,4200,deep
LAT37.6_LON-34.9,-0.35085600167757014,4200,deep
LAT37.6_LON-35.1,-0.3495125500713667,4200,deep
LAT37.6_LON-35.2,-0.35240281026330394,4200,deep
LAT37.6_LON-35.4,-0.35312361602204134,4200,deep
LAT37.6_LON-35.6,-0.3512009784975564,4200,deep
LAT37.6_LON-35.7,-0.3520828785410226,4200,deep
LAT37.6_LON-36.2,-0.3513216510858134,4200,deep
LAT37.6_LON-36.3,-0.3513444028177961,4200,deep
LAT37.6_LON-36.5,-0.3525187952052834,4200,deep
LAT37.6_LON-36.6,-0.3495163787231542,4200,deep
LAT37.6_LON-36.8,-0.3534959147068735,4200,deep
LAT37.6_LON-36.9,-0.34952796144302006,4200,deep
LAT37.6_LON-37.1,-0.35005731023218645,4200,deep
LAT37.6_LON-37.3,-0.35767489447173895,4200,deep
LAT37.6_LON-37.5,-0.35271355366265816,4200,deep
LAT37.6_LON-37.6,-0.35536870669806464,4200,deep
LAT37.6_LON-37.7,-0.35423760595255294,4200,deep
LAT37.6_LON-37.8,-0.352714085195183,4200,deep
LAT37.6_LON-38.0,-0.35839957688617213,4200,deep
LAT37.6_LON-38.1,-0.35062084727053827,4200,deep
LAT37.6_LON-38.2,-0.3530464926331235,4200,deep
LAT37.6_LON-38.3,-0.3502273239401978,4200,deep
LAT37.6_LON-38.4,-0.34992369329224343,4200,deep
LAT37.6_LON-38.5,-0.35350677251684537,4200,deep
LAT37.6_LON-38.6,-0.352136684783222,4200,deep
LAT37.6_LON-38.7,-0.3510139733471781,4200,deep
LAT37.6_LON-38.8,-0.3504133802027004,4200,deep
LAT37.6_LON-38.9,-0.34955189995351926,4200,deep
LAT37.6_LON-39.0,-0.34958178997885303,4200,deep
LAT37.6_LON-39.1,-0.35056358944399624,4200,deep
LAT37.6_LON-39.2,-0.35785997338145337,4200,deep
LAT37.6_LON-39.3,-0.35052105841312403,4200,deep
LAT37.6_LON-39.4,-0.3516789656804829,4200,deep
LAT37.6_LON-39.5,-0.35093435686898267,4200,deep
LAT37.6_LON-39.7,-0.3511490137592358,4200,deep
LAT37.6_LON-39.8,-0.3541197101819646,4200,deep
LAT37.6_LON-39.9,-0.3512952089346098,4200,deep
LAT37.7_LON-30.2,-0.3504766637568242,4200,deep
LAT37.7_LON-30.3,-0.3504713410635213,4200,deep
LAT37.7_LON-30.4,-0.3507397505886453,4200,deep
LAT37.7_LON-30.5,-0.35248687207716445,4200,deep
LAT37.7_LON-30.6,-0.3516783811028625,4200,deep
LAT37.7_LON-30.7,-0.3495407800429947,4200,deep
LAT37.7_LON-30.8,-0.35360281101218216,4200,deep
LAT37.7_LON-31.0,-0.3529032791450788,4200,deep
LAT37.7_LON-31.1,-0.35312952946349185,4200,deep
LAT37.7_LON-31.2,-0.3514783781523659,4200,deep
LAT37.7_LON-31.7,-0.35012250898010755,4200,deep
LAT37.7_LON-31.8,-0.35050580330081715,4200,deep
LAT37.7_LON-31.9,-0.35302234981103825,4200,deep
LAT37.7_LON-32.1,-0.3505009518233934,4200,deep
LAT37.7_LON-32.2,-0.3501419698525252,4200,deep
LAT37.7_LON-32.3,-0.3516081161019526,4200,deep
LAT37.7_LON-32.4,-0.3501042248156196,4200,deep
LAT37.7_LON-32.5,-0.35024688134925486,4200,deep
LAT37.7_LON-32.6,-0.35211843691782785,4200,deep
LAT37.7_LON-32.7,-0.3517852187002038,4200,deep
LAT37.7_LON-32.8,-0.34965566353819033,4200,deep
LAT37.7_LON-32.9,-0.35492305754779524,4200,deep
LAT37.7_LON-33.0,-0.3489848587711271,4200,deep
LAT37.7_LON-33.1,-0.35362069755574416,4200,deep
LAT37.7_LON-33.2,-0.35939894269105727,4200,deep
LAT37.7_LON-33.3,-0.3533748774429995,4200,deep
LAT37.7_LON-33.4,-0.35328984405681396,4200,deep
LAT37.7_LON-33.6,-0.3516809123348498,4200,deep
LAT37.7_LON-33.7,-0.34987612216955677,4200,deep
LAT37.7_LON-33.8,-0.3520009095286092,4200,deep
LAT37.7_LON-33.9,-0.35851685452113063,4200,deep
LAT37.7_LON-34.0,-0.3547188999866879,4200,deep
LAT37.7_LON-34.2,-0.3491118504393943,4200,deep
LAT37.7_LON-34.3,-0.3518246630450512,4200,deep
LAT37.7_LON-34.4,-0.35575095092585207,4200,deep
LAT37.7_LON-34.5,-0.35538594732019385,4200,deep
LAT37.7_LON-34.8,-0.3527541014279133,4200,deep
LAT37.7_LON-34.9,-0.3513134470176107,4200,deep
LAT37.7_LON-35.1,-0.3514262600840737,4200,deep
LAT37.7_LON-35.2,-0.3522600608436408,4200,deep
LAT37.7_LON-35.4,-0.352178376950633,4200,deep
LAT37.7_LON-35.6,-0.35022667671131674,4200,deep
LAT37.7_LON-35.9,-0.35311374486649144,4200,deep
LAT37.7_LON-36.2,-0.3528309939386553,4200,deep
LAT37.7_LON-36.4,-0.35125371433660946,4200,deep
LAT37.7_LON-36.5,-0.3526121094180054,4200,deep
LAT37.7_LON-36.6,-0.3527541014279133,4200,deep
LAT37.7_LON-36.7,-0.3615466238011684,4200,deep
LAT37.7_LON-36.8,-0.3596139901814036,4200,deep
LAT37.7_LON-36.9,-0.37125023993039785,4200,deep
LAT37.7_LON-37.0,-0.35244442893448835,4200,deep
LAT37.7_LON-37.1,-0.3512979060767168,4200,deep
LAT37.7_LON-37.3,-0.3514765370435846,4200,deep
LAT37.7_LON-37.4,-0.35021853295434324,4200,deep
LAT37.7_LON-37.5,-0.3478193961236436,4200,deep
LAT37.7_LON-37.6,-0.3498162854851632,4200,deep
LAT37.7_LON-37.9,-0.3487418435876749,4200,deep
LAT37.7_LON-38.0,-0.3530163425860471,4200,deep
LAT37.7_LON-38.1,-0.3528340294855017,4200,deep
LAT37.7_LON-38.2,-0.35169194421624156,4200,deep
LAT37.7_LON-38.3,-0.354492263540044,4200,deep
LAT37.7_LON-38.4,-0.3712294984990507,4200,deep
LAT37.7_LON-38.5,-0.35067994476514236,4200,deep
LAT37.7_LON-38.6,-0.3521067194022476,4200,deep
LAT37.7_LON-38.7,-0.3594441725921773,4200,deep
LAT37.7_LON-38.8,-0.35311765931824596,4200,deep
LAT37.7_LON-38.9,-0.3474982568577859,4200,deep
LAT37.7_LON-39.1,-0.3507952065464366,4200,deep
LAT37.7_LON-39.2,-0.34969368882457735,4200,deep
LAT37.7_LON-39.3,-0.35283373450057076,4200,deep
LAT37.7_LON-39.5,-0.34728953963155085,4200,deep
LAT37.7_LON-39.6,-0.3520178563499623,4200,deep
LAT37.7_LON-39.7,-0.3533632852234576,4200,deep
LAT37.7_LON-39.8,-0.34954905165221417,4200,deep
LAT37.7_LON-39.9,-0.3502987046438196,4200,deep
LAT37.7_LON-40.0,-0.3502020230060017,4200,deep
LAT37.8_LON-30.1,-0.3494156432835961,4200,deep
LAT37.8_LON-30.3,-0.3520163025691379,4200,deep
LAT37.8_LON-30.6,-0.350362415618345,4200,deep
LAT37.8_LON-30.9,-0.3526581763504495,4200,deep
LAT37.8_LON-31.1,-0.35000001868532343,4200,deep
LAT37.8_LON-31.2,-0.35377305315855856,4200,deep
LAT37.8_LON-31.3,-0.374401575689603,4200,deep
LAT37.8_LON-31.5,-0.34958978731226464,4200,deep
LAT37.8_LON-32.0,-0.35230493329704116,4200,deep
LAT37.8_LON-32.2,-0.35001707930233544,4200,deep
LAT37.8_LON-32.3,-0.3608722284846919,4200,deep
LAT37.8_LON-32.5,-0.3516890852330907,4200,deep
LAT37.8_LON-32.6,-0.3510553095948753,4200,deep
LAT37.8_LON-32.7,-0.3524184780372651,4200,deep
LAT37.8_LON-32.8,-0.3521876232650675,4200,deep
LAT37.8_LON-32.9,-0.3498445129128724,4200,deep
LAT37.8_LON-33.0,-0.3588518608593654,4200,deep
LAT37.8_LON-33.1,-0.35495628211837305,4200,deep
LAT37.8_LON-33.2,-0.34729435855144697,4200,deep
LAT37.8_LON-33.3,-0.35209645492849573,4200,deep
LAT37.8_LON-33.4,-0.35272198167764884,4200,deep
LAT37.8_LON-33.5,-0.35175529544422196,4200,deep
LAT37.8_LON-33.6,-0.350783776362667,4200,deep
LAT37.8_LON-33.7,-0.35092275939580736,4200,deep
LAT37.8_LON-33.8,-0.34972723916004755,4200,deep
LAT37.8_LON-33.9,-0.3491756230290019,4200,deep
LAT37.8_LON-34.0,-0.3527843513496195,4200,deep
LAT37.8_LON-34.2,-0.34842694795887896,4200,deep
LAT37.8_LON-34.3,-0.36067034452972335,4200,deep
LAT37.8_LON-34.4,-0.34714787512605066,4200,deep
LAT37.8_LON-34.5,-0.3519075839693729,4200,deep
LAT37.8_LON-34.7,-0.3567320983423521,4200,deep
LAT37.8_LON-34.8,-0.3505100545288297,4200,deep
LAT37.8_LON-34.9,-0.3517877081284634,4200,deep
LAT37.8_LON-35.0,-0.34991526934102907,4200,deep
LAT37.8_LON-35.2,-0.3526655835136264,4200,deep
LAT37.8_LON-35.4,-0.34769091799958945,4200,deep
LAT37.8_LON-35.6,-0.3531493382869961,4200,deep
LAT37.8_LON-35.7,-0.3549699719780642,4200,deep
LAT37.8_LON-35.8,-0.3492202051463086,4200,deep
LAT37.8_LON-35.9,-0.35080078037682727,4200,deep
LAT37.8_LON-36.0,-0.3520828785410226,4200,deep
LAT37.8_LON-36.1,-0.3566586207709755,4200,deep
LAT37.8_LON-36.2,-0.35519866662709587,4200,deep
LAT37.8_LON-36.4,-0.3511043123840006,4200,deep
LAT37.8_LON-36.5,-0.350221595492736,4200,deep
LAT37.8_LON-36.6,-0.34999978878923227,4200,deep
LAT37.8_LON-36.7,-0.3506021710137891,4200,deep
LAT37.8_LON-36.8,-0.35428399755235834,4200,deep
LAT37.8_LON-36.9,-0.350285801540197,4200,deep
LAT37.8_LON-37.1,-0.35294457891834063,4200,deep
LAT37.8_LON-37.2,-0.35240492342747287,4200,deep
LAT37.8_LON-37.3,-0.35140177525493,4200,deep
LAT37.8_LON-37.4,-0.35098613453673755,4200,deep
LAT37.8_LON-37.5,-0.3523010721174007,4200,deep
LAT37.8_LON-37.6,-0.35102813629497487,4200,deep
LAT37.8_LON-37.7,-0.3517911476732769,4200,deep
LAT37.8_LON-37.9,-0.35097698655752063,4200,deep
LAT37.8_LON-38.0,-0.35182087428568287,4200,deep
LAT37.8_LON-38.1,-0.34929846820588595,4200,deep
LAT37.8_LON-38.2,-0.3500758484133464,4200,deep
LAT37.8_LON-38.3,-0.3490239976055113,4200,deep
LAT37.8_LON-38.4,-0.3519806453024441,4200,deep
LAT37.8_LON-38.5,-0.3486974915035594,4200,deep
LAT37.8_LON-38.6,-0.35327052894184785,4200,deep
LAT37.8_LON-38.7,-0.3549699719780642,4200,deep
LAT37.8_LON-38.8,-0.3521574632778173,4200,deep
LAT37.8_LON-38.9,-0.3518927066757528,4200,deep
LAT37.8_LON-39.1,-0.350362415618345,4200,deep
LAT37.8_LON-39.2,-0.3498364365477733,4200,deep
LAT37.8_LON-39.3,-0.34987166540919024,4200,deep
LAT37.8_LON-39.6,-0.34900068267888795,4200,deep
LAT37.8_LON-39.7,-0.34691108804926557,4200,deep
LAT37.8_LON-39.9,-0.34979771533442383,4200,deep
LAT37.8_LON-40.0,-0.3542302819277904,4200,deep
LAT37.9_LON-30.7,-0.3530124923910116,4200,deep
LAT37.9_LON-31.0,-0.3484673551546139,4200,deep
LAT37.9_LON-31.1,-0.3504964483846868,4200,deep
LAT37.9_LON-31.2,-0.3520534130960292,4200,deep
LAT37.9_LON-31.5,-0.3519075839693729,4200,deep
LAT37.9_LON-31.7,-0.3478245980776521,4200,deep
LAT37.9_LON-32.0,-0.3491756230290019,4200,deep
LAT37.9_LON-32.1,-0.3560611857083082,4200,deep
LAT37.9_LON-32.2,-0.36303415246782594,4200,deep
LAT37.9_LON-32.4,-0.3527475926013999,4200,deep
LAT37.9_LON-32.5,-0.35087403621221247,4200,deep
LAT37.9_LON-32.7,-0.35270314744530096,4200,deep
LAT37.9_LON-32.8,-0.3501154663119386,4200,deep
LAT37.9_LON-33.0,-0.3479381773445458,4200,deep
LAT37.9_LON-33.1,-0.35242291197747694,4200,deep
LAT37.9_LON-33.2,-0.350374733682201,4200,deep
LAT37.9_LON-33.3,-0.3494228170829203,4200,deep
LAT37.9_LON-33.4,-0.352368686582754,4200,deep
LAT37.9_LON-33.6,-0.34771821710116585,4200,deep
LAT37.9_LON-33.7,-0.35267115560646367,4200,deep
LAT37.9_LON-33.8,-0.34927851029994966,4200,deep
LAT37.9_LON-33.9,-0.35020505079193076,4200,deep
LAT37.9_LON-34.0,-0.3540576256686715,4200,deep
LAT37.9_LON-34.1,-0.3552967628547012,4200,deep
LAT37.9_LON-34.2,-0.34953867817594547,4200,deep
LAT37.9_LON-34.3,-0.3508838490486825,4200,deep
LAT37.9_LON-34.4,-0.34994254335445885,4200,deep
LAT37.9_LON-34.5,-0.3730237919254692,4200,deep
LAT37.9_LON-34.6,-0.3530814532814154,4200,deep
LAT37.9_LON-34.7,-0.3474982568577859,4200,deep
LAT37.9_LON-34.8,-0.35075715141892116,4200,deep
LAT37.9_LON-34.9,-0.353596000930503,4200,deep
LAT37.9_LON-35.1,-0.3519437381108869,4200,deep
LAT37.9_LON-35.2,-0.3516081161019526,4200,deep
LAT37.9_LON-35.3,-0.3730237919254692,4200,deep
LAT37.9_LON-35.8,-0.35249884283589145,4200,deep
LAT37.9_LON-36.0,-0.3510441168116725,4200,deep
LAT37.9_LON-36.1,-0.34937136435834054,4200,deep
LAT37.9_LON-36.2,-0.3511653140921912,4200,deep
LAT37.9_LON-36.3,-0.3491118504393943,4200,deep
LAT37.9_LON-36.5,-0.3495125500713667,4200,deep
LAT37.9_LON-36.6,-0.3535132920808205,4200,deep
LAT37.9_LON-36.7,-0.35074927136550227,4200,deep
LAT37.9_LON-36.8,-0.34942645910856884,4200,deep
LAT37.9_LON-36.9,-0.35043801390913715,4200,deep
LAT37.9_LON-37.1,-0.34920586566160083,4200,deep
LAT37.9_LON-37.2,-0.3545538547341882,4200,deep
LAT37.9_LON-37.4,-0.3462955204155246,4200,deep
LAT37.9_LON-37.5,-0.35133011275309356,4200,deep
LAT37.9_LON-37.6,-0.351085701265851,4200,deep
LAT37.9_LON-37.7,-0.35019005538838827,4200,deep
LAT37.9_LON-37.8,-0.3507774004372255,4200,deep
LAT37.9_LON-37.9,-0.3606044048387331,4200,deep
LAT37.9_LON-38.0,-0.3548360163172086,4200,deep
LAT37.9_LON-38.1,-0.3470572162420081,4200,deep
LAT37.9_LON-38.2,-0.35516536940731963,4200,deep
LAT37.9_LON-38.3,-0.34770641558586607,4200,deep
LAT37.9_LON-38.4,-0.35060528560400805,4200,deep
LAT37.9_LON-38.5,-0.34939488226714016,4200,deep
LAT37.9_LON-38.6,-0.3527691713632909,4200,deep
LAT37.9_LON-38.7,-0.3515643713315439,4200,deep
LAT37.9_LON-38.8,-0.34956865914526497,4200,deep
LAT37.9_LON-38.9,-0.3520451725202236,4200,deep
LAT37.9_LON-39.0,-0.35088729300441024,4200,deep
LAT37.9_LON-39.1,-0.3523521341075821,4200,deep
LAT37.9_LON-39.2,-0.34768498418634375,4200,deep
LAT37.9_LON-39.3,-0.3589731444231373,4200,deep
LAT37.9_LON-39.4,-0.3558977108535877,4200,deep
LAT37.9_LON-39.5,-0.35284245998303176,4200,deep
LAT37.9_LON-39.7,-0.35130246636429074,4200,deep
LAT37.9_LON-39.9,-0.35131199481292286,4200,deep
LAT37.9_LON-40.0,-0.35207916232670255,4200,deep
LAT38.0_LON-30.2,-0.3479381773445458,4200,deep
LAT38.0_LON-31.0,-0.35358807676533355,4200,deep
LAT38.0_LON-31.2,-0.354569592084801,4200,deep
LAT38.0_LON-31.5,-0.35137262154452736,4200,deep
LAT38.0_LON-31.6,-0.348220983634474,4200,deep
LAT38.0_LON-31.7,-0.34937136435834054,4200,deep
LAT38.0_LON-31.8,-0.3528596873519896,4200,deep
LAT38.0_LON-31.9,-0.35519752532858023,4200,deep
LAT38.0_LON-32.0,-0.3478873505620832,4200,deep
LAT38.0_LON-32.2,-0.34929707825513073,4200,deep
LAT38.0_LON-32.8,-0.3520487491060095,4200,deep
LAT38.0_LON-33.0,-0.35256106419777633,4200,deep
LAT38.0_LON-33.3,-0.3479258036211845,4200,deep
LAT38.0_LON-33.4,-0.35257096479109395,4200,deep
LAT38.0_LON-33.5,-0.35352402135214367,4200,deep
LAT38.0_LON-33.6,-0.3571823492333745,4200,deep
LAT38.0_LON-33.7,-0.3530483054274387,4200,deep
LAT38.0_LON-33.9,-0.3562874008332092,4200,deep
LAT38.0_LON-34.0,-0.3517931627866512,4200,deep
LAT38.0_LON-34.1,-0.35173403882134696,4200,deep
LAT38.0_LON-34.2,-0.35016599567917833,4200,deep
LAT38.0_LON-34.4,-0.3521283277787924,4200,deep
LAT38.0_LON-34.5,-0.34887706975387967,4200,deep
LAT38.0_LON-34.6,-0.35326561265957446,4200,deep
LAT38.0_LON-34.7,-0.35453480716269153,4200,deep
LAT38.0_LON-34.8,-0.34910640846190266,4200,deep
LAT38.0_LON-34.9,-0.3558626645858137,4200,deep
LAT38.0_LON-35.0,-0.3517226018932665,4200,deep
LAT38.0_LON-35.3,-0.35019005538838827,4200,deep
LAT38.0_LON-35.4,-0.3559051064650171,4200,deep
LAT38.0_LON-35.5,-0.3492999486885705,4200,deep
LAT38.0_LON-35.6,-0.3506671591562663,4200,deep
LAT38.0_LON-35.7,-0.3559678738691638,4200,deep
LAT38.0_LON-35.8,-0.34841732523810187,4200,deep
LAT38.0_LON-36.1,-0.35170747318223244,4200,deep
LAT38.0_LON-36.2,-0.3509866342334553,4200,deep
LAT38.0_LON-36.3,-0.3539787957267685,4200,deep
LAT38.0_LON-36.4,-0.3517048164067077,4200,deep
LAT38.0_LON-36.5,-0.3523467214346879,4200,deep
LAT38.0_LON-36.7,-0.3513641082936553,4200,deep
LAT38.0_LON-36.9,-0.34770852970054994,4200,deep
LAT38.0_LON-37.0,-0.3592269931947551,4200,deep
LAT38.0_LON-37.1,-0.35360330564297515,4200,deep
LAT38.0_LON-37.4,-0.3529973693082302,4200,deep
LAT38.0_LON-37.5,-0.3504359691531943,4200,deep
LAT38.0_LON-37.6,-0.3539433051771059,4200,deep
LAT38.0_LON-37.7,-0.3559678738691638,4200,deep
LAT38.0_LON-37.8,-0.3512979060767168,4200,deep
LAT38.0_LON-37.9,-0.3521041920250887,4200,deep
LAT38.0_LON-38.0,-0.35170747318223244,4200,deep
LAT38.0_LON-38.1,-0.3491756230290019,4200,deep
LAT38.0_LON-38.2,-0.3502508104600131,4200,deep
LAT38.0_LON-38.3,-0.35151793255062724,4200,deep
LAT38.0_LON-38.4,-0.3566461061332433,4200,deep
LAT38.0_LON-38.5,-0.3519294113150849,4200,deep
LAT38.0_LON-38.7,-0.34967806948699515,4200,deep
LAT38.0_LON-38.8,-0.3511310658468681,4200,deep
LAT38.0_LON-38.9,-0.351252188197386,4200,deep
LAT38.0_LON-39.0,-0.35254166447864854,4200,deep
LAT38.0_LON-39.2,-0.35182831141630894,4200,deep
LAT38.0_LON-39.3,-0.34755828821225393,4200,deep
LAT38.0_LON-39.4,-0.35020695679192243,4200,deep
LAT38.0_LON-39.5,-0.34972110779215754,4200,deep
LAT38.0_LON-39.7,-0.35279474850221404,4200,deep
LAT38.0_LON-39.8,-0.35208275249695214,4200,deep
LAT38.0_LON-39.9,-0.3523556083492313,4200,deep
LAT38.0_LON-40.0,-0.34965566353819033,4200,deep
LAT38.1_LON-31.4,-0.35266553773738474,4200,deep
LAT38.1_LON-31.6,-0.3491756230290019,4200,deep
LAT38.1_LON-32.1,-0.3478873505620832,4200,deep
LAT38.1_LON-32.3,-0.354106226793109,4200,deep
LAT38.1_LON-32.4,-0.34965566353819033,4200,deep
LAT38.1_LON-32.6,-0.3510892476185185,4200,deep
LAT38.1_LON-32.7,-0.3515322279351589,4200,deep
LAT38.1_LON-33.0,-0.35440852679679163,4200,deep
LAT38.1_LON-33.1,-0.34739888775216765,4200,deep
LAT38.1_LON-33.2,-0.3496692500358411,4200,deep
LAT38.1_LON-33.3,-0.3467170009063495,4200,deep
LAT38.1_LON-33.4,-0.35128352527480805,4200,deep
LAT38.1_LON-33.5,-0.35238125475644444,4200,deep
LAT38.1_LON-33.6,-0.3517048164067077,4200,deep
LAT38.1_LON-33.7,-0.34967001113683865,4200,deep
LAT38.1_LON-33.9,-0.34633373696378744,4200,deep
LAT38.1_LON-34.0,-0.35370081145582605,4200,deep
LAT38.1_LON-34.1,-0.34899296063577556,4200,deep
LAT38.1_LON-34.2,-0.3555604287385788,4200,deep
LAT38.1_LON-34.3,-0.3552279080650097,4200,deep
LAT38.1_LON-34.4,-0.3511789973791549,4200,deep
LAT38.1_LON-34.5,-0.3501832612714354,4200,deep
LAT38.1_LON-34.6,-0.35719732702842477,4200,deep
LAT38.1_LON-34.7,-0.34937136435834054,4200,deep
LAT38.1_LON-34.8,-0.3533989596740543,4200,deep
LAT38.1_LON-34.9,-0.3527541014279133,4200,deep
LAT38.1_LON-35.1,-0.352686987433529,4200,deep
LAT38.1_LON-35.2,-0.3509551402479396,4200,deep
LAT38.1_LON-35.3,-0.3638482121593173,4200,deep
LAT38.1_LON-35.4,-0.3533867171555721,4200,deep
LAT38.1_LON-35.7,-0.35126544211266286,4200,deep
LAT38.1_LON-35.8,-0.35121775369590014,4200,deep
LAT38.1_LON-35.9,-0.3516860227910444,4200,deep
LAT38.1_LON-36.0,-0.355949169964734,4200,deep
LAT38.1_LON-36.1,-0.356611536901567,4200,deep
LAT38.1_LON-36.3,-0.3507250031129578,4200,deep
LAT38.1_LON-36.4,-0.35268496284854467,4200,deep
LAT38.1_LON-36.5,-0.34821561640472953,4200,deep
LAT38.1_LON-36.6,-0.3549699719780642,4200,deep
LAT38.1_LON-36.7,-0.34996713571334165,4200,deep
LAT38.1_LON-36.8,-0.3496421045743101,4200,deep
LAT38.1_LON-36.9,-0.3522321562977482,4200,deep
LAT38.1_LON-37.1,-0.35392743290208856,4200,deep
LAT38.1_LON-37.2,-0.35311340146103537,4200,deep
LAT38.1_LON-37.5,-0.35301884947699697,4200,deep
LAT38.1_LON-37.6,-0.3503375668597395,4200,deep
LAT38.1_LON-37.7,-0.3730237919254692,4200,deep
LAT38.1_LON-37.8,-0.3498342722359552,4200,deep
LAT38.1_LON-37.9,-0.3514937335280931,4200,deep
LAT38.1_LON-38.0,-0.3589658683980348,4200,deep
LAT38.1_LON-38.1,-0.35067513112319304,4200,deep
LAT38.1_LON-38.2,-0.35325051330439816,4200,deep
LAT38.1_LON-38.3,-0.35064553186430253,4200,deep
LAT38.1_LON-38.4,-0.3482124868676617,4200,deep
LAT38.1_LON-38.6,-0.35019005538838827,4200,deep
LAT38.1_LON-38.7,-0.3501337682774058,4200,deep
LAT38.1_LON-39.0,-0.35261810504220586,4200,deep
LAT38.1_LON-39.1,-0.351712629308147,4200,deep
LAT38.1_LON-39.2,-0.3534558668122128,4200,deep
LAT38.1_LON-39.3,-0.3603121899037295,4200,deep
LAT38.1_LON-39.4,-0.35383356912079067,4200,deep
LAT38.1_LON-39.5,-0.3473109814503329,4200,deep
LAT38.1_LON-39.6,-0.3520163025691379,4200,deep
LAT38.1_LON-39.7,-0.3507253440641697,4200,deep
LAT38.1_LON-39.8,-0.34961342708977056,4200,deep
LAT38.1_LON-39.9,-0.3516335900773148,4200,deep
LAT38.2_LON-30.3,-0.35295753076375513,4200,deep
LAT38.2_LON-30.4,-0.35397789005872504,4200,deep
LAT38.2_LON-30.5,-0.3478873505620832,4200,deep
LAT38.2_LON-30.7,-0.3502601890587882,4200,deep
LAT38.2_LON-30.8,-0.3496772951881358,4200,deep
LAT38.2_LON-31.7,-0.350221595492736,4200,deep
LAT38.2_LON-32.1,-0.35053636677846334,4200,deep
LAT38.2_LON-32.2,-0.3552465233043607,4200,deep
LAT38.2_LON-32.6,-0.3526587022892021,4200,deep
LAT38.2_LON-32.7,-0.3478193961236436,4200,deep
LAT38.2_LON-32.8,-0.34965566353819033,4200,deep
LAT38.2_LON-33.0,-0.35509142694373774,4200,deep
LAT38.2_LON-33.2,-0.3525623455547746,4200,deep
LAT38.2_LON-33.3,-0.35003065862645555,4200,deep
LAT38.2_LON-33.4,-0.3475603579738928,4200,deep
LAT38.2_LON-33.5,-0.35289214265054214,4200,deep
LAT38.2_LON-33.6,-0.34667056611701536,4200,deep
LAT38.2_LON-33.8,-0.35021333697660795,4200,deep
LAT38.2_LON-33.9,-0.3514387372406608,4200,deep
LAT38.2_LON-34.0,-0.34789690427564846,4200,deep
LAT38.2_LON-34.1,-0.3491968248014645,4200,deep
LAT38.2_LON-34.2,-0.3520753996778895,4200,deep
LAT38.2_LON-34.3,-0.3481173982734871,4200,deep
LAT38.2_LON-34.5,-0.3504200085487015,4200,deep
LAT38.2_LON-34.7,-0.3517048164067077,4200,deep
LAT38.2_LON-34.8,-0.354569592084801,4200,deep
LAT38.2_LON-34.9,-0.3531043209432736,4200,deep
LAT38.2_LON-35.0,-0.3521350227604425,4200,deep
LAT38.2_LON-35.1,-0.3479381773445458,4200,deep
LAT38.2_LON-35.2,-0.35019005538838827,4200,deep
LAT38.2_LON-35.3,-0.3550115592487129,4200,deep
LAT38.2_LON-35.4,-0.3531149359231499,4200,deep
LAT38.2_LON-35.5,-0.35291074966663594,4200,deep
LAT38.2_LON-35.6,-0.34768227915850497,4200,deep
LAT38.2_LON-35.7,-0.3558695269822345,4200,deep
LAT38.2_LON-35.9,-0.3536290621337909,4200,deep
LAT38.2_LON-36.0,-0.3478873505620832,4200,deep
LAT38.2_LON-36.1,-0.35183830592286613,4200,deep
LAT38.2_LON-36.2,-0.3482054269206958,4200,deep
LAT38.2_LON-36.3,-0.34894283943825993,4200,deep
LAT38.2_LON-36.5,-0.35131544352171484,4200,deep
LAT38.2_LON-36.6,-0.3512296411939862,4200,deep
LAT38.2_LON-36.7,-0.3479381773445458,4200,deep
LAT38.2_LON-36.8,-0.3480040528502067,4200,deep
LAT38.2_LON-36.9,-0.3536588985466824,4200,deep
LAT38.2_LON-37.0,-0.34875669658492525,4200,deep
LAT38.2_LON-37.1,-0.3474695163947438,4200,deep
LAT38.2_LON-37.2,-0.34994396818961415,4200,deep
LAT38.2_LON-37.3,-0.3552153922284335,4200,deep
LAT38.2_LON-37.4,-0.3509866342334553,4200,deep
LAT38.2_LON-37.5,-0.3538018936548939,4200,deep
LAT38.2_LON-37.7,-0.352621025832549,4200,deep
LAT38.2_LON-37.8,-0.35213320669371984,4200,deep
LAT38.2_LON-37.9,-0.3513975098562435,4200,deep
LAT38.2_LON-38.1,-0.3528596873519896,4200,deep
LAT38.2_LON-38.2,-0.3491118504393943,4200,deep
LAT38.2_LON-38.3,-0.3528333651224062,4200,deep
LAT38.2_LON-38.4,-0.35231847631142266,4200,deep
LAT38.2_LON-38.5,-0.35187270131083587,4200,deep
LAT38.2_LON-38.6,-0.3547188999866879,4200,deep
LAT38.2_LON-38.7,-0.35056734718371074,4200,deep
LAT38.2_LON-38.9,-0.3494399538362637,4200,deep
LAT38.2_LON-39.0,-0.34863118348227723,4200,deep
LAT38.2_LON-39.1,-0.3513013803472603,4200,deep
LAT38.2_LON-39.3,-0.3516997327464205,4200,deep
LAT38.2_LON-39.4,-0.3493544553701655,4200,deep
LAT38.2_LON-39.5,-0.3520312575405504,4200,deep
LAT38.2_LON-39.6,-0.3524867596292465,4200,deep
LAT38.2_LON-39.7,-0.3479826451376198,4200,deep
LAT38.2_LON-39.9,-0.3511211898026368,4200,deep
LAT38.2_LON-40.0,-0.3509866342334553,4200,deep
LAT38.3_LON-30.1,-0.3622751115114321,4200,deep
LAT38.3_LON-30.6,-0.354056700342581,4200,deep
LAT38.3_LON-30.7,-0.3516440829344054,4200,deep
LAT38.3_LON-30.8,-0.3491138842898338,4200,deep
LAT38.3_LON-31.3,-0.3489848587711271,4200,deep
LAT38.3_LON-31.4,-0.35247452411941604,4200,deep
LAT38.3_LON-31.8,-0.3503785282375209,4200,deep
LAT38.3_LON-31.9,-0.353951722338724,4200,deep
LAT38.3_LON-32.0,-0.3500483765178359,4200,deep
LAT38.3_LON-32.2,-0.3475006089440464,4200,deep
LAT38.3_LON-32.5,-0.3510029480613622,4200,deep
LAT38.3_LON-32.8,-0.3531479441751003,4200,deep
LAT38.3_LON-33.0,-0.3498649543902352,4200,deep
LAT38.3_LON-33.3,-0.3504964483846868,4200,deep
LAT38.3_LON-33.4,-0.354569592084801,4200,deep
LAT38.3_LON-33.5,-0.35208275249695214,4200,deep
LAT38.3_LON-33.6,-0.35162204337151015,4200,deep
LAT38.3_LON-33.8,-0.34786880674427867,4200,deep
LAT38.3_LON-33.9,-0.3497930576632071,4200,deep
LAT38.3_LON-34.0,-0.3519075839693729,4200,deep
LAT38.3_LON-34.1,-0.352474179009449,4200,deep
LAT38.3_LON-34.2,-0.35093435686898267,4200,deep
LAT38.3_LON-34.4,-0.354569592084801,4200,deep
LAT38.3_LON-34.7,-0.3511490137592358,4200,deep
LAT38.3_LON-34.9,-0.35240492342747287,4200,deep
LAT38.3_LON-35.1,-0.35490245448585045,4200,deep
LAT38.3_LON-35.2,-0.3517048164067077,4200,deep
LAT38.3_LON-35.3,-0.3555658676513405,4200,deep
LAT38.3_LON-35.4,-0.35134196997396855,4200,deep
LAT38.3_LON-35.5,-0.35032092125996894,4200,deep
LAT38.3_LON-35.6,-0.35312823540993743,4200,deep
LAT38.3_LON-35.7,-0.34996713571334165,4200,deep
LAT38.3_LON-35.8,-0.35167230515322084,4200,deep
LAT38.3_LON-36.1,-0.3485795558389409,4200,deep
LAT38.3_LON-36.2,-0.3528340294855017,4200,deep
LAT38.3_LON-36.3,-0.3521623852344512,4200,deep
LAT38.3_LON-36.4,-0.3511490137592358,4200,deep
LAT38.3_LON-36.5,-0.35738143667305905,4200,deep
LAT38.3_LON-36.6,-0.3561258314695816,4200,deep
LAT38.3_LON-36.7,-0.36292272264434733,4200,deep
LAT38.3_LON-36.8,-0.34834323943974005,4200,deep
LAT38.3_LON-36.9,-0.3556296009032424,4200,deep
LAT38.3_LON-37.0,-0.3515837580027885,4200,deep
LAT38.3_LON-37.1,-0.3494036234064056,4200,deep
LAT38.3_LON-37.2,-0.3526700041428823,4200,deep
LAT38.3_LON-37.3,-0.3507802983368915,4200,deep
LAT38.3_LON-37.4,-0.34903076709615544,4200,deep
LAT38.3_LON-37.5,-0.35257930575131197,4200,deep
LAT38.3_LON-37.7,-0.34822535336951244,4200,deep
LAT38.3_LON-37.8,-0.3516789656804829,4200,deep
LAT38.3_LON-37.9,-0.350316863268918,4200,deep
LAT38.3_LON-38.0,-0.35107719533840415,4200,deep
LAT38.3_LON-38.1,-0.3523681252619383,4200,deep
LAT38.3_LON-38.2,-0.34871301436901436,4200,deep
LAT38.3_LON-38.3,-0.351249371536572,4200,deep
LAT38.3_LON-38.4,-0.3518049066990642,4200,deep
LAT38.3_LON-38.5,-0.3484385235168679,4200,deep
LAT38.3_LON-38.9,-0.3520808142932664,4200,deep
LAT38.3_LON-39.0,-0.35101171646125834,4200,deep
LAT38.3_LON-39.1,-0.35019723352144705,4200,deep
LAT38.3_LON-39.2,-0.36348264698922733,4200,deep
LAT38.3_LON-39.3,-0.3568713691410519,4200,deep
LAT38.3_LON-39.4,-0.35093603389596506,4200,deep
LAT38.3_LON-39.5,-0.3491118504393943,4200,deep
LAT38.3_LON-40.0,-0.3519294113150849,4200,deep
LAT38.4_LON-30.5,-0.3502421537909059,4200,deep
LAT38.4_LON-31.4,-0.35518292400376816,4200,deep
LAT38.4_LON-31.5,-0.34999978878923227,4200,deep
LAT38.4_LON-31.6,-0.3491968248014645,4200,deep
LAT38.4_LON-31.9,-0.35032463044753565,4200,deep
LAT38.4_LON-32.0,-0.3474500358861381,4200,deep
LAT38.4_LON-32.1,-0.3490300566293447,4200,deep
LAT38.4_LON-32.3,-0.34931976993756164,4200,deep
LAT38.4_LON-32.8,-0.35148159753312147,4200,deep
LAT38.4_LON-33.0,-0.3512595102891396,4200,deep
LAT38.4_LON-33.2,-0.3496772951881358,4200,deep
LAT38.4_LON-33.4,-0.3470974448218824,4200,deep
LAT38.4_LON-33.6,-0.35174917522935223,4200,deep
LAT38.4_LON-33.8,-0.3462955204155246,4200,deep
LAT38.4_LON-33.9,-0.3478873505620832,4200,deep
LAT38.4_LON-34.2,-0.3523320708510558,4200,deep
LAT38.4_LON-34.6,-0.3517048164067077,4200,deep
LAT38.4_LON-34.7,-0.35471459822782553,4200,deep
LAT38.4_LON-34.8,-0.349997453341968,4200,deep
LAT38.4_LON-34.9,-0.3476083075820954,4200,deep
LAT38.4_LON-35.1,-0.3533327187259765,4200,deep
LAT38.4_LON-35.2,-0.3502514156522288,4200,deep
LAT38.4_LON-35.7,-0.35200517093960293,4200,deep
LAT38.4_LON-35.8,-0.35029675682086325,4200,deep
LAT38.4_LON-35.9,-0.34901241878213796,4200,deep
LAT38.4_LON-36.0,-0.35426510971196923,4200,deep
LAT38.4_LON-36.1,-0.35388512427759333,4200,deep
LAT38.4_LON-36.2,-0.3533721280744233,4200,deep
LAT38.4_LON-36.3,-0.3507614502179848,4200,deep
LAT38.4_LON-36.4,-0.3518462282808715,4200,deep
LAT38.4_LON-36.5,-0.35282231605947406,4200,deep
LAT38.4_LON-36.6,-0.3529468276704012,4200,deep
LAT38.4_LON-36.7,-0.3489882582004577,4200,deep
LAT38.4_LON-36.8,-0.3526587022892021,4200,deep
LAT38.4_LON-37.0,-0.35278010876390553,4200,deep
LAT38.4_LON-37.2,-0.35416942181707467,4200,deep
LAT38.4_LON-37.3,-0.3531065276205343,4200,deep
LAT38.4_LON-37.4,-0.34902233537654115,4200,deep
LAT38.4_LON-37.5,-0.3542612429321841,4200,deep
LAT38.4_LON-37.6,-0.3545538547341882,4200,deep
LAT38.4_LON-37.7,-0.3506001518620107,4200,deep
LAT38.4_LON-38.1,-0.3530802188397187,4200,deep
LAT38.4_LON-38.2,-0.35148321160548157,4200,deep
LAT38.4_LON-38.3,-0.35411561471560343,4200,deep
LAT38.4_LON-38.4,-0.3524867236702364,4200,deep
LAT38.4_LON-38.5,-0.361138075577236,4200,deep
LAT38.4_LON-38.7,-0.3529973693082302,4200,deep
LAT38.4_LON-38.8,-0.3514750534528741,4200,deep
LAT38.4_LON-38.9,-0.3515536441163947,4200,deep
LAT38.4_LON-39.0,-0.3532236751086103,4200,deep
LAT38.4_LON-39.1,-0.35034659442553046,4200,deep
LAT38.4_LON-39.2,-0.35240492342747287,4200,deep
LAT38.4_LON-39.3,-0.34729435855144697,4200,deep
LAT38.4_LON-39.4,-0.35170747318223244,4200,deep
LAT38.4_LON-39.5,-0.34913255590518766,4200,deep
LAT38.4_LON-39.6,-0.35188451468411774,4200,deep
LAT38.4_LON-39.7,-0.3475224796022254,4200,deep
LAT38.4_LON-39.9,-0.3503962534213885,4200,deep
LAT38.5_LON-30.4,-0.3519294113150849,4200,deep
LAT38.5_LON-30.7,-0.3530483054274387,4200,deep
LAT38.5_LON-31.0,-0.35167271048672916,4200,deep
LAT38.5_LON-31.2,-0.3552967628547012,4200,deep
LAT38.5_LON-31.5,-0.3543858255982562,4200,deep
LAT38.5_LON-31.7,-0.3474982568577859,4200,deep
LAT38.5_LON-31.8,-0.35211165910672143,4200,deep
LAT38.5_LON-31.9,-0.35017646715448253,4200,deep
LAT38.5_LON-32.1,-0.35240492342747287,4200,deep
LAT38.5_LON-32.3,-0.3502058254405621,4200,deep
LAT38.5_LON-32.4,-0.35017646715448253,4200,deep
LAT38.5_LON-32.5,-0.3526587022892021,4200,deep
LAT38.5_LON-33.6,-0.34957160558981365,4200,deep
LAT38.5_LON-33.7,-0.3491756230290019,4200,deep
LAT38.5_LON-33.8,-0.35519866662709587,4200,deep
LAT38.5_LON-34.2,-0.3491118504393943,4200,deep
LAT38.5_LON-34.4,-0.34709712708535717,4200,deep
LAT38.5_LON-34.5,-0.3507347800153675,4200,deep
LAT38.5_LON-34.8,-0.3499798927161194,4200,deep
LAT38.5_LON-35.0,-0.3517931627866512,4200,deep
LAT38.5_LON-35.1,-0.35272538679000004,4200,deep
LAT38.5_LON-35.2,-0.3524804328059714,4200,deep
LAT38.5_LON-35.4,-0.3536784169890836,4200,deep
LAT38.5_LON-35.5,-0.354595339989144,4200,deep
LAT38.5_LON-35.6,-0.3496796859810329,4200,deep
LAT38.5_LON-35.7,-0.3494026867716752,4200,deep
LAT38.5_LON-35.8,-0.3509590664990633,4200,deep
LAT38.5_LON-35.9,-0.3547110107541405,4200,deep
LAT38.5_LON-36.0,-0.35192521383105435,4200,deep
LAT38.5_LON-36.1,-0.3527323847374722,4200,deep
LAT38.5_LON-36.2,-0.35397670557156136,4200,deep
LAT38.5_LON-36.3,-0.3520487491060095,4200,deep
LAT38.5_LON-36.4,-0.34873758830344775,4200,deep
LAT38.5_LON-36.5,-0.3509866342334553,4200,deep
LAT38.5_LON-36.6,-0.35384046333661473,4200,deep
LAT38.5_LON-36.7,-0.3533053038098069,4200,deep
LAT38.5_LON-36.8,-0.35836564420930933,4200,deep
LAT38.5_LON-36.9,-0.3513449579852167,4200,deep
LAT38.5_LON-37.0,-0.34709712708535717,4200,deep
LAT38.5_LON-37.1,-0.3496772951881358,4200,deep
LAT38.5_LON-37.2,-0.3500509965122715,4200,deep
LAT38.5_LON-37.3,-0.3513083525641226,4200,deep
LAT38.5_LON-37.4,-0.3518046509640741,4200,deep
LAT38.5_LON-37.5,-0.3529224670067055,4200,deep
LAT38.5_LON-37.6,-0.35159495274142233,4200,deep
LAT38.5_LON-37.8,-0.3513238031343673,4200,deep
LAT38.5_LON-38.1,-0.3496772951881358,4200,deep
LAT38.5_LON-38.2,-0.34690250464963546,4200,deep
LAT38.5_LON-38.3,-0.3490660587052289,4200,deep
LAT38.5_LON-38.4,-0.35254166447864854,4200,deep
LAT38.5_LON-38.5,-0.3542368551503323,4200,deep
LAT38.5_LON-38.6,-0.34963100477383807,4200,deep
LAT38.5_LON-38.8,-0.35078196965448905,4200,deep
LAT38.5_LON-38.9,-0.3525543463038819,4200,deep
LAT38.5_LON-39.1,-0.350316863268918,4200,deep
LAT38.5_LON-39.2,-0.3540332187583863,4200,deep
LAT38.5_LON-39.3,-0.35040405057504964,4200,deep
LAT38.5_LON-39.4,-0.3545538547341882,4200,deep
LAT38.5_LON-39.5,-0.3501432390310668,4200,deep
LAT38.5_LON-39.7,-0.3515134523719126,4200,deep
LAT38.5_LON-39.8,-0.35243416899968705,4200,deep
LAT38.5_LON-39.9,-0.35207947077222057,4200,deep
LAT38.5_LON-40.0,-0.35059797425611483,4200,deep
LAT38.6_LON-30.2,-0.3536452604101875,4200,deep
LAT38.6_LON-30.6,-0.3744134146815205,4200,deep
LAT38.6_LON-32.3,-0.35093435686898267,4200,deep
LAT38.6_LON-32.4,-0.3511490137592358,4200,deep
LAT38.6_LON-32.8,-0.35048103891474824,4200,deep
LAT38.6_LON-33.5,-0.3507076994370637,4200,deep
LAT38.6_LON-33.7,-0.35343406224196516,4200,deep
LAT38.6_LON-33.8,-0.3525386481788183,4200,deep
LAT38.6_LON-34.0,-0.3519075839693729,4200,deep
LAT38.6_LON-34.1,-0.349307833784384,4200,deep
LAT38.6_LON-34.2,-0.35017646715448253,4200,deep
LAT38.6_LON-34.3,-0.3501935845144507,4200,deep
LAT38.6_LON-34.4,-0.34973713302886966,4200,deep
LAT38.6_LON-34.5,-0.35011648792042366,4200,deep
LAT38.6_LON-34.6,-0.3515428486986816,4200,deep
LAT38.6_LON-35.2,-0.34704497761399095,4200,deep
LAT38.6_LON-35.3,-0.35115276635597625,4200,deep
LAT38.6_LON-35.4,-0.35301264078646977,4200,deep
LAT38.6_LON-35.5,-0.35429391117749987,4200,deep
LAT38.6_LON-35.6,-0.3508917118795356,4200,deep
LAT38.6_LON-35.7,-0.34965566353819033,4200,deep
LAT38.6_LON-35.8,-0.35519866662709587,4200,deep
LAT38.6_LON-35.9,-0.35166767017961376,4200,deep
LAT38.6_LON-36.0,-0.3523035803595598,4200,deep
LAT38.6_LON-36.2,-0.34967001113683865,4200,deep
LAT38.6_LON-36.3,-0.3510553095948753,4200,deep
LAT38.6_LON-36.4,-0.352474179009449,4200,deep
LAT38.6_LON-36.5,-0.35208275249695214,4200,deep
LAT38.6_LON-36.6,-0.35278075022024924,4200,deep
LAT38.6_LON-36.7,-0.350316863268918,4200,deep
LAT38.6_LON-36.8,-0.3511239229012306,4200,deep
LAT38.6_LON-36.9,-0.3522539343669594,4200,deep
LAT38.6_LON-37.1,-0.35263578682656627,4200,deep
LAT38.6_LON-37.2,-0.3526984887967693,4200,deep
LAT38.6_LON-37.3,-0.3577058616514909,4200,deep
LAT38.6_LON-37.4,-0.35358355540978076,4200,deep
LAT38.6_LON-37.5,-0.35491806537719567,4200,deep
LAT38.6_LON-37.6,-0.3529283091838932,4200,deep
LAT38.6_LON-37.8,-0.3558626645858137,4200,deep
LAT38.6_LON-37.9,-0.35123435019677873,4200,deep
LAT38.6_LON-38.1,-0.3495163787231542,4200,deep
LAT38.6_LON-38.2,-0.3538611333571124,4200,deep
LAT38.6_LON-38.3,-0.3531493382869961,4200,deep
LAT38.6_LON-38.4,-0.351828575917187,4200,deep
LAT38.6_LON-38.5,-0.3532094101044528,4200,deep
LAT38.6_LON-38.7,-0.35005704289175255,4200,deep
LAT38.6_LON-38.8,-0.34775006394847513,4200,deep
LAT38.6_LON-39.0,-0.3544842100373903,4200,deep
LAT38.6_LON-39.1,-0.3456326944046096,4200,deep
LAT38.6_LON-39.4,-0.34923529555079585,4200,deep
LAT38.6_LON-39.5,-0.3474982568577859,4200,deep
LAT38.6_LON-39.6,-0.35219661820498643,4200,deep
LAT38.6_LON-39.7,-0.35334536728409355,4200,deep
LAT38.6_LON-39.8,-0.34817840689146756,4200,deep
LAT38.6_LON-39.9,-0.3531493382869961,4200,deep
LAT38.6_LON-40.0,-0.35314973906298597,4200,deep
LAT38.7_LON-30.0,-0.35007620332089256,4200,deep
LAT38.7_LON-30.1,-0.35417187509151604,4200,deep
LAT38.7_LON-30.2,-0.3496772951881358,4200,deep
LAT38.7_LON-30.3,-0.35208007790225787,4200,deep
LAT38.7_LON-31.4,-0.35080258251711716,4200,deep
LAT38.7_LON-31.5,-0.3510553095948753,4200,deep
LAT38.7_LON-31.8,-0.3532599828583882,4200,deep
LAT38.7_LON-32.2,-0.3526587022892021,4200,deep
LAT38.7_LON-32.3,-0.3478873505620832,4200,deep
LAT38.7_LON-32.4,-0.35027837622132857,4200,deep
LAT38.7_LON-32.8,-0.35607784513473295,4200,deep
LAT38.7_LON-33.0,-0.3523579760729864,4200,deep
LAT38.7_LON-33.1,-0.3530681035405898,4200,deep
LAT38.7_LON-33.4,-0.35012768699386587,4200,deep
LAT38.7_LON-33.7,-0.34875669658492525,4200,deep
LAT38.7_LON-33.8,-0.35519752532858023,4200,deep
LAT38.7_LON-33.9,-0.34937136435834054,4200,deep
LAT38.7_LON-34.0,-0.35132640935136383,4200,deep
LAT38.7_LON-34.1,-0.3484687829640566,4200,deep
LAT38.7_LON-34.2,-0.3512276852632057,4200,deep
LAT38.7_LON-34.3,-0.34795855815715526,4200,deep
LAT38.7_LON-34.6,-0.35072705842764634,4200,deep
LAT38.7_LON-35.0,-0.35019005538838827,4200,deep
LAT38.7_LON-35.3,-0.352055123368406,4200,deep
LAT38.7_LON-35.4,-0.35165058122687576,4200,deep
LAT38.7_LON-35.6,-0.3478193961236436,4200,deep
LAT38.7_LON-35.7,-0.3506311140025413,4200,deep
LAT38.7_LON-35.8,-0.34905666691274306,4200,deep
LAT38.7_LON-35.9,-0.34991877822731166,4200,deep
LAT38.7_LON-36.0,-0.35111062927650893,4200,deep
LAT38.7_LON-36.1,-0.35052101936543634,4200,deep
LAT38.7_LON-36.2,-0.3501154663119386,4200,deep
LAT38.7_LON-36.3,-0.3527475926013999,4200,deep
LAT38.7_LON-36.4,-0.35231980875245533,4200,deep
LAT38.7_LON-36.5,-0.3507763593966835,4200,deep
LAT38.7_LON-36.7,-0.34967001113683865,4200,deep
LAT38.7_LON-36.8,-0.3504686235550092,4200,deep
LAT38.7_LON-36.9,-0.35130783526278275,4200,deep
LAT38.7_LON-37.0,-0.35424283811673396,4200,deep
LAT38.7_LON-37.1,-0.35072554074345264,4200,deep
LAT38.7_LON-37.2,-0.3498824724392475,4200,deep
LAT38.7_LON-37.3,-0.3623656325538508,4200,deep
LAT38.7_LON-37.4,-0.3511844298651159,4200,deep
LAT38.7_LON-37.5,-0.3473388562996305,4200,deep
LAT38.7_LON-37.6,-0.3492885655247371,4200,deep
LAT38.7_LON-37.8,-0.3552854300353946,4200,deep
LAT38.7_LON-37.9,-0.3552184651469369,4200,deep
LAT38.7_LON-38.0,-0.35207846155967293,4200,deep
LAT38.7_LON-38.1,-0.35628894424093205,4200,deep
LAT38.7_LON-38.2,-0.3478873505620832,4200,deep
LAT38.7_LON-38.3,-0.35180898643881225,4200,deep
LAT38.7_LON-38.4,-0.3497045424377342,4200,deep
LAT38.7_LON-38.5,-0.35283289540232604,4200,deep
LAT38.7_LON-38.6,-0.3530483054274387,4200,deep
LAT38.7_LON-38.7,-0.34976902237993146,4200,deep
LAT38.7_LON-38.8,-0.3516081161019526,4200,deep
LAT38.7_LON-39.0,-0.3488309248152355,4200,deep
LAT38.7_LON-39.1,-0.34661356791371295,4200,deep
LAT38.7_LON-39.5,-0.3504662609847648,4200,deep
LAT38.7_LON-39.6,-0.35299858336065665,4200,deep
LAT38.7_LON-39.7,-0.35021230390537245,4200,deep
LAT38.7_LON-39.8,-0.3520101847601492,4200,deep
LAT38.7_LON-39.9,-0.35780575401985165,4200,deep
LAT38.8_LON-30.0,-0.3533748774429995,4200,deep
LAT38.8_LON-30.4,-0.3491118504393943,4200,deep
LAT38.8_LON-30.6,-0.3542368551503323,4200,deep
LAT38.8_LON-31.6,-0.3478193961236436,4200,deep
LAT38.8_LON-32.4,-0.3552279080650097,4200,deep
LAT38.8_LON-32.7,-0.34937136435834054,4200,deep
LAT38.8_LON-32.8,-0.3474982568577859,4200,deep
LAT38.8_LON-33.0,-0.35350204150746617,4200,deep
LAT38.8_LON-33.1,-0.352210628931537,4200,deep
LAT38.8_LON-33.5,-0.35264372844092007,4200,deep
LAT38.8_LON-33.7,-0.3525090567703278,4200,deep
LAT38.8_LON-34.1,-0.3591310302664178,4200,deep
LAT38.8_LON-34.2,-0.35296228919034195,4200,deep
LAT38.8_LON-34.3,-0.35203338435176046,4200,deep
LAT38.8_LON-34.5,-0.34965566353819033,4200,deep
LAT38.8_LON-34.6,-0.3499317782930764,4200,deep
LAT38.8_LON-34.7,-0.3509866342334553,4200,deep
LAT38.8_LON-34.8,-0.3485456397383761,4200,deep
LAT38.8_LON-35.0,-0.3528596873519896,4200,deep
LAT38.8_LON-35.1,-0.3512229029083471,4200,deep
LAT38.8_LON-35.2,-0.3517048164067077,4200,deep
LAT38.8_LON-35.3,-0.3473109814503329,4200,deep
LAT38.8_LON-35.5,-0.3479381773445458,4200,deep
LAT38.8_LON-35.6,-0.35243274126550267,4200,deep
LAT38.8_LON-35.7,-0.3517931627866512,4200,deep
LAT38.8_LON-35.8,-0.35232522757145085,4200,deep
LAT38.8_LON-35.9,-0.3527541014279133,4200,deep
LAT38.8_LON-36.0,-0.35417187509151604,4200,deep
LAT38.8_LON-36.1,-0.3517287785965421,4200,deep
LAT38.8_LON-36.2,-0.3491756230290019,4200,deep
LAT38.8_LON-36.4,-0.35032656531210715,4200,deep
LAT38.8_LON-36.5,-0.3523579760729864,4200,deep
LAT38.8_LON-36.6,-0.3495163787231542,4200,deep
LAT38.8_LON-36.7,-0.35245260162657277,4200,deep
LAT38.8_LON-36.8,-0.35032463044753565,4200,deep
LAT38.8_LON-36.9,-0.3525831190447567,4200,deep
LAT38.8_LON-37.1,-0.3473388562996305,4200,deep
LAT38.8_LON-37.2,-0.3487100375426569,4200,deep
LAT38.8_LON-37.3,-0.3539918343074103,4200,deep
LAT38.8_LON-37.4,-0.3525940132015977,4200,deep
LAT38.8_LON-37.5,-0.3519389773307313,4200,deep
LAT38.8_LON-37.8,-0.3510303686351031,4200,deep
LAT38.8_LON-37.9,-0.34934367453517,4200,deep
LAT38.8_LON-38.0,-0.3555604287385788,4200,deep
LAT38.8_LON-38.2,-0.35221896200247316,4200,deep
LAT38.8_LON-38.3,-0.34864932614213845,4200,deep
LAT38.8_LON-38.5,-0.35642172952740053,4200,deep
LAT38.8_LON-38.6,-0.3527220600350426,4200,deep
LAT38.8_LON-38.7,-0.3519890802105472,4200,deep
LAT38.8_LON-39.0,-0.351110411426285,4200,deep
LAT38.8_LON-39.3,-0.3532599828583882,4200,deep
LAT38.8_LON-39.5,-0.35389065604146813,4200,deep
LAT38.8_LON-39.7,-0.3474500358861381,4200,deep
LAT38.8_LON-39.8,-0.353023435643726,4200,deep
LAT38.8_LON-40.0,-0.35516808564480773,4200,deep
LAT38.9_LON-32.4,-0.34867110023263065,4200,deep
LAT38.9_LON-33.2,-0.37125023993039785,4200,deep
LAT38.9_LON-33.4,-0.3527546834185632,4200,deep
LAT38.9_LON-33.8,-0.35124749434271474,4200,deep
LAT38.9_LON-34.1,-0.3527937332751597,4200,deep
LAT38.9_LON-34.2,-0.3527562442855353,4200,deep
LAT38.9_LON-34.4,-0.35167271048672916,4200,deep
LAT38.9_LON-34.5,-0.3491118504393943,4200,deep
LAT38.9_LON-34.8,-0.3479381773445458,4200,deep
LAT38.9_LON-34.9,-0.35179652957909235,4200,deep
LAT38.9_LON-35.1,-0.35242291197747694,4200,deep
LAT38.9_LON-35.2,-0.35079045970931716,4200,deep
LAT38.9_LON-35.3,-0.350781630828366,4200,deep
LAT38.9_LON-35.4,-0.3555658676513405,4200,deep
LAT38.9_LON-35.5,-0.3532977764030631,4200,deep
LAT38.9_LON-35.6,-0.35173244953944827,4200,deep
LAT38.9_LON-35.7,-0.3527541014279133,4200,deep
LAT38.9_LON-35.8,-0.35580888050027065,4200,deep
LAT38.9_LON-36.0,-0.3502058254405621,4200,deep
LAT38.9_LON-36.1,-0.3540483984537509,4200,deep
LAT38.9_LON-36.2,-0.350909695343518,4200,deep
LAT38.9_LON-36.3,-0.35070381517982846,4200,deep
LAT38.9_LON-36.4,-0.35036025933005577,4200,deep
LAT38.9_LON-36.5,-0.35061018939171024,4200,deep
LAT38.9_LON-36.6,-0.35266553773738474,4200,deep
LAT38.9_LON-36.7,-0.3501487617261077,4200,deep
LAT38.9_LON-36.8,-0.3539893009876099,4200,deep
LAT38.9_LON-37.0,-0.3550115592487129,4200,deep
LAT38.9_LON-37.1,-0.35357730017924854,4200,deep
LAT38.9_LON-37.2,-0.35573447163437116,4200,deep
LAT38.9_LON-37.3,-0.35353138268618917,4200,deep
LAT38.9_LON-37.4,-0.3502585709437909,4200,deep
LAT38.9_LON-37.6,-0.35493584708630616,4200,deep
LAT38.9_LON-37.7,-0.3491118504393943,4200,deep
LAT38.9_LON-37.8,-0.35132720827545566,4200,deep
LAT38.9_LON-38.0,-0.3531787643543169,4200,deep
LAT38.9_LON-38.1,-0.350866584543439,4200,deep
LAT38.9_LON-38.2,-0.3511154291420792,4200,deep
LAT38.9_LON-38.4,-0.3527541014279133,4200,deep
LAT38.9_LON-38.5,-0.353951722338724,4200,deep
LAT38.9_LON-38.6,-0.34829081553953495,4200,deep
LAT38.9_LON-38.7,-0.35136550175452624,4200,deep
LAT38.9_LON-38.9,-0.3526587022892021,4200,deep
LAT38.9_LON-39.0,-0.353564334108915,4200,deep
LAT38.9_LON-39.1,-0.3527543998316778,4200,deep
LAT38.9_LON-39.3,-0.3517931627866512,4200,deep
LAT38.9_LON-39.4,-0.3730237919254692,4200,deep
LAT38.9_LON-39.5,-0.3526768034982824,4200,deep
LAT38.9_LON-39.6,-0.35418298216565247,4200,deep
LAT38.9_LON-39.9,-0.35334265389741737,4200,deep
LAT39.0_LON-30.1,-0.3491756230290019,4200,deep
LAT39.0_LON-32.1,-0.3592598355080996,4200,deep
LAT39.0_LON-32.3,-0.3517931627866512,4200,deep
LAT39.0_LON-32.5,-0.3526587022892021,4200,deep
LAT39.0_LON-32.7,-0.35327281171761243,4200,deep
LAT39.0_LON-32.8,-0.3545538547341882,4200,deep
LAT39.0_LON-33.0,-0.35212016342357383,4200,deep
LAT39.0_LON-33.2,-0.35519866662709587,4200,deep
LAT39.0_LON-33.5,-0.34914016545798826,4200,deep
LAT39.0_LON-33.6,-0.34967144220060287,4200,deep
LAT39.0_LON-33.8,-0.3542414167730718,4200,deep
LAT39.0_LON-34.0,-0.3485456397383761,4200,deep
LAT39.0_LON-34.1,-0.35061737468031634,4200,deep
LAT39.0_LON-34.2,-0.34704497761399095,4200,deep
LAT39.0_LON-34.3,-0.34842792749629464,4200,deep
LAT39.0_LON-34.4,-0.3516890852330907,4200,deep
LAT39.0_LON-34.5,-0.3479381773445458,4200,deep
LAT39.0_LON-34.7,-0.35017646715448253,4200,deep
LAT39.0_LON-34.8,-0.35256106419777633,4200,deep
LAT39.0_LON-34.9,-0.35113913089575466,4200,deep
LAT39.0_LON-35.0,-0.3526587022892021,4200,deep
LAT39.0_LON-35.1,-0.3496696077343431,4200,deep
LAT39.0_LON-35.4,-0.35230493329704116,4200,deep
LAT39.0_LON-35.5,-0.346408108319325,4200,deep
LAT39.0_LON-35.6,-0.34903845287352864,4200,deep
LAT39.0_LON-35.7,-0.3530464926331235,4200,deep
LAT39.0_LON-35.8,-0.3496772951881358,4200,deep
LAT39.0_LON-35.9,-0.3531627970440698,4200,deep
LAT39.0_LON-36.1,-0.36269097936455075,4200,deep
LAT39.0_LON-36.2,-0.3491968248014645,4200,deep
LAT39.0_LON-36.4,-0.3502084783583389,4200,deep
LAT39.0_LON-36.7,-0.3522260542075224,4200,deep
LAT39.0_LON-36.9,-0.3480778357676516,4200,deep
LAT39.0_LON-37.0,-0.3478873505620832,4200,deep
LAT39.0_LON-37.1,-0.3547188999866879,4200,deep
LAT39.0_LON-37.2,-0.35097222071830675,4200,deep
LAT39.0_LON-37.3,-0.36016905190912174,4200,deep
LAT39.0_LON-37.5,-0.34839327288842353,4200,deep
LAT39.0_LON-37.6,-0.35008219564717546,4200,deep
LAT39.0_LON-37.7,-0.35271331020451335,4200,deep
LAT39.0_LON-37.9,-0.3494711937654024,4200,deep
LAT39.0_LON-38.0,-0.3511986006730128,4200,deep
LAT39.0_LON-38.1,-0.3491344060428669,4200,deep
LAT39.0_LON-38.2,-0.3515787117517779,4200,deep
LAT39.0_LON-38.3,-0.3542076965917415,4200,deep
LAT39.0_LON-38.4,-0.36519209789380125,4200,deep
LAT39.0_LON-38.5,-0.3663822485033619,4200,deep
LAT39.0_LON-38.6,-0.34996713571334165,4200,deep
LAT39.0_LON-38.7,-0.351039541932572,4200,deep
LAT39.0_LON-38.8,-0.3487729033751613,4200,deep
LAT39.0_LON-38.9,-0.34935855485868367,4200,deep
LAT39.0_LON-39.2,-0.352474179009449,4200,deep
LAT39.0_LON-39.3,-0.35004606350311923,4200,deep
LAT39.0_LON-39.4,-0.35057797618085934,4200,deep
LAT39.0_LON-39.5,-0.35088899512015526,4200,deep
LAT39.0_LON-39.6,-0.35066279424633034,4200,deep
LAT39.0_LON-39.7,-0.35032805757885777,4200,deep
LAT39.0_LON-39.9,-0.35143164275124505,4200,deep
LAT39.1_LON-30.3,-0.34953867817594547,4200,deep
LAT39.1_LON-32.2,-0.3500507047313911,4200,deep
LAT39.1_LON-32.8,-0.3516081161019526,4200,deep
LAT39.1_LON-32.9,-0.3547188999866879,4200,deep
LAT39.1_LON-33.0,-0.3474982568577859,4200,deep
LAT39.1_LON-33.3,-0.35059797425611483,4200,deep
LAT39.1_LON-33.5,-0.3525755688972059,4200,deep
LAT39.1_LON-33.6,-0.3507992675032394,4200,deep
LAT39.1_LON-33.7,-0.34937136435834054,4200,deep
LAT39.1_LON-33.8,-0.3506920158992464,4200,deep
LAT39.1_LON-33.9,-0.3476590274472018,4200,deep
LAT39.1_LON-34.0,-0.3499891761932491,4200,deep
LAT39.1_LON-34.1,-0.35323470450816075,4200,deep
LAT39.1_LON-34.2,-0.3567793468292937,4200,deep
LAT39.1_LON-34.3,-0.3510553095948753,4200,deep
LAT39.1_LON-34.5,-0.35174684287884184,4200,deep
LAT39.1_LON-34.7,-0.3501098699203372,4200,deep
LAT39.1_LON-34.9,-0.3525623455547746,4200,deep
LAT39.1_LON-35.1,-0.3514847047724246,4200,deep
LAT39.1_LON-35.3,-0.35264336146060493,4200,deep
LAT39.1_LON-35.4,-0.3499015816174861,4200,deep
LAT39.1_LON-35.5,-0.3580113960844547,4200,deep
LAT39.1_LON-35.6,-0.35151793255062724,4200,deep
LAT39.1_LON-35.7,-0.3527541014279133,4200,deep
LAT39.1_LON-35.8,-0.3517810584831865,4200,deep
LAT39.1_LON-35.9,-0.34992946914706424,4200,deep
LAT39.1_LON-36.0,-0.35019005538838827,4200,deep
LAT39.1_LON-36.3,-0.35251815893673705,4200,deep
LAT39.1_LON-36.4,-0.3547188999866879,4200,deep
LAT39.1_LON-36.5,-0.3529536877731554,4200,deep
LAT39.1_LON-36.6,-0.3510177452906686,4200,deep
LAT39.1_LON-37.0,-0.3489369961759862,4200,deep
LAT39.1_LON-37.1,-0.3512979060767168,4200,deep
LAT39.1_LON-37.2,-0.35222313531209004,4200,deep
LAT39.1_LON-37.3,-0.35226191587495775,4200,deep
LAT39.1_LON-37.4,-0.35363726278929,4200,deep
LAT39.1_LON-37.5,-0.3527309630491877,4200,deep
LAT39.1_LON-37.6,-0.35140760913881985,4200,deep
LAT39.1_LON-37.7,-0.3524277934869836,4200,deep
LAT39.1_LON-37.8,-0.35111184993837596,4200,deep
LAT39.1_LON-37.9,-0.3550279445547011,4200,deep
LAT39.1_LON-38.0,-0.35099680786951004,4200,deep
LAT39.1_LON-38.4,-0.3514998596057187,4200,deep
LAT39.1_LON-38.5,-0.3542755919364567,4200,deep
LAT39.1_LON-38.7,-0.35278107532407776,4200,deep
LAT39.1_LON-38.8,-0.3491756230290019,4200,deep
LAT39.1_LON-38.9,-0.3509866342334553,4200,deep
LAT39.1_LON-39.1,-0.3532311952322933,4200,deep
LAT39.1_LON-39.2,-0.3519297089658428,4200,deep
LAT39.1_LON-39.3,-0.35229244575430363,4200,deep
LAT39.1_LON-39.4,-0.3491118504393943,4200,deep
LAT39.1_LON-39.5,-0.3522129951339503,4200,deep
LAT39.1_LON-39.6,-0.35353138268618917,4200,deep
LAT39.1_LON-39.7,-0.3521350227604425,4200,deep
LAT39.1_LON-39.9,-0.35058268786125923,4200,deep
LAT39.2_LON-30.0,-0.3529090981120159,4200,deep
LAT39.2_LON-30.4,-0.34821561640472953,4200,deep
LAT39.2_LON-30.7,-0.3494527533467834,4200,deep
LAT39.2_LON-32.2,-0.35519752532858023,4200,deep
LAT39.2_LON-33.1,-0.3530802188397187,4200,deep
LAT39.2_LON-33.3,-0.3529798188092819,4200,deep
LAT39.2_LON-33.6,-0.3550079942021034,4200,deep
LAT39.2_LON-33.7,-0.3523889108338255,4200,deep
LAT39.2_LON-33.8,-0.3506398448550321,4200,deep
LAT39.2_LON-33.9,-0.35152324219506054,4200,deep
LAT39.2_LON-34.0,-0.3500254159198208,4200,deep
LAT39.2_LON-34.1,-0.35292664915829147,4200,deep
LAT39.2_LON-34.2,-0.35606030550955564,4200,deep
LAT39.2_LON-34.3,-0.3532169449069967,4200,deep
LAT39.2_LON-34.5,-0.3485888897898525,4200,deep
LAT39.2_LON-34.6,-0.3542081458253376,4200,deep
LAT39.2_LON-34.7,-0.35094769868718884,4200,deep
LAT39.2_LON-34.9,-0.35231980875245533,4200,deep
LAT39.2_LON-35.0,-0.34891198251577266,4200,deep
LAT39.2_LON-35.1,-0.35203843469483975,4200,deep
LAT39.2_LON-35.2,-0.35381125440663475,4200,deep
LAT39.2_LON-35.3,-0.34842792749629464,4200,deep
LAT39.2_LON-35.5,-0.34982282526338915,4200,deep
LAT39.2_LON-35.6,-0.3478193961236436,4200,deep
LAT39.2_LON-35.7,-0.34840485964973866,4200,deep
LAT39.2_LON-35.8,-0.35129640351289093,4200,deep
LAT39.2_LON-35.9,-0.3531982172135384,4200,deep
LAT39.2_LON-36.0,-0.35463910089687345,4200,deep
LAT39.2_LON-36.1,-0.34996385104452865,4200,deep
LAT39.2_LON-36.2,-0.35324529384680403,4200,deep
LAT39.2_LON-36.4,-0.34861516082405797,4200,deep
LAT39.2_LON-36.5,-0.3509684275884602,4200,deep
LAT39.2_LON-36.6,-0.3507901385007179,4200,deep
LAT39.2_LON-36.7,-0.3491118504393943,4200,deep
LAT39.2_LON-36.9,-0.3531493382869961,4200,deep
LAT39.2_LON-37.0,-0.3523950664580369,4200,deep
LAT39.2_LON-37.1,-0.35343406224196516,4200,deep
LAT39.2_LON-37.2,-0.34786880674427867,4200,deep
LAT39.2_LON-37.3,-0.35021905511306783,4200,deep
LAT39.2_LON-37.5,-0.35017646715448253,4200,deep
LAT39.2_LON-37.6,-0.34728804853947953,4200,deep
LAT39.2_LON-37.8,-0.3552279080650097,4200,deep
LAT39.2_LON-37.9,-0.35211421330268433,4200,deep
LAT39.2_LON-38.0,-0.3515638756984215,4200,deep
LAT39.2_LON-38.1,-0.3506593377614142,4200,deep
LAT39.2_LON-38.2,-0.35803106098056225,4200,deep
LAT39.2_LON-38.3,-0.34993160774959736,4200,deep
LAT39.2_LON-38.4,-0.35129716276326145,4200,deep
LAT39.2_LON-38.5,-0.35296228919034195,4200,deep
LAT39.2_LON-38.6,-0.3508909206164076,4200,deep
LAT39.2_LON-38.8,-0.34829535382635013,4200,deep
LAT39.2_LON-39.0,-0.3518734612844891,4200,deep
LAT39.2_LON-39.1,-0.35104661792172853,4200,deep
LAT39.2_LON-39.2,-0.3504964483846868,4200,deep
LAT39.2_LON-39.4,-0.34796215461989466,4200,deep
LAT39.2_LON-39.6,-0.3524352339589229,4200,deep
LAT39.2_LON-39.7,-0.35453423421723695,4200,deep
LAT39.2_LON-39.8,-0.3517931627866512,4200,deep
LAT39.2_LON-39.9,-0.3517541284910865,4200,deep
LAT39.2_LON-40.0,-0.35383134626810453,4200,deep
LAT39.3_LON-32.6,-0.3515633784420913,4200,deep
LAT39.3_LON-32.7,-0.3479258036211845,4200,deep
LAT39.3_LON-32.9,-0.3478873505620832,4200,deep
LAT39.3_LON-33.0,-0.3479381773445458,4200,deep
LAT39.3_LON-33.1,-0.3528340294855017,4200,deep
LAT39.3_LON-33.2,-0.3512979060767168,4200,deep
LAT39.3_LON-33.3,-0.35553861818169114,4200,deep
LAT39.3_LON-33.6,-0.3491344060428669,4200,deep
LAT39.3_LON-33.7,-0.34967001113683865,4200,deep
LAT39.3_LON-33.8,-0.3491756230290019,4200,deep
LAT39.3_LON-33.9,-0.35102813629497487,4200,deep
LAT39.3_LON-34.0,-0.35032463044753565,4200,deep
LAT39.3_LON-34.1,-0.3475006089440464,4200,deep
LAT39.3_LON-34.4,-0.3479381773445458,4200,deep
LAT39.3_LON-34.5,-0.34937136435834054,4200,deep
LAT39.3_LON-34.6,-0.35019005538838827,4200,deep
LAT39.3_LON-34.7,-0.34893771079648417,4200,deep
LAT39.3_LON-34.9,-0.3500087006648054,4200,deep
LAT39.3_LON-35.0,-0.3583935971162267,4200,deep
LAT39.3_LON-35.1,-0.35034184363018195,4200,deep
LAT39.3_LON-35.2,-0.34729435855144697,4200,deep
LAT39.3_LON-35.3,-0.35133402279173437,4200,deep
LAT39.3_LON-35.5,-0.35183830592286613,4200,deep
LAT39.3_LON-35.6,-0.3492297435594045,4200,deep
LAT39.3_LON-35.7,-0.3478193961236436,4200,deep
LAT39.3_LON-35.9,-0.3477678412453897,4200,deep
LAT39.3_LON-36.0,-0.3501866566920931,4200,deep
LAT39.3_LON-36.1,-0.34729435855144697,4200,deep
LAT39.3_LON-36.3,-0.34770852970054994,4200,deep
LAT39.3_LON-36.4,-0.3508184988953715,4200,deep
LAT39.3_LON-36.5,-0.34984302750188534,4200,deep
LAT39.3_LON-36.6,-0.3490592418895978,4200,deep
LAT39.3_LON-36.7,-0.3490300566293447,4200,deep
LAT39.3_LON-36.8,-0.3525856060096575,4200,deep
LAT39.3_LON-36.9,-0.35381322541634064,4200,deep
LAT39.3_LON-37.0,-0.34726567172725853,4200,deep
LAT39.3_LON-37.1,-0.34941192490265394,4200,deep
LAT39.3_LON-37.2,-0.3527562442855353,4200,deep
LAT39.3_LON-37.5,-0.3527475926013999,4200,deep
LAT39.3_LON-37.6,-0.35031457672811905,4200,deep
LAT39.3_LON-37.8,-0.35230684061566925,4200,deep
LAT39.3_LON-38.0,-0.34797751343393857,4200,deep
LAT39.3_LON-38.2,-0.3522055316628438,4200,deep
LAT39.3_LON-38.3,-0.3485456397383761,4200,deep
LAT39.3_LON-38.4,-0.35230684061566925,4200,deep
LAT39.3_LON-38.5,-0.350285801540197,4200,deep
LAT39.3_LON-38.6,-0.34819247721507723,4200,deep
LAT39.3_LON-38.7,-0.3507651587872877,4200,deep
LAT39.3_LON-38.8,-0.3522339017269711,4200,deep
LAT39.3_LON-38.9,-0.350221595492736,4200,deep
LAT39.3_LON-39.1,-0.35426958075753107,4200,deep
LAT39.3_LON-39.4,-0.3510553095948753,4200,deep
LAT39.3_LON-39.5,-0.34953867817594547,4200,deep
LAT39.3_LON-39.6,-0.3517768546026905,4200,deep
LAT39.3_LON-39.7,-0.3501652287970918,4200,deep
LAT39.3_LON-39.9,-0.3510553095948753,4200,deep
LAT39.4_LON-31.1,-0.3558231246160639,4200,deep
LAT39.4_LON-31.3,-0.35227953167223647,4200,deep
LAT39.4_LON-31.8,-0.3509148078198468,4200,deep
LAT39.4_LON-31.9,-0.3554629501772276,4200,deep
LAT39.4_LON-32.0,-0.3542610431060237,4200,deep
LAT39.4_LON-32.2,-0.3555604287385788,4200,deep
LAT39.4_LON-32.3,-0.3532835935311049,4200,deep
LAT39.4_LON-32.5,-0.3567681565296538,4200,deep
LAT39.4_LON-32.6,-0.3479381773445458,4200,deep
LAT39.4_LON-32.7,-0.3537746572191122,4200,deep
LAT39.4_LON-32.8,-0.3510462306481751,4200,deep
LAT39.4_LON-33.3,-0.35058268786125923,4200,deep
LAT39.4_LON-33.4,-0.35101253673073085,4200,deep
LAT39.4_LON-33.5,-0.3521877641990483,4200,deep
LAT39.4_LON-33.6,-0.34967001113683865,4200,deep
LAT39.4_LON-33.7,-0.35296228919034195,4200,deep
LAT39.4_LON-33.8,-0.34704497761399095,4200,deep
LAT39.4_LON-34.0,-0.3487520477763155,4200,deep
LAT39.4_LON-34.2,-0.35274636588735186,4200,deep
LAT39.4_LON-34.4,-0.35154285027915716,4200,deep
LAT39.4_LON-34.8,-0.3491107579423192,4200,deep
LAT39.4_LON-34.9,-0.35017646715448253,4200,deep
LAT39.4_LON-35.1,-0.3467317518185098,4200,deep
LAT39.4_LON-35.2,-0.3473388562996305,4200,deep
LAT39.4_LON-35.3,-0.35794524366570774,4200,deep
LAT39.4_LON-35.4,-0.3506058421319374,4200,deep
LAT39.4_LON-35.5,-0.35242364727523406,4200,deep
LAT39.4_LON-35.6,-0.35570444310187765,4200,deep
LAT39.4_LON-35.7,-0.3514326399547149,4200,deep
LAT39.4_LON-35.8,-0.34724164433696353,4200,deep
LAT39.4_LON-35.9,-0.3519645561269171,4200,deep
LAT39.4_LON-36.0,-0.35204600384929724,4200,deep
LAT39.4_LON-36.1,-0.3508829638251752,4200,deep
LAT39.4_LON-36.2,-0.35209204012392603,4200,deep
LAT39.4_LON-36.3,-0.35017646715448253,4200,deep
LAT39.4_LON-36.4,-0.3492704112549063,4200,deep
LAT39.4_LON-36.5,-0.3501913480950718,4200,deep
LAT39.4_LON-36.6,-0.34967001113683865,4200,deep
LAT39.4_LON-36.8,-0.35182599308516593,4200,deep
LAT39.4_LON-36.9,-0.3568867311071742,4200,deep
LAT39.4_LON-37.0,-0.3474982568577859,4200,deep
LAT39.4_LON-37.1,-0.3531183863320191,4200,deep
LAT39.4_LON-37.2,-0.3501519439068097,4200,deep
LAT39.4_LON-37.4,-0.35208275249695214,4200,deep
LAT39.4_LON-37.5,-0.3542076965917415,4200,deep
LAT39.4_LON-37.6,-0.3517931627866512,4200,deep
LAT39.4_LON-37.8,-0.3504024704517086,4200,deep
LAT39.4_LON-38.0,-0.3498887777287508,4200,deep
LAT39.4_LON-38.1,-0.35395642429250207,4200,deep
LAT39.4_LON-38.2,-0.3479381773445458,4200,deep
LAT39.4_LON-38.3,-0.352542111768644,4200,deep
LAT39.4_LON-38.4,-0.35762640187479844,4200,deep
LAT39.4_LON-38.5,-0.3528745407681514,4200,deep
LAT39.4_LON-38.6,-0.3520163025691379,4200,deep
LAT39.4_LON-38.7,-0.3529032791450788,4200,deep
LAT39.4_LON-38.8,-0.35017646715448253,4200,deep
LAT39.4_LON-38.9,-0.3517048164067077,4200,deep
LAT39.4_LON-39.0,-0.35131303426468263,4200,deep
LAT39.4_LON-39.1,-0.354649890092362,4200,deep
LAT39.4_LON-39.2,-0.35143164275124505,4200,deep
LAT39.4_LON-39.3,-0.34996713571334165,4200,deep
LAT39.4_LON-39.4,-0.35000001868532343,4200,deep
LAT39.4_LON-39.5,-0.35032968009871024,4200,deep
LAT39.4_LON-39.6,-0.34739888775216765,4200,deep
LAT39.4_LON-40.0,-0.3527541014279133,4200,deep
LAT39.5_LON-31.1,-0.34963100477383807,4200,deep
LAT39.5_LON-31.2,-0.34792225661274373,4200,deep
LAT39.5_LON-31.9,-0.374432219681485,4200,deep
LAT39.5_LON-32.1,-0.34798611560670223,4200,deep
LAT39.5_LON-32.4,-0.3479381773445458,4200,deep
LAT39.5_LON-32.5,-0.35149632974983025,4200,deep
LAT39.5_LON-32.7,-0.3534292437279008,4200,deep
LAT39.5_LON-32.8,-0.3478193961236436,4200,deep
LAT39.5_LON-33.1,-0.3538018936548939,4200,deep
LAT39.5_LON-33.2,-0.3730237919254692,4200,deep
LAT39.5_LON-33.4,-0.35090801590279486,4200,deep
LAT39.5_LON-33.5,-0.3516237602332857,4200,deep
LAT39.5_LON-34.1,-0.350362415618345,4200,deep
LAT39.5_LON-34.2,-0.34937136435834054,4200,deep
LAT39.5_LON-34.3,-0.3523930136481198,4200,deep
LAT39.5_LON-34.5,-0.34937136435834054,4200,deep
LAT39.5_LON-34.6,-0.3531729876600041,4200,deep
LAT39.5_LON-34.7,-0.3548617034754836,4200,deep
LAT39.5_LON-34.8,-0.3504408688549911,4200,deep
LAT39.5_LON-34.9,-0.35021787897121326,4200,deep
LAT39.5_LON-35.0,-0.3501154663119386,4200,deep
LAT39.5_LON-35.1,-0.3510068963443804,4200,deep
LAT39.5_LON-35.2,-0.3514045617491235,4200,deep
LAT39.5_LON-35.3,-0.35234826261458385,4200,deep
LAT39.5_LON-35.4,-0.34768498418634375,4200,deep
LAT39.5_LON-35.6,-0.355538760364002,4200,deep
LAT39.5_LON-35.7,-0.35009421133974195,4200,deep
LAT39.5_LON-35.8,-0.3555604287385788,4200,deep
LAT39.5_LON-35.9,-0.3567681565296538,4200,deep
LAT39.5_LON-36.0,-0.3612750625619396,4200,deep
LAT39.5_LON-36.1,-0.354200381034763,4200,deep
LAT39.5_LON-36.2,-0.35314726518359957,4200,deep
LAT39.5_LON-36.4,-0.34897554094131533,4200,deep
LAT39.5_LON-36.5,-0.3477570659245594,4200,deep
LAT39.5_LON-36.6,-0.3510553095948753,4200,deep
LAT39.5_LON-36.8,-0.3528477179219262,4200,deep
LAT39.5_LON-37.0,-0.35568294636631953,4200,deep
LAT39.5_LON-37.1,-0.3507383475732013,4200,deep
LAT39.5_LON-37.2,-0.34833506932582414,4200,deep
LAT39.5_LON-37.3,-0.35876190296563554,4200,deep
LAT39.5_LON-37.4,-0.3516311162103054,4200,deep
LAT39.5_LON-37.5,-0.3476222872945608,4200,deep
LAT39.5_LON-37.6,-0.3540332187583863,4200,deep
LAT39.5_LON-37.8,-0.3512967157236286,4200,deep
LAT39.5_LON-37.9,-0.3525524477515071,4200,deep
LAT39.5_LON-38.0,-0.3534889372645951,4200,deep
LAT39.5_LON-38.2,-0.35256106419777633,4200,deep
LAT39.5_LON-38.4,-0.3521265056248902,4200,deep
LAT39.5_LON-38.5,-0.3515983978216299,4200,deep
LAT39.5_LON-38.6,-0.351515284203433,4200,deep
LAT39.5_LON-38.7,-0.3508860215417574,4200,deep
LAT39.5_LON-38.8,-0.34821265183075795,4200,deep
LAT39.5_LON-38.9,-0.35211165910672143,4200,deep
LAT39.5_LON-39.0,-0.3474500358861381,4200,deep
LAT39.5_LON-39.4,-0.35139942832889415,4200,deep
LAT39.5_LON-39.6,-0.35151725236409914,4200,deep
LAT39.5_LON-39.7,-0.35072777086408413,4200,deep
LAT39.5_LON-39.8,-0.35409543854740405,4200,deep
LAT39.5_LON-39.9,-0.350794295971299,4200,deep
LAT39.6_LON-32.0,-0.3627489854674591,4200,deep
LAT39.6_LON-32.2,-0.35048103891474824,4200,deep
LAT39.6_LON-32.4,-0.3549432453140006,4200,deep
LAT39.6_LON-32.7,-0.35965198361519474,4200,deep
LAT39.6_LON-32.8,-0.3523579760729864,4200,deep
LAT39.6_LON-32.9,-0.3517048164067077,4200,deep
LAT39.6_LON-33.0,-0.35311374486649144,4200,deep
LAT39.6_LON-33.1,-0.353495997210005,4200,deep
LAT39.6_LON-33.3,-0.3509677985582384,4200,deep
LAT39.6_LON-33.5,-0.3527541014279133,4200,deep
LAT39.6_LON-33.6,-0.35480542038144786,4200,deep
LAT39.6_LON-33.7,-0.35311374486649144,4200,deep
LAT39.6_LON-33.8,-0.35327281171761243,4200,deep
LAT39.6_LON-33.9,-0.35074318795167886,4200,deep
LAT39.6_LON-34.1,-0.35365701627774404,4200,deep
LAT39.6_LON-34.4,-0.3542213754844818,4200,deep
LAT39.6_LON-34.5,-0.35125660692083405,4200,deep
LAT39.6_LON-34.6,-0.3550115592487129,4200,deep
LAT39.6_LON-34.7,-0.35163059006079367,4200,deep
LAT39.6_LON-34.8,-0.3493542821315734,4200,deep
LAT39.6_LON-34.9,-0.3482497365713211,4200,deep
LAT39.6_LON-35.0,-0.35390153077018216,4200,deep
LAT39.6_LON-35.2,-0.3491118504393943,4200,deep
LAT39.6_LON-35.3,-0.35271421515255147,4200,deep
LAT39.6_LON-35.4,-0.3502878964769522,4200,deep
LAT39.6_LON-35.5,-0.35141097157858975,4200,deep
LAT39.6_LON-35.6,-0.35061560949686976,4200,deep
LAT39.6_LON-35.7,-0.35467749318101965,4200,deep
LAT39.6_LON-35.8,-0.35213867181148695,4200,deep
LAT39.6_LON-35.9,-0.35360181620504505,4200,deep
LAT39.6_LON-36.0,-0.35381570394629924,4200,deep
LAT39.6_LON-36.2,-0.3521155166547379,4200,deep
LAT39.6_LON-36.3,-0.3538018936548939,4200,deep
LAT39.6_LON-36.4,-0.35112469259973333,4200,deep
LAT39.6_LON-36.6,-0.351662509313846,4200,deep
LAT39.6_LON-36.7,-0.35151334586290456,4200,deep
LAT39.6_LON-36.8,-0.35471459822782553,4200,deep
LAT39.6_LON-37.0,-0.35094803267218055,4200,deep
LAT39.6_LON-37.2,-0.36026102439162755,4200,deep
LAT39.6_LON-37.3,-0.34937136435834054,4200,deep
LAT39.6_LON-37.4,-0.3502421537909059,4200,deep
LAT39.6_LON-37.5,-0.35104275370431526,4200,deep
LAT39.6_LON-37.6,-0.3527562442855353,4200,deep
LAT39.6_LON-37.7,-0.34895980032814444,4200,deep
LAT39.6_LON-37.8,-0.3503713509172669,4200,deep
LAT39.6_LON-37.9,-0.3494659518818466,4200,deep
LAT39.6_LON-38.0,-0.374432219681485,4200,deep
LAT39.6_LON-38.1,-0.3516868417142396,4200,deep
LAT39.6_LON-38.2,-0.3481665949721734,4200,deep
LAT39.6_LON-38.3,-0.3526807406804272,4200,deep
LAT39.6_LON-38.4,-0.3544626207245559,4200,deep
LAT39.6_LON-38.5,-0.3493126103832594,4200,deep
LAT39.6_LON-38.6,-0.3529749075435938,4200,deep
LAT39.6_LON-38.7,-0.3491044330007391,4200,deep
LAT39.6_LON-38.8,-0.34800627233920034,4200,deep
LAT39.6_LON-39.0,-0.350268414911162,4200,deep
LAT39.6_LON-39.1,-0.35019005538838827,4200,deep
LAT39.6_LON-39.2,-0.34676399910253286,4200,deep
LAT39.6_LON-39.3,-0.35459852599030006,4200,deep
LAT39.6_LON-39.4,-0.35049132126987737,4200,deep
LAT39.6_LON-39.5,-0.35240281026330394,4200,deep
LAT39.6_LON-39.9,-0.3478873505620832,4200,deep
LAT39.7_LON-31.2,-0.3469180705326542,4200,deep
LAT39.7_LON-31.3,-0.35098595142588856,4200,deep
LAT39.7_LON-32.0,-0.3473349995387932,4200,deep
LAT39.7_LON-32.4,-0.35283373450057076,4200,deep
LAT39.7_LON-32.6,-0.3495835510430968,4200,deep
LAT39.7_LON-33.1,-0.3710170505850488,4200,deep
LAT39.7_LON-33.3,-0.3558626645858137,4200,deep
LAT39.7_LON-33.5,-0.35170987439838614,4200,deep
LAT39.7_LON-33.6,-0.351685548104163,4200,deep
LAT39.7_LON-33.7,-0.3542302819277904,4200,deep
LAT39.7_LON-33.9,-0.34794772500661614,4200,deep
LAT39.7_LON-34.0,-0.34965566353819033,4200,deep
LAT39.7_LON-34.1,-0.3509866342334553,4200,deep
LAT39.7_LON-34.2,-0.353986681322797,4200,deep
LAT39.7_LON-34.4,-0.3519458706083555,4200,deep
LAT39.7_LON-34.5,-0.35174835121187864,4200,deep
LAT39.7_LON-34.6,-0.35063083893357466,4200,deep
LAT39.7_LON-34.7,-0.3512982718000617,4200,deep
LAT39.7_LON-34.8,-0.35057200724162696,4200,deep
LAT39.7_LON-34.9,-0.35128432772888996,4200,deep
LAT39.7_LON-35.0,-0.3526587022892021,4200,deep
LAT39.7_LON-35.1,-0.35327281171761243,4200,deep
LAT39.7_LON-35.2,-0.3536218421132905,4200,deep
LAT39.7_LON-35.3,-0.3510553095948753,4200,deep
LAT39.7_LON-35.5,-0.34709712708535717,4200,deep
LAT39.7_LON-35.6,-0.352338885795253,4200,deep
LAT39.7_LON-35.7,-0.3497876765194927,4200,deep
LAT39.7_LON-35.8,-0.3485317827774901,4200,deep
LAT39.7_LON-35.9,-0.3500537275727705,4200,deep
LAT39.7_LON-36.0,-0.35501313037361343,4200,deep
LAT39.7_LON-36.1,-0.3528045026179622,4200,deep
LAT39.7_LON-36.2,-0.35043476143484464,4200,deep
LAT39.7_LON-36.3,-0.349993832527241,4200,deep
LAT39.7_LON-36.5,-0.35111184993837596,4200,deep
LAT39.7_LON-36.6,-0.35205491713133297,4200,deep
LAT39.7_LON-36.7,-0.35026770970712345,4200,deep
LAT39.7_LON-36.8,-0.3522027611361025,4200,deep
LAT39.7_LON-36.9,-0.35074373328938224,4200,deep
LAT39.7_LON-37.0,-0.3525623455547746,4200,deep
LAT39.7_LON-37.1,-0.35142871149239396,4200,deep
LAT39.7_LON-37.2,-0.346408108319325,4200,deep
LAT39.7_LON-37.3,-0.35114321743493904,4200,deep
LAT39.7_LON-37.4,-0.3542198839630757,4200,deep
LAT39.7_LON-37.6,-0.34963100477383807,4200,deep
LAT39.7_LON-37.7,-0.34937136435834054,4200,deep
LAT39.7_LON-37.8,-0.3506355141784388,4200,deep
LAT39.7_LON-38.0,-0.35197633393055777,4200,deep
LAT39.7_LON-38.1,-0.3507363297454216,4200,deep
LAT39.7_LON-38.2,-0.35148042767087223,4200,deep
LAT39.7_LON-38.3,-0.35140215857278817,4200,deep
LAT39.7_LON-38.4,-0.35072173205959317,4200,deep
LAT39.7_LON-38.7,-0.35567677111552015,4200,deep
LAT39.7_LON-38.8,-0.3543629301328888,4200,deep
LAT39.7_LON-38.9,-0.352178376950633,4200,deep
LAT39.7_LON-39.1,-0.3499386295154632,4200,deep
LAT39.7_LON-39.2,-0.34796215461989466,4200,deep
LAT39.7_LON-39.4,-0.35050889434937105,4200,deep
LAT39.7_LON-39.5,-0.3503982240178001,4200,deep
LAT39.7_LON-39.6,-0.3517931627866512,4200,deep
LAT39.7_LON-39.7,-0.34963100477383807,4200,deep
LAT39.7_LON-39.8,-0.3479381773445458,4200,deep
LAT39.7_LON-39.9,-0.35212284930182197,4200,deep
LAT39.7_LON-40.0,-0.3533867171555721,4200,deep
LAT39.8_LON-32.0,-0.3531479441751003,4200,deep
LAT39.8_LON-32.3,-0.34996713571334165,4200,deep
LAT39.8_LON-32.5,-0.35343406224196516,4200,deep
LAT39.8_LON-32.6,-0.364345627230733,4200,deep
LAT39.8_LON-33.0,-0.34867110023263065,4200,deep
LAT39.8_LON-33.1,-0.3530684863714883,4200,deep
LAT39.8_LON-33.4,-0.35161069812486223,4200,deep
LAT39.8_LON-33.5,-0.35390153077018216,4200,deep
LAT39.8_LON-33.6,-0.35876190296563554,4200,deep
LAT39.8_LON-33.8,-0.352190880464577,4200,deep
LAT39.8_LON-33.9,-0.3513444403324478,4200,deep
LAT39.8_LON-34.0,-0.35019005538838827,4200,deep
LAT39.8_LON-34.2,-0.3517931627866512,4200,deep
LAT39.8_LON-34.3,-0.35341530147779976,4200,deep
LAT39.8_LON-34.4,-0.35001046492074894,4200,deep
LAT39.8_LON-34.5,-0.348220983634474,4200,deep
LAT39.8_LON-34.8,-0.35357582062609527,4200,deep
LAT39.8_LON-34.9,-0.34903076709615544,4200,deep
LAT39.8_LON-35.1,-0.34991053297142105,4200,deep
LAT39.8_LON-35.2,-0.35397670557156136,4200,deep
LAT39.8_LON-35.3,-0.3522162021628923,4200,deep
LAT39.8_LON-35.4,-0.35140323022525305,4200,deep
LAT39.8_LON-35.5,-0.3518866095575346,4200,deep
LAT39.8_LON-35.9,-0.34737149974369713,4200,deep
LAT39.8_LON-36.0,-0.35417187509151604,4200,deep
LAT39.8_LON-36.1,-0.350221595492736,4200,deep
LAT39.8_LON-36.2,-0.35385182149974814,4200,deep
LAT39.8_LON-36.4,-0.3558626645858137,4200,deep
LAT39.8_LON-36.5,-0.3479970462390287,4200,deep
LAT39.8_LON-36.6,-0.35397670557156136,4200,deep
LAT39.8_LON-36.7,-0.3536452604101875,4200,deep
LAT39.8_LON-36.9,-0.34985502077304104,4200,deep
LAT39.8_LON-37.0,-0.3509444366773777,4200,deep
LAT39.8_LON-37.1,-0.3533327187259765,4200,deep
LAT39.8_LON-37.2,-0.3513593404789611,4200,deep
LAT39.8_LON-37.4,-0.3501587557696725,4200,deep
LAT39.8_LON-37.5,-0.3520423018217724,4200,deep
LAT39.8_LON-37.6,-0.350827038200421,4200,deep
LAT39.8_LON-37.7,-0.34905044129916935,4200,deep
LAT39.8_LON-37.8,-0.3477415624217006,4200,deep
LAT39.8_LON-38.1,-0.3496772951881358,4200,deep
LAT39.8_LON-38.2,-0.3506243196561569,4200,deep
LAT39.8_LON-38.3,-0.3511643567130204,4200,deep
LAT39.8_LON-38.4,-0.3523950507091121,4200,deep
LAT39.8_LON-38.5,-0.3529377795772849,4200,deep
LAT39.8_LON-38.6,-0.35657144228153254,4200,deep
LAT39.8_LON-38.7,-0.34828794537734664,4200,deep
LAT39.8_LON-38.9,-0.3510553095948753,4200,deep
LAT39.8_LON-39.3,-0.3531627970440698,4200,deep
LAT39.8_LON-39.4,-0.34967001113683865,4200,deep
LAT39.8_LON-39.5,-0.3538895774979191,4200,deep
LAT39.8_LON-39.6,-0.3478240433328541,4200,deep
LAT39.8_LON-40.0,-0.35324922449124047,4200,deep
LAT39.9_LON-32.3,-0.3555658676513405,4200,deep
LAT39.9_LON-32.6,-0.3519389773307313,4200,deep
LAT39.9_LON-32.7,-0.3730237919254692,4200,deep
LAT39.9_LON-32.8,-0.35471342940942796,4200,deep
LAT39.9_LON-33.1,-0.35014054840999886,4200,deep
LAT39.9_LON-33.2,-0.3535255003157669,4200,deep
LAT39.9_LON-33.3,-0.35369502184004453,4200,deep
LAT39.9_LON-33.4,-0.35080541207811705,4200,deep
LAT39.9_LON-33.5,-0.3524152949390958,4200,deep
LAT39.9_LON-33.6,-0.3527827525263422,4200,deep
LAT39.9_LON-33.8,-0.35019005538838827,4200,deep
LAT39.9_LON-34.0,-0.3523010721174007,4200,deep
LAT39.9_LON-34.1,-0.347424291234455,4200,deep
LAT39.9_LON-34.2,-0.35414847155804435,4200,deep
LAT39.9_LON-34.5,-0.3514004388381516,4200,deep
LAT39.9_LON-34.7,-0.3558626645858137,4200,deep
LAT39.9_LON-34.8,-0.35328861756283697,4200,deep
LAT39.9_LON-34.9,-0.34976306099382115,4200,deep
LAT39.9_LON-35.0,-0.34788897714039946,4200,deep
LAT39.9_LON-35.1,-0.3504359691531943,4200,deep
LAT39.9_LON-35.3,-0.35019005538838827,4200,deep
LAT39.9_LON-35.4,-0.35219146180352673,4200,deep
LAT39.9_LON-35.6,-0.3517931627866512,4200,deep
LAT39.9_LON-35.7,-0.35022069510950304,4200,deep
LAT39.9_LON-35.8,-0.34903739656194926,4200,deep
LAT39.9_LON-36.0,-0.353034829441497,4200,deep
LAT39.9_LON-36.1,-0.3510553095948753,4200,deep
LAT39.9_LON-36.2,-0.3508320075545137,4200,deep
LAT39.9_LON-36.3,-0.346408108319325,4200,deep
LAT39.9_LON-36.4,-0.3616202199922153,4200,deep
LAT39.9_LON-36.5,-0.35068893483841473,4200,deep
LAT39.9_LON-36.6,-0.35150891043741084,4200,deep
LAT39.9_LON-36.7,-0.3547188999866879,4200,deep
LAT39.9_LON-36.8,-0.35060332009322887,4200,deep
LAT39.9_LON-36.9,-0.3542299998327121,4200,deep
LAT39.9_LON-37.0,-0.3494932495593591,4200,deep
LAT39.9_LON-37.1,-0.35058268786125923,4200,deep
LAT39.9_LON-37.2,-0.35019005538838827,4200,deep
LAT39.9_LON-37.3,-0.3526587022892021,4200,deep
LAT39.9_LON-37.4,-0.35181858347930034,4200,deep
LAT39.9_LON-37.5,-0.3475298923345209,4200,deep
LAT39.9_LON-37.6,-0.3491968248014645,4200,deep
LAT39.9_LON-37.7,-0.35143545900658046,4200,deep
LAT39.9_LON-37.8,-0.34983725377978014,4200,deep
LAT39.9_LON-37.9,-0.3519125401178847,4200,deep
LAT39.9_LON-38.0,-0.34830511798471786,4200,deep
LAT39.9_LON-38.1,-0.3491968248014645,4200,deep
LAT39.9_LON-38.2,-0.3532402774375443,4200,deep
LAT39.9_LON-38.3,-0.3474982568577859,4200,deep
LAT39.9_LON-38.4,-0.3502136162326342,4200,deep
LAT39.9_LON-38.5,-0.351828575917187,4200,deep
LAT39.9_LON-38.6,-0.3493413785493343,4200,deep
LAT39.9_LON-38.7,-0.3534365456141788,4200,deep
LAT39.9_LON-38.8,-0.352055123368406,4200,deep
LAT39.9_LON-38.9,-0.3511519839277322,4200,deep
LAT39.9_LON-39.0,-0.3549699719780642,4200,deep
LAT39.9_LON-39.1,-0.3512979060767168,4200,deep
LAT39.9_LON-39.2,-0.3485314867955426,4200,deep
LAT39.9_LON-39.3,-0.350221595492736,4200,deep
LAT39.9_LON-39.4,-0.3519294113150849,4200,deep
LAT39.9_LON-39.5,-0.34998911515064984,4200,deep
LAT39.9_LON-39.6,-0.3498340829324929,4200,deep
LAT39.9_LON-39.7,-0.35136098667000004,4200,deep
LAT39.9_LON-39.9,-0.3494669538846365,4200,deep
LAT40.0_LON-32.2,-0.3491410835060798,4200,deep
LAT40.0_LON-32.3,-0.3483843043129567,4200,deep
LAT40.0_LON-32.4,-0.3475006089440464,4200,deep
LAT40.0_LON-32.5,-0.34704497761399095,4200,deep
LAT40.0_LON-32.6,-0.34937136435834054,4200,deep
LAT40.0_LON-32.7,-0.3517051876720532,4200,deep
LAT40.0_LON-33.0,-0.35132094710473527,4200,deep
LAT40.0_LON-33.5,-0.3542302819277904,4200,deep
LAT40.0_LON-34.0,-0.35027805010197377,4200,deep
LAT40.0_LON-34.1,-0.35471459822782553,4200,deep
LAT40.0_LON-34.5,-0.350362415618345,4200,deep
LAT40.0_LON-34.6,-0.3709079803176344,4200,deep
LAT40.0_LON-34.7,-0.3554039534074664,4200,deep
LAT40.0_LON-34.8,-0.35458080735885805,4200,deep
LAT40.0_LON-34.9,-0.3476590274472018,4200,deep
LAT40.0_LON-35.0,-0.3525860876026581,4500,deep
LAT40.0_LON-35.1,-0.3504359691531943,4200,deep
LAT40.0_LON-35.2,-0.34980912599853875,4500,deep
LAT40.0_LON-35.3,-0.3524402764801523,4500,deep
LAT40.0_LON-35.4,-0.3523603174004995,4500,deep
LAT40.0_LON-35.5,-0.35109077878248046,4200,deep
LAT40.0_LON-35.6,-0.3512979060767168,4200,deep
LAT40.0_LON-35.8,-0.35426696305250316,4500,deep
LAT40.0_LON-35.9,-0.35235442968259834,4500,deep
LAT40.0_LON-36.0,-0.35191599178471555,4500,deep
LAT40.0_LON-36.1,-0.34976590832717397,4200,deep
LAT40.0_LON-36.2,-0.3525276139263477,4200,deep
LAT40.0_LON-36.3,-0.3520655807055699,4500,deep
LAT40.0_LON-36.4,-0.35243759258674123,4500,deep
LAT40.0_LON-36.5,-0.3528147137423694,4200,deep
LAT40.0_LON-36.6,-0.354640423903083,4500,deep
LAT40.0_LON-36.7,-0.35232633966217336,4500,deep
LAT40.0_LON-36.8,-0.34873436414856296,4500,deep
LAT40.0_LON-36.9,-0.3524831070076368,4500,deep
LAT40.0_LON-37.0,-0.3498612554012649,4500,deep
LAT40.0_LON-37.1,-0.3514651481887971,4500,deep
LAT40.0_LON-37.2,-0.3525072064843834,4500,deep
LAT40.0_LON-37.4,-0.35370081145582605,4200,deep
LAT40.0_LON-37.5,-0.35266932586327476,4200,deep
LAT40.0_LON-37.6,-0.3512436760418461,4500,deep
LAT40.0_LON-37.7,-0.3493536342242474,4500,deep
LAT40.0_LON-37.8,-0.35173001908025503,4200,deep
LAT40.0_LON-38.0,-0.3494132831356629,4200,deep
LAT40.0_LON-38.1,-0.35138742567030795,4200,deep
LAT40.0_LON-38.2,-0.3523888036825762,4500,deep
LAT40.0_LON-38.3,-0.35272753047798777,4500,deep
LAT40.0_LON-38.4,-0.35217923869395756,4500,deep
LAT40.0_LON-38.5,-0.35137089043002073,4500,deep
LAT40.0_LON-38.6,-0.3512280169164168,4500,deep
LAT40.0_LON-38.7,-0.3527692286266911,4500,deep
LAT40.0_LON-38.8,-0.35022696508079576,4200,deep
LAT40.0_LON-38.9,-0.35179577574818727,4200,deep
LAT40.0_LON-39.1,-0.35058729333322936,4500,deep
LAT40.0_LON-39.2,-0.35017646715448253,4200,deep
LAT40.0_LON-39.3,-0.35098491431431383,4500,deep
LAT40.0_LON-39.4,-0.3473109814503329,4200,deep
LAT40.0_LON-39.5,-0.34972702065708816,4500,deep
LAT40.0_LON-39.6,-0.3491968248014645,4200,deep
LAT40.0_LON-39.7,-0.35234029440409653,4500,deep
LAT40.0_LON-39.9,-0.3510553095948753,4200,deep
LAT40.0_LON-40.1,-0.35370538572085874,4500,deep
LAT40.0_LON-40.4,-0.3539513220111512,4500,deep
LAT40.0_LON-40.5,-0.3502362256063442,4500,deep
LAT40.0_LON-41.1,-0.35267245076122505,4500,deep
LAT40.0_LON-41.3,-0.3512935906587853,4500,deep
LAT40.0_LON-41.4,-0.35031340422305046,4500,deep
LAT40.0_LON-41.6,-0.3531189352007817,4500,deep
LAT40.0_LON-41.7,-0.34982548797877794,4500,deep
LAT40.0_LON-41.8,-0.3545802871695196,4500,deep
LAT40.0_LON-42.0,-0.35173243214728206,4500,deep
LAT40.0_LON-42.1,-0.3499732986221721,4500,deep
LAT40.0_LON-42.2,-0.35196798427210074,4500,deep
LAT40.0_LON-42.5,-0.3506832325444291,4500,deep
LAT40.0_LON-42.6,-0.3520744191710903,4500,deep
LAT40.0_LON-42.9,-0.3497880504267189,4500,deep
LAT40.0_LON-43.0,-0.3502801884766045,4500,deep
LAT40.0_LON-43.1,-0.35172368498053586,4500,deep
LAT40.0_LON-43.2,-0.3521082114257791,4500,deep
LAT40.0_LON-43.3,-0.3506780066767865,4500,deep
LAT40.0_LON-43.5,-0.3533224894023409,4500,deep
LAT40.0_LON-43.6,-0.3523573793169585,4500,deep
LAT40.0_LON-43.7,-0.3541694262609907,4500,deep
LAT40.0_LON-43.9,-0.35325573886790257,4500,deep
LAT40.0_LON-44.1,-0.35658553598329795,4500,deep
LAT40.0_LON-44.2,-0.3542167323740831,4500,deep
LAT40.0_LON-44.4,-0.35353583823743595,4500,deep
LAT40.0_LON-44.6,-0.3536356078009806,4500,deep
LAT40.0_LON-44.8,-0.3529578083444998,4500,deep
LAT40.0_LON-44.9,-0.35234029440409653,4500,deep
LAT40.1_LON-35.0,-0.3495106062700962,4500,deep
LAT40.1_LON-35.1,-0.3528781625831739,4500,deep
LAT40.1_LON-35.2,-0.35062833683992894,4500,deep
LAT40.1_LON-35.3,-0.3514552642594608,4500,deep
LAT40.1_LON-35.4,-0.3528304842721978,4500,deep
LAT40.1_LON-35.5,-0.35414053567108694,4500,deep
LAT40.1_LON-35.6,-0.35298444746207525,4500,deep
LAT40.1_LON-35.7,-0.35078149866607655,4500,deep
LAT40.1_LON-35.8,-0.35010153698182506,4500,deep
LAT40.1_LON-35.9,-0.35840491379730927,4500,deep
LAT40.1_LON-36.0,-0.3530982305521046,4500,deep
LAT40.1_LON-36.1,-0.3540882086441169,4500,deep
LAT40.1_LON-36.2,-0.3506146594948598,4500,deep
LAT40.1_LON-36.3,-0.35211025341875335,4500,deep
LAT40.1_LON-36.4,-0.348788499990327,4500,deep
LAT40.1_LON-36.5,-0.35428258322376194,4500,deep
LAT40.1_LON-36.6,-0.3546101933292827,4500,deep
LAT40.1_LON-36.7,-0.3511616550311914,4500,deep
LAT40.1_LON-36.8,-0.3508761189688858,4500,deep
LAT40.1_LON-36.9,-0.35103134763539184,4500,deep
LAT40.1_LON-37.0,-0.35161236681902547,4500,deep
LAT40.1_LON-37.2,-0.3544908001761119,4500,deep
LAT40.1_LON-37.3,-0.35066923101194625,4500,deep
LAT40.1_LON-37.4,-0.3536011541981503,4500,deep
LAT40.1_LON-37.6,-0.3531455083831982,4500,deep
LAT40.1_LON-37.8,-0.3524885884186437,4500,deep
LAT40.1_LON-37.9,-0.3529064791262548,4500,deep
LAT40.1_LON-38.0,-0.3516239616863869,4500,deep
LAT40.1_LON-38.2,-0.34967181897351596,4500,deep
LAT40.1_LON-38.3,-0.350555914125958,4500,deep
LAT40.1_LON-38.4,-0.3500786187935264,4500,deep
LAT40.1_LON-38.5,-0.3519381855490647,4500,deep
LAT40.1_LON-38.7,-0.35278669066196794,4500,deep
LAT40.1_LON-38.8,-0.3495324554141416,4500,deep
LAT40.1_LON-38.9,-0.3505186882326292,4500,deep
LAT40.1_LON-39.0,-0.3529314925680169,4500,deep
LAT40.1_LON-39.1,-0.35022113684330636,4500,deep
LAT40.1_LON-39.2,-0.3496581668560982,4500,deep
LAT40.1_LON-39.4,-0.3521182500293464,4500,deep
LAT40.1_LON-39.6,-0.35294541045281574,4500,deep
LAT40.1_LON-39.8,-0.3477278448989689,4500,deep
LAT40.1_LON-40.0,-0.34704451417026744,4500,deep
LAT40.1_LON-40.2,-0.3511602290268,4500,deep
LAT40.1_LON-40.3,-0.348788499990327,4500,deep
LAT40.1_LON-40.4,-0.35143175117902226,4500,deep
LAT40.1_LON-40.5,-0.3540010240221149,4500,deep
LAT40.1_LON-40.6,-0.35247604225364215,4500,deep
LAT40.1_LON-40.7,-0.3473711414693968,4500,deep
LAT40.1_LON-40.8,-0.35356242021417406,4500,deep
LAT40.1_LON-40.9,-0.34780727728991206,4500,deep
LAT40.1_LON-41.2,-0.3541694262609907,4500,deep
LAT40.1_LON-41.3,-0.3521672391900379,4500,deep
LAT40.1_LON-41.4,-0.3518236809401332,4500,deep
LAT40.1_LON-41.6,-0.35253888104520303,4500,deep
LAT40.1_LON-41.7,-0.3521182500293464,4500,deep
LAT40.1_LON-41.8,-0.3521393199544321,4500,deep
LAT40.1_LON-41.9,-0.353806658246965,4500,deep
LAT40.1_LON-42.1,-0.34639390910712287,4500,deep
LAT40.1_LON-42.4,-0.3527240215588283,4500,deep
LAT40.1_LON-42.5,-0.35151177231736136,4500,deep
LAT40.1_LON-42.6,-0.3488804230554669,4500,deep
LAT40.1_LON-42.7,-0.3515287822760858,4500,deep
LAT40.1_LON-42.8,-0.3510273947188436,4500,deep
LAT40.1_LON-42.9,-0.351619769816763,4500,deep
LAT40.1_LON-43.0,-0.3518684306813119,4500,deep
LAT40.1_LON-43.1,-0.35071809134847953,4500,deep
LAT40.1_LON-43.2,-0.35345226839004884,4500,deep
LAT40.1_LON-43.3,-0.3530543743524303,4500,deep
LAT40.1_LON-43.4,-0.3538446261562936,4500,deep
LAT40.1_LON-43.8,-0.35382530586364497,4500,deep
LAT40.1_LON-43.9,-0.35483508569586425,4500,deep
LAT40.1_LON-44.1,-0.35358325221670917,4500,deep
LAT40.1_LON-44.2,-0.35319309214372074,4500,deep
LAT40.1_LON-44.3,-0.35103972343611733,4500,deep
LAT40.1_LON-44.4,-0.35352602452479354,4500,deep
LAT40.1_LON-44.6,-0.35050242259559733,4500,deep
LAT40.1_LON-44.7,-0.3529347687551002,4500,deep
LAT40.1_LON-44.8,-0.3536420257982361,4500,deep
LAT40.1_LON-44.9,-0.3497097917322127,4500,deep
LAT40.1_LON-45.0,-0.35330529431938684,4500,deep
LAT40.2_LON-35.0,-0.35385096487384937,4500,deep
LAT40.2_LON-35.1,-0.351120846079693,4500,deep
LAT40.2_LON-35.2,-0.35355942935576357,4500,deep
LAT40.2_LON-35.3,-0.3488038717116668,4500,deep
LAT40.2_LON-35.4,-0.35095007044961024,4500,deep
LAT40.2_LON-35.5,-0.34886148663846805,4500,deep
LAT40.2_LON-35.6,-0.3528815042677591,4500,deep
LAT40.2_LON-35.7,-0.35270528594094835,4500,deep
LAT40.2_LON-35.8,-0.35001196036652604,4500,deep
LAT40.2_LON-35.9,-0.34852180754411427,4500,deep
LAT40.2_LON-36.0,-0.349440842964167,4500,deep
LAT40.2_LON-36.1,-0.3503476126645576,4500,deep
LAT40.2_LON-36.2,-0.35173243214728206,4500,deep
LAT40.2_LON-36.3,-0.3522072560940499,4500,deep
LAT40.2_LON-36.5,-0.3516500735983718,4500,deep
LAT40.2_LON-36.6,-0.3519429014875374,4500,deep
LAT40.2_LON-36.7,-0.3519910696023476,4500,deep
LAT40.2_LON-36.8,-0.35197144389765994,4500,deep
LAT40.2_LON-36.9,-0.35451031719411424,4500,deep
LAT40.2_LON-37.0,-0.3517689270192486,4500,deep
LAT40.2_LON-37.1,-0.35289553649022815,4500,deep
LAT40.2_LON-37.2,-0.35100248969555825,4500,deep
LAT40.2_LON-37.3,-0.3477059815097414,4500,deep
LAT40.2_LON-37.4,-0.35038408113331515,4500,deep
LAT40.2_LON-37.5,-0.34848179609258584,4500,deep
LAT40.2_LON-37.6,-0.35304870557362195,4500,deep
LAT40.2_LON-37.7,-0.349573223760444,4500,deep
LAT40.2_LON-37.9,-0.3542835062902217,4500,deep
LAT40.2_LON-38.0,-0.3505511999922523,4500,deep
LAT40.2_LON-38.1,-0.3528892884043587,4500,deep
LAT40.2_LON-38.2,-0.3552749413528232,4500,deep
LAT40.2_LON-38.3,-0.3528316101870072,4500,deep
LAT40.2_LON-38.4,-0.35372086829756877,4500,deep
LAT40.2_LON-38.6,-0.35365416234101077,4500,deep
LAT40.2_LON-38.7,-0.34975791040750304,4500,deep
LAT40.2_LON-38.8,-0.3516962100137538,4500,deep
LAT40.2_LON-38.9,-0.35352602452479354,4500,deep
LAT40.2_LON-39.0,-0.3534113261521106,4500,deep
LAT40.2_LON-39.2,-0.351877169682385,4500,deep
LAT40.2_LON-39.4,-0.3512653129146639,4500,deep
LAT40.2_LON-39.5,-0.3525634474542163,4500,deep
LAT40.2_LON-39.7,-0.3532513189406387,4500,deep
LAT40.2_LON-40.1,-0.3520084226434128,4500,deep
LAT40.2_LON-40.2,-0.35057219519647836,4500,deep
LAT40.2_LON-40.3,-0.3543928828397904,4500,deep
LAT40.2_LON-40.5,-0.34966661104767915,4500,deep
LAT40.2_LON-40.6,-0.3473860292755128,4500,deep
LAT40.2_LON-40.7,-0.3520542543064391,4500,deep
LAT40.2_LON-40.8,-0.350500505156328,4500,deep
LAT40.2_LON-40.9,-0.34869633407789224,4500,deep
LAT40.2_LON-41.0,-0.3531507779947699,4500,deep
LAT40.2_LON-41.1,-0.34823128434342143,4500,deep
LAT40.2_LON-41.2,-0.3492269269886108,4500,deep
LAT40.2_LON-41.3,-0.34944180826569166,4500,deep
LAT40.2_LON-41.5,-0.35132527121506074,4500,deep
LAT40.2_LON-41.6,-0.35658553598329795,4500,deep
LAT40.2_LON-42.0,-0.3516349389233165,4500,deep
LAT40.2_LON-42.1,-0.3512400163725592,4500,deep
LAT40.2_LON-42.2,-0.35160435467878903,4500,deep
LAT40.2_LON-42.3,-0.3524697589877374,4500,deep
LAT40.2_LON-42.4,-0.3488682911497394,4500,deep
LAT40.2_LON-42.8,-0.3527593072617501,4500,deep
LAT40.2_LON-42.9,-0.3522681236656875,4500,deep
LAT40.2_LON-43.0,-0.3508967488667971,4500,deep
LAT40.2_LON-43.1,-0.3516134408051429,4500,deep
LAT40.2_LON-43.4,-0.353552914664535,4500,deep
LAT40.2_LON-43.5,-0.3523039116788811,4500,deep
LAT40.2_LON-43.6,-0.35416223093492893,4500,deep
LAT40.2_LON-43.7,-0.35179169607039895,4500,deep
LAT40.2_LON-43.8,-0.35256629410104967,4500,deep
LAT40.2_LON-44.1,-0.3503032732171572,4500,deep
LAT40.2_LON-44.2,-0.3534380689569821,4500,deep
LAT40.2_LON-44.4,-0.35425940897827873,4500,deep
LAT40.2_LON-44.5,-0.35223365323752753,4500,deep
LAT40.2_LON-44.6,-0.35098751605516704,4500,deep
LAT40.2_LON-44.7,-0.3525578358077951,4500,deep
LAT40.2_LON-44.8,-0.35207649221505244,4500,deep
LAT40.2_LON-44.9,-0.34848547659301055,4500,deep
LAT40.2_LON-45.0,-0.35220183570780267,4500,deep
LAT40.3_LON-35.1,-0.3511481585360179,4500,deep
LAT40.3_LON-35.2,-0.35007221697621116,4500,deep
LAT40.3_LON-35.4,-0.35138430699472323,4500,deep
LAT40.3_LON-35.5,-0.3520501744479804,4500,deep
LAT40.3_LON-35.6,-0.3519474405377997,4500,deep
LAT40.3_LON-35.7,-0.34983992946005105,4500,deep
LAT40.3_LON-35.8,-0.35320493978799716,4500,deep
LAT40.3_LON-35.9,-0.3544358120487916,4500,deep
LAT40.3_LON-36.0,-0.3502287348964588,4500,deep
LAT40.3_LON-36.1,-0.35069149059680726,4500,deep
LAT40.3_LON-36.2,-0.3484326105935103,4500,deep
LAT40.3_LON-36.3,-0.35157691059345697,4500,deep
LAT40.3_LON-36.4,-0.3523813549086939,4500,deep
LAT40.3_LON-36.5,-0.3528654933795012,4500,deep
LAT40.3_LON-36.6,-0.3526768995980265,4500,deep
LAT40.3_LON-36.7,-0.3517859727369243,4500,deep
LAT40.3_LON-36.8,-0.35090692293046793,4500,deep
LAT40.3_LON-36.9,-0.34704451417026744,4500,deep
LAT40.3_LON-37.0,-0.34622771694367876,4500,deep
LAT40.3_LON-37.1,-0.3543352401242743,4500,deep
LAT40.3_LON-37.2,-0.3530138783690128,4500,deep
LAT40.3_LON-37.3,-0.35398945017328326,4500,deep
LAT40.3_LON-37.4,-0.3506298280748673,4500,deep
LAT40.3_LON-37.5,-0.352631923136628,4500,deep
LAT40.3_LON-37.6,-0.34994374842847203,4500,deep
LAT40.3_LON-37.8,-0.35090692293046793,4500,deep
LAT40.3_LON-37.9,-0.35221018651287067,4500,deep
LAT40.3_LON-38.0,-0.3525441507708274,4500,deep
LAT40.3_LON-38.1,-0.3529818420988512,4500,deep
LAT40.3_LON-38.2,-0.35119952147946226,4500,deep
LAT40.3_LON-38.3,-0.35471619553915856,4500,deep
LAT40.3_LON-38.5,-0.35161429771466174,4500,deep
LAT40.3_LON-38.6,-0.35370060323738206,4500,deep
LAT40.3_LON-38.7,-0.3513980488667765,4500,deep
LAT40.3_LON-38.8,-0.3513676617933297,4500,deep
LAT40.3_LON-38.9,-0.3536766045041855,4500,deep
LAT40.3_LON-39.0,-0.3471731816408097,4500,deep
LAT40.3_LON-39.1,-0.35232616362117153,4500,deep
LAT40.3_LON-39.2,-0.3520313472607469,4500,deep
LAT40.3_LON-39.3,-0.3522563639725156,4500,deep
LAT40.3_LON-39.4,-0.35089757014551054,4500,deep
LAT40.3_LON-39.6,-0.34810419383125296,4500,deep
LAT40.3_LON-39.7,-0.35497440320004653,4500,deep
LAT40.3_LON-39.8,-0.3473860292755128,4500,deep
LAT40.3_LON-40.1,-0.35444363360937975,4500,deep
LAT40.3_LON-40.2,-0.3531102410101809,4500,deep
LAT40.3_LON-40.4,-0.35125906617618086,4500,deep
LAT40.3_LON-40.6,-0.351826559713711,4500,deep
LAT40.3_LON-40.7,-0.35117327223243827,4500,deep
LAT40.3_LON-40.9,-0.3505251976038452,4500,deep
LAT40.3_LON-41.0,-0.35292831187131474,4500,deep
LAT40.3_LON-41.6,-0.3517250171141023,4500,deep
LAT40.3_LON-41.7,-0.3512935906587853,4500,deep
LAT40.3_LON-42.1,-0.3524668197383768,4500,deep
LAT40.3_LON-42.2,-0.35356708381780083,4500,deep
LAT40.3_LON-42.3,-0.3531109065790658,4500,deep
LAT40.3_LON-42.4,-0.35169472701867627,4500,deep
LAT40.3_LON-42.5,-0.35255035373367416,4500,deep
LAT40.3_LON-42.6,-0.3538433873896015,4500,deep
LAT40.3_LON-42.7,-0.35401816817294895,4500,deep
LAT40.3_LON-42.8,-0.35514519514674514,4500,deep
LAT40.3_LON-42.9,-0.3517429688319557,4500,deep
LAT40.3_LON-43.1,-0.35218313058173206,4500,deep
LAT40.3_LON-43.2,-0.3498294904279088,4500,deep
LAT40.3_LON-43.4,-0.35358325221670917,4500,deep
LAT40.3_LON-43.5,-0.35359619235115564,4500,deep
LAT40.3_LON-43.6,-0.3529347687551002,4500,deep
LAT40.3_LON-43.7,-0.35263650446849315,4500,deep
LAT40.3_LON-43.9,-0.3531031993486192,4500,deep
LAT40.3_LON-44.0,-0.3529347687551002,4500,deep
LAT40.3_LON-44.1,-0.3502530167258257,4500,deep
LAT40.3_LON-44.2,-0.35233772432552324,4500,deep
LAT40.3_LON-44.4,-0.35183681176277243,4500,deep
LAT40.3_LON-44.5,-0.3528924796894877,4500,deep
LAT40.3_LON-44.6,-0.3512589197510139,4500,deep
LAT40.3_LON-44.7,-0.35271719148082076,4500,deep
LAT40.3_LON-44.9,-0.3532461352130545,4500,deep
LAT40.3_LON-45.0,-0.3495106062700962,4500,deep
LAT40.4_LON-35.0,-0.3499736492184483,4500,deep
LAT40.4_LON-35.2,-0.34733176444695046,4500,deep
LAT40.4_LON-35.4,-0.35210455810006064,4500,deep
LAT40.4_LON-35.5,-0.3446560179940684,4500,deep
LAT40.4_LON-35.6,-0.35265137416852976,4500,deep
LAT40.4_LON-35.7,-0.35267664909313035,4500,deep
LAT40.4_LON-35.8,-0.3563780877760926,4500,deep
LAT40.4_LON-35.9,-0.3517577798979411,4500,deep
LAT40.4_LON-36.0,-0.3523326107782854,4500,deep
LAT40.4_LON-36.1,-0.34823655976148116,4500,deep
LAT40.4_LON-36.2,-0.3529347687551002,4500,deep
LAT40.4_LON-36.3,-0.3511430904941099,4500,deep
LAT40.4_LON-36.4,-0.3520503355713207,4500,deep
LAT40.4_LON-36.5,-0.34908291479693965,4500,deep
LAT40.4_LON-36.6,-0.35183974373716076,4500,deep
LAT40.4_LON-36.7,-0.3505830715508302,4500,deep
LAT40.4_LON-36.8,-0.35428428851807964,4500,deep
LAT40.4_LON-37.1,-0.3528924796894877,4500,deep
LAT40.4_LON-37.3,-0.34954252419414933,4500,deep
LAT40.4_LON-37.4,-0.35471441472993503,4500,deep
LAT40.4_LON-37.5,-0.3516258864987124,4500,deep
LAT40.4_LON-37.7,-0.35274419271416035,4500,deep
LAT40.4_LON-37.8,-0.34810419383125296,4500,deep
LAT40.4_LON-37.9,-0.3534214615814646,4500,deep
LAT40.4_LON-38.1,-0.35077791183297785,4500,deep
LAT40.4_LON-38.3,-0.35349872188366854,4500,deep
LAT40.4_LON-38.5,-0.35012417085702163,4500,deep
LAT40.4_LON-38.6,-0.3517250171141023,4500,deep
LAT40.4_LON-38.7,-0.3527808888617124,4500,deep
LAT40.4_LON-38.8,-0.35072394524274997,4500,deep
LAT40.4_LON-38.9,-0.3496551228978292,4500,deep
LAT40.4_LON-39.0,-0.35302667123616643,4500,deep
LAT40.4_LON-39.2,-0.35169329019745316,4500,deep
LAT40.4_LON-39.3,-0.3529870589701729,4500,deep
LAT40.4_LON-39.4,-0.3528176999725554,4500,deep
LAT40.4_LON-39.6,-0.3521129735579921,4500,deep
LAT40.4_LON-39.7,-0.35274419271416035,4500,deep
LAT40.4_LON-39.8,-0.352461374798394,4500,deep
LAT40.4_LON-39.9,-0.3509789814928491,4500,deep
LAT40.4_LON-40.3,-0.35326457428217883,4500,deep
LAT40.4_LON-40.4,-0.349380590488216,4500,deep
LAT40.4_LON-40.6,-0.3464562767422099,4500,deep
LAT40.4_LON-40.7,-0.3523202449498023,4500,deep
LAT40.4_LON-40.8,-0.3516970521975618,4500,deep
LAT40.4_LON-40.9,-0.3474439236647758,4500,deep
LAT40.4_LON-41.0,-0.3497448227140903,4500,deep
LAT40.4_LON-41.1,-0.3517996262826892,4500,deep
LAT40.4_LON-41.2,-0.3522016762721469,4500,deep
LAT40.4_LON-41.3,-0.3480488354151684,4500,deep
LAT40.4_LON-41.4,-0.34866051915237917,4500,deep
LAT40.4_LON-41.5,-0.3472522536254234,4500,deep
LAT40.4_LON-41.7,-0.3538353945526844,4500,deep
LAT40.4_LON-41.8,-0.3525753372935643,4500,deep
LAT40.4_LON-42.1,-0.3519162466170429,4500,deep
LAT40.4_LON-42.2,-0.35691305781215343,4500,deep
LAT40.4_LON-42.3,-0.35220945790234687,4500,deep
LAT40.4_LON-42.4,-0.3520464146216225,4500,deep
LAT40.4_LON-42.5,-0.35103134763539184,4500,deep
LAT40.4_LON-42.6,-0.35494425912091954,4500,deep
LAT40.4_LON-42.7,-0.3526582700320809,4500,deep
LAT40.4_LON-42.8,-0.3521182500293464,4500,deep
LAT40.4_LON-42.9,-0.35325192679002837,4500,deep
LAT40.4_LON-43.0,-0.3522305292625112,4500,deep
LAT40.4_LON-43.1,-0.3529347687551002,4500,deep
LAT40.4_LON-43.2,-0.3534423524590494,4500,deep
LAT40.4_LON-43.3,-0.35295703102607723,4500,deep
LAT40.4_LON-43.4,-0.3528282714895449,4500,deep
LAT40.4_LON-43.7,-0.3520407197750093,4500,deep
LAT40.4_LON-43.8,-0.3545884072018282,4500,deep
LAT40.4_LON-43.9,-0.3524887316134852,4500,deep
LAT40.4_LON-44.1,-0.3514424682048901,4500,deep
LAT40.4_LON-44.3,-0.3525441507708274,4500,deep
LAT40.4_LON-44.4,-0.34871529965847675,4500,deep
LAT40.4_LON-44.6,-0.3521885280386225,4500,deep
LAT40.4_LON-44.7,-0.35418085224785306,4500,deep
LAT40.4_LON-44.8,-0.35274419271416035,4500,deep
LAT40.5_LON-35.0,-0.35382530586364497,4500,deep
LAT40.5_LON-35.1,-0.35260736710456536,4500,deep
LAT40.5_LON-35.2,-0.3510414364308373,4500,deep
LAT40.5_LON-35.3,-0.3504162323802889,4500,deep
LAT40.5_LON-35.4,-0.34820085228258446,4500,deep
LAT40.5_LON-35.5,-0.3536525270452751,4500,deep
LAT40.5_LON-35.6,-0.35840491379730927,4500,deep
LAT40.5_LON-35.7,-0.35234029440409653,4500,deep
LAT40.5_LON-35.8,-0.34935289909768,4500,deep
LAT40.5_LON-35.9,-0.3494760768552687,4500,deep
LAT40.5_LON-36.0,-0.3502789725947147,4500,deep
LAT40.5_LON-36.1,-0.35412522307762184,4500,deep
LAT40.5_LON-36.2,-0.3512850889142324,4500,deep
LAT40.5_LON-36.3,-0.35363181946498057,4500,deep
LAT40.5_LON-36.4,-0.34915639334168214,4500,deep
LAT40.5_LON-36.5,-0.35054506851954265,4500,deep
LAT40.5_LON-36.6,-0.3504746235347519,4500,deep
LAT40.5_LON-36.7,-0.3538433873896015,4500,deep
LAT40.5_LON-36.9,-0.3499248190897244,4500,deep
LAT40.5_LON-37.0,-0.35120832087430115,4500,deep
LAT40.5_LON-37.1,-0.3517996262826892,4500,deep
LAT40.5_LON-37.2,-0.35105753514183713,4500,deep
LAT40.5_LON-37.3,-0.3486050097390667,4500,deep
LAT40.5_LON-37.4,-0.3512097542155183,4500,deep
LAT40.5_LON-37.6,-0.3516904386952299,4500,deep
LAT40.5_LON-37.7,-0.3506200410238012,4500,deep
LAT40.5_LON-37.8,-0.3496349920529278,4500,deep
LAT40.5_LON-37.9,-0.3511630975215856,4500,deep
LAT40.5_LON-38.0,-0.3541951593799827,4500,deep
LAT40.5_LON-38.1,-0.3492231097986196,4500,deep
LAT40.5_LON-38.2,-0.35436149542295114,4500,deep
LAT40.5_LON-38.3,-0.3504777766639151,4500,deep
LAT40.5_LON-38.4,-0.3517954421722248,4500,deep
LAT40.5_LON-38.5,-0.3509644588904512,4500,deep
LAT40.5_LON-38.9,-0.35367131159428555,4500,deep
LAT40.5_LON-39.0,-0.351083890950066,4500,deep
LAT40.5_LON-39.2,-0.35142832033811394,4500,deep
LAT40.5_LON-39.3,-0.3531361552595723,4500,deep
LAT40.5_LON-39.4,-0.34823128434342143,4500,deep
LAT40.5_LON-39.5,-0.35267401653269803,4500,deep
LAT40.5_LON-40.0,-0.34780727728991206,4500,deep
LAT40.5_LON-40.2,-0.3530787721310147,4500,deep
LAT40.5_LON-40.3,-0.3516733178263612,4500,deep
LAT40.5_LON-40.4,-0.3516884712946948,4500,deep
LAT40.5_LON-40.5,-0.35218313058173206,4500,deep
LAT40.5_LON-40.7,-0.3517250171141023,4500,deep
LAT40.5_LON-40.8,-0.34874079664421387,4500,deep
LAT40.5_LON-40.9,-0.35305281429126206,4500,deep
LAT40.5_LON-41.0,-0.35306909348003895,4500,deep
LAT40.5_LON-41.1,-0.35183309863724443,4500,deep
LAT40.5_LON-41.2,-0.3504499174350161,4500,deep
LAT40.5_LON-41.3,-0.34843002733478945,4500,deep
LAT40.5_LON-41.5,-0.3521248509862416,4500,deep
LAT40.5_LON-41.7,-0.3521672391900379,4500,deep
LAT40.5_LON-41.8,-0.35144949699915623,4500,deep
LAT40.5_LON-41.9,-0.3534113261521106,4500,deep
LAT40.5_LON-42.0,-0.3532681164294474,4500,deep
LAT40.5_LON-42.1,-0.35274419271416035,4500,deep
LAT40.5_LON-42.2,-0.35363964371232587,4500,deep
LAT40.5_LON-42.3,-0.35346938912802306,4500,deep
LAT40.5_LON-42.4,-0.35203755681218096,4500,deep
LAT40.5_LON-42.5,-0.34975435814300826,4500,deep
LAT40.5_LON-42.7,-0.3537391872400265,4500,deep
LAT40.5_LON-42.8,-0.3543656434464535,4500,deep
LAT40.5_LON-42.9,-0.35280355000711505,4500,deep
LAT40.5_LON-43.0,-0.35207667179352337,4500,deep
LAT40.5_LON-43.1,-0.3535936853048039,4500,deep
LAT40.5_LON-43.4,-0.3533478540643742,4500,deep
LAT40.5_LON-43.5,-0.351273672428446,4500,deep
LAT40.5_LON-43.7,-0.3563831082794985,4500,deep
LAT40.5_LON-43.8,-0.35314855567532727,4500,deep
LAT40.5_LON-44.0,-0.3523798447426987,4500,deep
LAT40.5_LON-44.1,-0.3506556146365131,4500,deep
LAT40.5_LON-44.2,-0.3536249713131845,4500,deep
LAT40.5_LON-44.3,-0.3523202449498023,4500,deep
LAT40.5_LON-44.4,-0.3530817051934347,4500,deep
LAT40.5_LON-44.5,-0.3573050355874173,4500,deep
LAT40.5_LON-44.6,-0.351656504407796,4500,deep
LAT40.5_LON-44.7,-0.35273930518703867,4500,deep
LAT40.5_LON-44.8,-0.3549067717491407,4500,deep
LAT40.5_LON-44.9,-0.34773157481693656,4500,deep
LAT40.6_LON-35.0,-0.3525634474542163,4500,deep
LAT40.6_LON-35.1,-0.3466993397582908,4500,deep
LAT40.6_LON-35.3,-0.34874053140449546,4500,deep
LAT40.6_LON-35.4,-0.3472522536254234,4500,deep
LAT40.6_LON-35.6,-0.34933040028511264,4500,deep
LAT40.6_LON-35.7,-0.352335790569565,4500,deep
LAT40.6_LON-35.9,-0.3458207728492502,4500,deep
LAT40.6_LON-36.1,-0.35208964090825534,4500,deep
LAT40.6_LON-36.2,-0.34994456906950117,4500,deep
LAT40.6_LON-36.4,-0.34981727104351745,4500,deep
LAT40.6_LON-36.6,-0.3508912181553667,4500,deep
LAT40.6_LON-36.7,-0.3508924342569302,4500,deep
LAT40.6_LON-36.8,-0.3508730927372601,4500,deep
LAT40.6_LON-36.9,-0.3529809974949567,4500,deep
LAT40.6_LON-37.1,-0.35134654515008684,4500,deep
LAT40.6_LON-37.2,-0.3521885280386225,4500,deep
LAT40.6_LON-37.3,-0.3503434025723482,4500,deep
LAT40.6_LON-37.4,-0.3505559193768019,4500,deep
LAT40.6_LON-37.6,-0.35274419271416035,4500,deep
LAT40.6_LON-37.7,-0.3515058524731726,4500,deep
LAT40.6_LON-37.8,-0.3503535478765796,4500,deep
LAT40.6_LON-37.9,-0.35059962508184694,4500,deep
LAT40.6_LON-38.1,-0.3511260434680912,4500,deep
LAT40.6_LON-38.2,-0.3504269184646356,4500,deep
LAT40.6_LON-38.5,-0.3524825402948042,4500,deep
LAT40.6_LON-38.7,-0.3536249640006624,4500,deep
LAT40.6_LON-38.8,-0.3540987304487688,4500,deep
LAT40.6_LON-38.9,-0.34849501438779157,4500,deep
LAT40.6_LON-39.0,-0.35237565402853904,4500,deep
LAT40.6_LON-39.1,-0.3465715906821642,4500,deep
LAT40.6_LON-39.4,-0.3484902047568027,4500,deep
LAT40.6_LON-39.5,-0.35066319104896987,4500,deep
LAT40.6_LON-39.6,-0.35260872870894444,4500,deep
LAT40.6_LON-39.7,-0.3522702202546064,4500,deep
LAT40.6_LON-40.1,-0.3508492283261447,4500,deep
LAT40.6_LON-40.2,-0.3539260075538699,4500,deep
LAT40.6_LON-40.6,-0.35129081459895106,4500,deep
LAT40.6_LON-40.7,-0.35272961480243914,4500,deep
LAT40.6_LON-40.8,-0.3506277242817747,4500,deep
LAT40.6_LON-40.9,-0.35408321749989213,4500,deep
LAT40.6_LON-41.0,-0.3496077288831835,4500,deep
LAT40.6_LON-41.1,-0.3483500681096717,4500,deep
LAT40.6_LON-41.2,-0.3524298397607699,4500,deep
LAT40.6_LON-41.3,-0.3468193143740028,4500,deep
LAT40.6_LON-41.4,-0.3507076536477161,4500,deep
LAT40.6_LON-41.5,-0.3528647404201233,4500,deep
LAT40.6_LON-41.7,-0.3502904189823993,4500,deep
LAT40.6_LON-42.0,-0.3557741810224603,4500,deep
LAT40.6_LON-42.1,-0.3548469543396819,4500,deep
LAT40.6_LON-42.2,-0.354640423903083,4500,deep
LAT40.6_LON-42.4,-0.35473549299181456,4500,deep
LAT40.6_LON-42.5,-0.3483745320182854,4500,deep
LAT40.6_LON-42.6,-0.352258306416974,4500,deep
LAT40.6_LON-42.7,-0.3541521060272022,4500,deep
LAT40.6_LON-42.8,-0.35223566094427017,4500,deep
LAT40.6_LON-42.9,-0.35232616362117153,4500,deep
LAT40.6_LON-43.0,-0.35436149542295114,4500,deep
LAT40.6_LON-43.1,-0.3532865913888451,4500,deep
LAT40.6_LON-43.2,-0.35416967395145155,4500,deep
LAT40.6_LON-43.3,-0.3544358120487916,4500,deep
LAT40.6_LON-43.4,-0.35301711752300524,4500,deep
LAT40.6_LON-43.6,-0.35170896756899694,4500,deep
LAT40.6_LON-43.7,-0.3518043718344396,4500,deep
LAT40.6_LON-43.8,-0.3518112192954121,4500,deep
LAT40.6_LON-43.9,-0.3515598326456445,4500,deep
LAT40.6_LON-44.1,-0.3518729955478356,4500,deep
LAT40.6_LON-44.2,-0.35422243430923506,4500,deep
LAT40.6_LON-44.3,-0.3499016893574067,4500,deep
LAT40.6_LON-44.4,-0.3501071704814301,4500,deep
LAT40.6_LON-44.5,-0.3500310093436581,4500,deep
LAT40.6_LON-44.6,-0.35207350493248857,4500,deep
LAT40.6_LON-44.7,-0.35395059560643416,4500,deep
LAT40.6_LON-44.8,-0.3525860876026581,4500,deep
LAT40.6_LON-44.9,-0.3536249640006624,4500,deep
LAT40.6_LON-45.0,-0.3521182500293464,4500,deep
LAT40.7_LON-35.1,-0.35063993230977597,4500,deep
LAT40.7_LON-35.6,-0.3521964878840998,4500,deep
LAT40.7_LON-35.7,-0.35114679885734434,4500,deep
LAT40.7_LON-35.8,-0.3507131163931723,4500,deep
LAT40.7_LON-36.0,-0.3516342952411074,4500,deep
LAT40.7_LON-36.3,-0.3487512679428302,4500,deep
LAT40.7_LON-36.4,-0.35169329019745316,4500,deep
LAT40.7_LON-36.5,-0.35132874091004423,4500,deep
LAT40.7_LON-36.7,-0.34967181897351596,4500,deep
LAT40.7_LON-36.8,-0.3532869041714898,4500,deep
LAT40.7_LON-36.9,-0.3516268293703824,4500,deep
LAT40.7_LON-37.0,-0.3523490286451875,4500,deep
LAT40.7_LON-37.1,-0.35201260770024956,4500,deep
LAT40.7_LON-37.3,-0.3507003495332487,4500,deep
LAT40.7_LON-37.4,-0.35141508102337315,4500,deep
LAT40.7_LON-37.5,-0.3500826990216131,4500,deep
LAT40.7_LON-37.7,-0.3489888005562475,4500,deep
LAT40.7_LON-37.8,-0.35301171438343176,4500,deep
LAT40.7_LON-38.0,-0.35326457428217883,4500,deep
LAT40.7_LON-38.2,-0.35247683035719096,4500,deep
LAT40.7_LON-38.3,-0.3504746235347519,4500,deep
LAT40.7_LON-38.4,-0.35308087070151634,4500,deep
LAT40.7_LON-38.5,-0.35064116973282144,4500,deep
LAT40.7_LON-38.6,-0.3480943205390878,4500,deep
LAT40.7_LON-39.2,-0.35183309863724443,4500,deep
LAT40.7_LON-39.5,-0.34880867940108523,4500,deep
LAT40.7_LON-39.8,-0.35345226839004884,4500,deep
LAT40.7_LON-39.9,-0.35027283126687636,4500,deep
LAT40.7_LON-40.0,-0.35222011240040124,4500,deep
LAT40.7_LON-40.1,-0.34686642912117943,4500,deep
LAT40.7_LON-40.2,-0.3507971839274178,4500,deep
LAT40.7_LON-40.3,-0.35229869550556603,4500,deep
LAT40.7_LON-40.5,-0.34713463232869346,4500,deep
LAT40.7_LON-40.6,-0.3525860876026581,4500,deep
LAT40.7_LON-40.9,-0.35177294713216395,4500,deep
LAT40.7_LON-41.0,-0.35356708381780083,4500,deep
LAT40.7_LON-41.2,-0.3538353945526844,4500,deep
LAT40.7_LON-41.6,-0.34686642912117943,4500,deep
LAT40.7_LON-41.8,-0.3490208152317476,4500,deep
LAT40.7_LON-41.9,-0.3528501791021076,4500,deep
LAT40.7_LON-42.2,-0.35237565402853904,4500,deep
LAT40.7_LON-42.4,-0.34853821416842634,4500,deep
LAT40.7_LON-42.5,-0.3511423342538252,4500,deep
LAT40.7_LON-42.7,-0.35282551233398607,4500,deep
LAT40.7_LON-42.8,-0.3515731753383291,4500,deep
LAT40.7_LON-42.9,-0.3539513220111512,4500,deep
LAT40.7_LON-43.0,-0.35328294645427205,4500,deep
LAT40.7_LON-43.1,-0.35423713081740404,4500,deep
LAT40.7_LON-43.2,-0.35025184690287436,4500,deep
LAT40.7_LON-43.3,-0.35439693546671375,4500,deep
LAT40.7_LON-43.4,-0.3548469543396819,4500,deep
LAT40.7_LON-43.5,-0.3517250171141023,4500,deep
LAT40.7_LON-43.6,-0.3544069014326534,4500,deep
LAT40.7_LON-43.7,-0.3523413076174813,4500,deep
LAT40.7_LON-43.8,-0.3535936853048039,4500,deep
LAT40.7_LON-43.9,-0.35056587487591667,4500,deep
LAT40.7_LON-44.2,-0.34860186427792955,4500,deep
LAT40.7_LON-44.3,-0.353806658246965,4500,deep
LAT40.7_LON-44.4,-0.35371278906182485,4500,deep
LAT40.7_LON-44.5,-0.3532535175847369,4500,deep
LAT40.7_LON-44.6,-0.35384235742750736,4500,deep
LAT40.7_LON-44.7,-0.3532958046500459,4500,deep
LAT40.7_LON-44.9,-0.349340352595573,4500,deep
LAT40.7_LON-45.0,-0.3540258750275968,4500,deep
LAT40.8_LON-35.2,-0.3498149277169998,4500,deep
LAT40.8_LON-35.3,-0.35170264369933824,4500,deep
LAT40.8_LON-35.4,-0.35345226839004884,4500,deep
LAT40.8_LON-35.5,-0.3505397177693349,4500,deep
LAT40.8_LON-35.6,-0.3491156797197258,4500,deep
LAT40.8_LON-35.7,-0.3480959023113098,4500,deep
LAT40.8_LON-35.8,-0.3469145620703046,4500,deep
LAT40.8_LON-36.1,-0.3516902569717797,4500,deep
LAT40.8_LON-36.2,-0.3491075151031738,4500,deep
LAT40.8_LON-36.3,-0.3488939780068956,4500,deep
LAT40.8_LON-36.5,-0.3505397177693349,4500,deep
LAT40.8_LON-36.6,-0.3532681164294474,4500,deep
LAT40.8_LON-36.7,-0.3532681164294474,4500,deep
LAT40.8_LON-36.8,-0.35564502379026663,4500,deep
LAT40.8_LON-36.9,-0.35150985379030036,4500,deep
LAT40.8_LON-37.1,-0.3496702980411229,4500,deep
LAT40.8_LON-37.2,-0.35301171438343176,4500,deep
LAT40.8_LON-37.3,-0.3514805033605527,4500,deep
LAT40.8_LON-37.4,-0.3518354232010031,4500,deep
LAT40.8_LON-37.5,-0.3525404971447984,4500,deep
LAT40.8_LON-37.6,-0.3530126201925944,4500,deep
LAT40.8_LON-37.7,-0.35103134763539184,4500,deep
LAT40.8_LON-37.8,-0.35115623260834145,4500,deep
LAT40.8_LON-37.9,-0.3516067341127091,4500,deep
LAT40.8_LON-38.0,-0.34991295159910946,4500,deep
LAT40.8_LON-38.1,-0.3514847702757238,4500,deep
LAT40.8_LON-38.2,-0.3515899981995001,4500,deep
LAT40.8_LON-38.4,-0.34899642294082883,4500,deep
LAT40.8_LON-38.5,-0.35270125340620617,4500,deep
LAT40.8_LON-38.6,-0.3512935906587853,4500,deep
LAT40.8_LON-39.0,-0.35203677831922603,4500,deep
LAT40.8_LON-39.5,-0.3465918153515793,4500,deep
LAT40.8_LON-39.6,-0.3516733178263612,4500,deep
LAT40.8_LON-39.7,-0.3521441569087631,4500,deep
LAT40.8_LON-39.8,-0.34765330869838673,4500,deep
LAT40.8_LON-39.9,-0.3504746235347519,4500,deep
LAT40.8_LON-40.0,-0.3503458674924122,4500,deep
LAT40.8_LON-40.1,-0.3506156057595476,4500,deep
LAT40.8_LON-40.2,-0.35103475161481335,4500,deep
LAT40.8_LON-40.4,-0.35145188907391184,4500,deep
LAT40.8_LON-40.7,-0.34922924520377785,4500,deep
LAT40.8_LON-40.9,-0.35142832033811394,4500,deep
LAT40.8_LON-41.5,-0.3488346492204897,4500,deep
LAT40.8_LON-41.6,-0.3534569333328059,4500,deep
LAT40.8_LON-41.7,-0.3523413076174813,4500,deep
LAT40.8_LON-41.8,-0.3527691038627085,4500,deep
LAT40.8_LON-41.9,-0.3514140449606735,4500,deep
LAT40.8_LON-42.1,-0.3461378463863648,4500,deep
LAT40.8_LON-42.2,-0.3539513220111512,4500,deep
LAT40.8_LON-42.4,-0.3505910297160451,4500,deep
LAT40.8_LON-42.6,-0.35294127438525136,4500,deep
LAT40.8_LON-42.7,-0.351217251318823,4500,deep
LAT40.8_LON-42.8,-0.35434206555376807,4500,deep
LAT40.8_LON-42.9,-0.3522220051073368,4500,deep
LAT40.8_LON-43.0,-0.3501116374757129,4500,deep
LAT40.8_LON-43.1,-0.3531277685816636,4500,deep
LAT40.8_LON-43.2,-0.35140626339620495,4500,deep
LAT40.8_LON-43.5,-0.350526569996434,4500,deep
LAT40.8_LON-43.6,-0.35222864087020933,4500,deep
LAT40.8_LON-43.7,-0.34733176444695046,4500,deep
LAT40.8_LON-43.8,-0.35537441112950413,4500,deep
LAT40.8_LON-43.9,-0.3537468384385301,4500,deep
LAT40.8_LON-44.0,-0.3520941852154044,4500,deep
LAT40.8_LON-44.1,-0.351907874434324,4500,deep
LAT40.8_LON-44.2,-0.35289868087149306,4500,deep
LAT40.8_LON-44.3,-0.35190577011339974,4500,deep
LAT40.8_LON-44.4,-0.35358352954640226,4500,deep
LAT40.8_LON-44.5,-0.35312980432101493,4500,deep
LAT40.8_LON-44.6,-0.35113095470591826,4500,deep
LAT40.8_LON-44.7,-0.35234029440409653,4500,deep
LAT40.8_LON-44.8,-0.3534380689569821,4500,deep
LAT40.8_LON-44.9,-0.35564502379026663,4500,deep
LAT40.9_LON-35.7,-0.35083553420924257,4500,deep
LAT40.9_LON-35.8,-0.3509757333894995,4500,deep
LAT40.9_LON-36.0,-0.34962712487564934,4500,deep
LAT40.9_LON-36.2,-0.3521545607499263,4500,deep
LAT40.9_LON-36.4,-0.34998151797821925,4500,deep
LAT40.9_LON-36.6,-0.3517250171141023,4500,deep
LAT40.9_LON-36.7,-0.35274419271416035,4500,deep
LAT40.9_LON-36.9,-0.3523238824038011,4500,deep
LAT40.9_LON-37.0,-0.351457685898937,4500,deep
LAT40.9_LON-37.1,-0.34947432809079176,4500,deep
LAT40.9_LON-37.2,-0.3523039116788811,4500,deep
LAT40.9_LON-37.6,-0.3529563401744454,4500,deep
LAT40.9_LON-37.8,-0.3516468515001253,4500,deep
LAT40.9_LON-37.9,-0.3526898650954433,4500,deep
LAT40.9_LON-38.0,-0.35278711758698544,4500,deep
LAT40.9_LON-38.1,-0.35172368498053586,4500,deep
LAT40.9_LON-38.2,-0.35198118069202367,4500,deep
LAT40.9_LON-38.4,-0.34960349803029367,4500,deep
LAT40.9_LON-38.5,-0.3506832325444291,4500,deep
LAT40.9_LON-38.6,-0.35169189013000046,4500,deep
LAT40.9_LON-38.7,-0.3497967266093559,4500,deep
LAT40.9_LON-38.8,-0.34866051915237917,4500,deep
LAT40.9_LON-38.9,-0.3479600433158147,4500,deep
LAT40.9_LON-39.0,-0.3542819525259817,4500,deep
LAT40.9_LON-39.9,-0.3534113261521106,4500,deep
LAT40.9_LON-40.0,-0.34916308456433665,4500,deep
LAT40.9_LON-40.2,-0.34911675781033574,4500,deep
LAT40.9_LON-40.3,-0.3522634627607103,4500,deep
LAT40.9_LON-40.5,-0.3517699363220501,4500,deep
LAT40.9_LON-40.7,-0.35395614733535946,4500,deep
LAT40.9_LON-40.8,-0.34967181897351596,4500,deep
LAT40.9_LON-40.9,-0.35400241040683755,4500,deep
LAT40.9_LON-41.1,-0.3534113261521106,4500,deep
LAT40.9_LON-41.4,-0.35222052931553066,4500,deep
LAT40.9_LON-41.5,-0.35271719148082076,4500,deep
LAT40.9_LON-41.6,-0.3500536144227378,4500,deep
LAT40.9_LON-41.7,-0.3545855241575301,4500,deep
LAT40.9_LON-41.8,-0.3458207728492502,4500,deep
LAT40.9_LON-42.0,-0.3485433009083644,4500,deep
LAT40.9_LON-42.2,-0.3517362432414313,4500,deep
LAT40.9_LON-42.4,-0.35237565402853904,4500,deep
LAT40.9_LON-42.6,-0.35193673544901977,4500,deep
LAT40.9_LON-42.7,-0.3508249046365217,4500,deep
LAT40.9_LON-42.8,-0.3494596554103083,4500,deep
LAT40.9_LON-42.9,-0.35435236280190135,4500,deep
LAT40.9_LON-43.0,-0.3502978943574489,4500,deep
LAT40.9_LON-43.1,-0.3471267312156104,4500,deep
LAT40.9_LON-43.3,-0.3527021669379039,4500,deep
LAT40.9_LON-43.4,-0.3534859550471777,4500,deep
LAT40.9_LON-43.5,-0.35070375059880365,4500,deep
LAT40.9_LON-43.8,-0.3547946560196648,4500,deep
LAT40.9_LON-44.0,-0.3516970521975618,4500,deep
LAT40.9_LON-44.1,-0.35151224828428357,4500,deep
LAT40.9_LON-44.2,-0.35075854875781126,4500,deep
LAT40.9_LON-44.3,-0.3531798471897906,4500,deep
LAT40.9_LON-44.5,-0.3550393328417081,4500,deep
LAT40.9_LON-44.6,-0.35274419271416035,4500,deep
LAT40.9_LON-44.8,-0.3519540738479172,4500,deep
LAT40.9_LON-44.9,-0.3474154615441776,4500,deep
LAT41.0_LON-35.2,-0.3496551228978292,4500,deep
LAT41.0_LON-35.3,-0.3538978795906342,4500,deep
LAT41.0_LON-35.5,-0.35345226839004884,4500,deep
LAT41.0_LON-35.6,-0.3499736492184483,4500,deep
LAT41.0_LON-35.7,-0.3529347687551002,4500,deep
LAT41.0_LON-35.8,-0.3538588340053287,4500,deep
LAT41.0_LON-35.9,-0.35208518175681336,4500,deep
LAT41.0_LON-36.0,-0.3491545609903599,4500,deep
LAT41.0_LON-36.1,-0.35175151801002846,4500,deep
LAT41.0_LON-36.3,-0.3545802871695196,4500,deep
LAT41.0_LON-36.4,-0.3528892884043587,4500,deep
LAT41.0_LON-36.5,-0.3513342725619485,4500,deep
LAT41.0_LON-36.6,-0.3523413076174813,4500,deep
LAT41.0_LON-36.8,-0.34892910716612957,4500,deep
LAT41.0_LON-37.0,-0.35103475161481335,4500,deep
LAT41.0_LON-37.1,-0.3504748880752193,4500,deep
LAT41.0_LON-37.2,-0.3529258346656684,4500,deep
LAT41.0_LON-37.3,-0.3485595404659357,4500,deep
LAT41.0_LON-37.4,-0.3523573793169585,4500,deep
LAT41.0_LON-37.5,-0.35240108254849284,4500,deep
LAT41.0_LON-37.6,-0.35149943950950896,4500,deep
LAT41.0_LON-37.7,-0.34917323851362325,4500,deep
LAT41.0_LON-37.8,-0.35045332145413793,4500,deep
LAT41.0_LON-37.9,-0.3525617137067629,4500,deep
LAT41.0_LON-38.0,-0.3483360820280821,4500,deep
LAT41.0_LON-38.1,-0.3495106062700962,4500,deep
LAT41.0_LON-38.2,-0.35345226839004884,4500,deep
LAT41.0_LON-38.4,-0.35307775943313546,4500,deep
LAT41.0_LON-38.5,-0.3528001824258719,4500,deep
LAT41.0_LON-38.6,-0.3514742076815516,4500,deep
LAT41.0_LON-38.8,-0.34906437393637113,4500,deep
LAT41.0_LON-39.1,-0.3485656275519742,4500,deep
LAT41.0_LON-39.4,-0.3508308567842819,4500,deep
LAT41.0_LON-39.5,-0.3495324554141416,4500,deep
LAT41.0_LON-39.7,-0.35041705436095644,4500,deep
LAT41.0_LON-39.8,-0.34713463232869346,4500,deep
LAT41.0_LON-40.1,-0.3539260075538699,4500,deep
LAT41.0_LON-40.3,-0.3536766045041855,4500,deep
LAT41.0_LON-40.4,-0.35232950356343185,4500,deep
LAT41.0_LON-40.9,-0.3528089787180293,4500,deep
LAT41.0_LON-41.0,-0.34880131701016354,4500,deep
LAT41.0_LON-41.1,-0.35408337319551897,4500,deep
LAT41.0_LON-41.2,-0.3534113261521106,4500,deep
LAT41.0_LON-41.3,-0.35197144389765994,4500,deep
LAT41.0_LON-41.5,-0.3520713943916303,4500,deep
LAT41.0_LON-41.6,-0.3473860292755128,4500,deep
LAT41.0_LON-41.7,-0.349638832524697,4500,deep
LAT41.0_LON-41.8,-0.34834077840293126,4500,deep
LAT41.0_LON-42.3,-0.3496551228978292,4500,deep
LAT41.0_LON-42.4,-0.3528254188139348,4500,deep
LAT41.0_LON-42.5,-0.35302386417460224,4500,deep
LAT41.0_LON-42.6,-0.35458079323921776,4500,deep
LAT41.0_LON-42.8,-0.34821401348489334,4500,deep
LAT41.0_LON-43.0,-0.35354448737267025,4500,deep
LAT41.0_LON-43.2,-0.35144346299945645,4500,deep
LAT41.0_LON-43.3,-0.34913256658897024,4500,deep
LAT41.0_LON-43.4,-0.351112797054416,4500,deep
LAT41.0_LON-43.5,-0.3547598596661576,4500,deep
LAT41.0_LON-43.6,-0.35197144389765994,4500,deep
LAT41.0_LON-43.8,-0.35268875700425034,4500,deep
LAT41.0_LON-43.9,-0.35090778504484105,4500,deep
LAT41.0_LON-44.0,-0.35103134763539184,4500,deep
LAT41.0_LON-44.1,-0.3506635269018102,4500,deep
LAT41.0_LON-44.2,-0.3525152626440859,4500,deep
LAT41.0_LON-44.4,-0.3477948392409579,4500,deep
LAT41.0_LON-44.5,-0.35305254550955745,4500,deep
LAT41.0_LON-44.6,-0.35236797553877197,4500,deep
LAT41.0_LON-44.7,-0.3521885280386225,4500,deep
LAT41.0_LON-44.8,-0.3539335994784043,4500,deep
LAT41.0_LON-44.9,-0.34704451417026744,4500,deep
LAT41.1_LON-35.1,-0.34801907915752467,4500,deep
LAT41.1_LON-35.2,-0.34901328435183127,4500,deep
LAT41.1_LON-35.4,-0.35154767538153986,4500,deep
LAT41.1_LON-35.5,-0.351907874434324,4500,deep
LAT41.1_LON-35.7,-0.3520542543064391,4500,deep
LAT41.1_LON-36.2,-0.3536766045041855,4500,deep
LAT41.1_LON-36.3,-0.34955196488055434,4500,deep
LAT41.1_LON-36.4,-0.3502272334450669,4500,deep
LAT41.1_LON-36.5,-0.35284970896714885,4500,deep
LAT41.1_LON-36.6,-0.35319191821324314,4500,deep
LAT41.1_LON-36.7,-0.3527996459521376,4500,deep
LAT41.1_LON-36.8,-0.3538798977982116,4500,deep
LAT41.1_LON-36.9,-0.35314014939392346,4500,deep
LAT41.1_LON-37.0,-0.35066319104896987,4500,deep
LAT41.1_LON-37.1,-0.35152188104990606,4500,deep
LAT41.1_LON-37.2,-0.35024730360380835,4500,deep
LAT41.1_LON-37.3,-0.3507964729446848,4500,deep
LAT41.1_LON-37.6,-0.3496551228978292,4500,deep
LAT41.1_LON-37.7,-0.351141230330927,4500,deep
LAT41.1_LON-37.8,-0.3542516246437813,4500,deep
LAT41.1_LON-37.9,-0.3471219936119057,4500,deep
LAT41.1_LON-38.0,-0.3514233942163487,4500,deep
LAT41.1_LON-38.1,-0.35262552450838736,4500,deep
LAT41.1_LON-38.2,-0.3496754268768618,4500,deep
LAT41.1_LON-38.4,-0.35305680382210397,4500,deep
LAT41.1_LON-38.5,-0.35142322844682544,4500,deep
LAT41.1_LON-38.7,-0.3503914811715313,4500,deep
LAT41.1_LON-38.8,-0.3534380689569821,4500,deep
LAT41.1_LON-39.0,-0.35109117826171027,4500,deep
LAT41.1_LON-39.1,-0.3538433873896015,4500,deep
LAT41.1_LON-39.2,-0.3538353945526844,4500,deep
LAT41.1_LON-39.6,-0.34761778409419863,4500,deep
LAT41.1_LON-39.7,-0.3518283466169065,4500,deep
LAT41.1_LON-39.8,-0.3515271364661582,4500,deep
LAT41.1_LON-40.0,-0.34713463232869346,4500,deep
LAT41.1_LON-40.1,-0.3501322821538393,4500,deep
LAT41.1_LON-40.2,-0.3534113261521106,4500,deep
LAT41.1_LON-40.3,-0.35237651474710924,4500,deep
LAT41.1_LON-40.4,-0.35133110353416064,4500,deep
LAT41.1_LON-41.0,-0.34961184876154167,4500,deep
LAT41.1_LON-41.3,-0.3522702202546064,4500,deep
LAT41.1_LON-41.4,-0.3512949458264647,4500,deep
LAT41.1_LON-41.7,-0.34736436591233305,4500,deep
LAT41.1_LON-41.9,-0.3529347687551002,4500,deep
LAT41.1_LON-42.0,-0.35007952184969526,4500,deep
LAT41.1_LON-42.1,-0.35299516528803854,4500,deep
LAT41.1_LON-42.4,-0.3533393842261733,4500,deep
LAT41.1_LON-42.6,-0.34780727728991206,4500,deep
LAT41.1_LON-42.7,-0.3541852048684168,4500,deep
LAT41.1_LON-42.8,-0.3473586920166536,4500,deep
LAT41.1_LON-42.9,-0.3532513189406387,4500,deep
LAT41.1_LON-43.0,-0.3527495796826362,4500,deep
LAT41.1_LON-43.2,-0.35259047389792214,4500,deep
LAT41.1_LON-43.3,-0.35419245518954334,4500,deep
LAT41.1_LON-43.4,-0.35155092636872765,4500,deep
LAT41.1_LON-43.8,-0.34789712515626625,4500,deep
LAT41.1_LON-44.0,-0.3518993556464899,4500,deep
LAT41.1_LON-44.1,-0.35214996469919846,4500,deep
LAT41.1_LON-44.2,-0.35103134763539184,4500,deep
LAT41.1_LON-44.3,-0.3547478788610633,4500,deep
LAT41.1_LON-44.5,-0.35016802512051626,4500,deep
LAT41.1_LON-44.6,-0.3487548860501845,4500,deep
LAT41.1_LON-44.8,-0.35202633854854215,4500,deep
LAT41.1_LON-44.9,-0.351907874434324,4500,deep
LAT41.2_LON-35.2,-0.3499996268738417,4500,deep
LAT41.2_LON-35.4,-0.3534113261521106,4500,deep
LAT41.2_LON-35.5,-0.35200475853317353,4500,deep
LAT41.2_LON-35.6,-0.35072394524274997,4500,deep
LAT41.2_LON-35.9,-0.35344966306044534,4500,deep
LAT41.2_LON-36.0,-0.3534113261521106,4500,deep
LAT41.2_LON-36.1,-0.3538433873896015,4500,deep
LAT41.2_LON-36.3,-0.3504763755447575,4500,deep
LAT41.2_LON-36.4,-0.35315954343979655,4500,deep
LAT41.2_LON-36.6,-0.3520172439535043,4500,deep
LAT41.2_LON-37.4,-0.3505488904039558,4500,deep
LAT41.2_LON-37.5,-0.3527506008397742,4500,deep
LAT41.2_LON-37.6,-0.3484816057702965,4500,deep
LAT41.2_LON-37.7,-0.35074335620658903,4500,deep
LAT41.2_LON-37.8,-0.3510156164664028,4500,deep
LAT41.2_LON-37.9,-0.3521240089452095,4500,deep
LAT41.2_LON-38.0,-0.3491075151031738,4500,deep
LAT41.2_LON-38.2,-0.34938776356083484,4500,deep
LAT41.2_LON-38.3,-0.3519208908900621,4500,deep
LAT41.2_LON-38.4,-0.35135971913272285,4500,deep
LAT41.2_LON-38.6,-0.35418085224785306,4500,deep
LAT41.2_LON-38.8,-0.34994221304618967,4500,deep
LAT41.2_LON-38.9,-0.3508430211551328,4500,deep
LAT41.2_LON-39.0,-0.35024230059697814,4500,deep
LAT41.2_LON-39.1,-0.35259886369048354,4500,deep
LAT41.2_LON-39.3,-0.3517250171141023,4500,deep
LAT41.2_LON-39.5,-0.353414803527982,4500,deep
LAT41.2_LON-39.6,-0.3501384148136816,4500,deep
LAT41.2_LON-39.8,-0.3515129429821733,4500,deep
LAT41.2_LON-39.9,-0.34686642912117943,4500,deep
LAT41.2_LON-40.0,-0.35095304490972823,4500,deep
LAT41.2_LON-40.1,-0.3504734492122383,4500,deep
LAT41.2_LON-40.3,-0.35095624416192284,4500,deep
LAT41.2_LON-40.6,-0.3548469543396819,4500,deep
LAT41.2_LON-40.8,-0.35323020907831676,4500,deep
LAT41.2_LON-41.1,-0.348948594992948,4500,deep
LAT41.2_LON-41.3,-0.3538202809934636,4500,deep
LAT41.2_LON-41.4,-0.352680366659371,4500,deep
LAT41.2_LON-41.5,-0.34915639334168214,4500,deep
LAT41.2_LON-41.6,-0.34814987881855813,4500,deep
LAT41.2_LON-41.7,-0.3508314452349714,4500,deep
LAT41.2_LON-42.0,-0.35134075896134154,4500,deep
LAT41.2_LON-42.2,-0.351656504407796,4500,deep
LAT41.2_LON-42.3,-0.34827297742151425,4500,deep
LAT41.2_LON-42.4,-0.35214381004949113,4500,deep
LAT41.2_LON-42.5,-0.3509661446029513,4500,deep
LAT41.2_LON-42.6,-0.3498295043700019,4500,deep
LAT41.2_LON-42.7,-0.35185756036358756,4500,deep
LAT41.2_LON-42.8,-0.3532513189406387,4500,deep
LAT41.2_LON-42.9,-0.3530126201925944,4500,deep
LAT41.2_LON-43.0,-0.35337220286782445,4500,deep
LAT41.2_LON-43.1,-0.34878528925954155,4500,deep
LAT41.2_LON-43.2,-0.35086274325964006,4500,deep
LAT41.2_LON-43.3,-0.3503563947504647,4500,deep
LAT41.2_LON-43.4,-0.3503249053772317,4500,deep
LAT41.2_LON-43.5,-0.348004481147001,4500,deep
LAT41.2_LON-43.6,-0.35237565402853904,4500,deep
LAT41.2_LON-43.7,-0.3472489104595687,4500,deep
LAT41.2_LON-43.8,-0.353552914664535,4500,deep
LAT41.2_LON-43.9,-0.35011650661014754,4500,deep
LAT41.2_LON-44.0,-0.34943681213120475,4500,deep
LAT41.2_LON-44.3,-0.35234029440409653,4500,deep
LAT41.2_LON-44.6,-0.35366157171943974,4500,deep
LAT41.2_LON-44.7,-0.3529489776495063,4500,deep
LAT41.2_LON-44.8,-0.3534113261521106,4500,deep
LAT41.2_LON-44.9,-0.3516028049873398,4500,deep
LAT41.2_LON-45.0,-0.35218313058173206,4500,deep
LAT41.3_LON-35.1,-0.3507369218123693,4500,deep
LAT41.3_LON-35.2,-0.34975744751434124,4500,deep
LAT41.3_LON-35.3,-0.3535090795274608,4500,deep
LAT41.3_LON-35.5,-0.35142832033811394,4500,deep
LAT41.3_LON-35.8,-0.3515677191454373,4500,deep
LAT41.3_LON-35.9,-0.35129778559612557,4500,deep
LAT41.3_LON-36.0,-0.3532513189406387,4500,deep
LAT41.3_LON-36.1,-0.35339525284449214,4500,deep
LAT41.3_LON-36.3,-0.35299517820346626,4500,deep
LAT41.3_LON-36.5,-0.35192867110662285,4500,deep
LAT41.3_LON-36.6,-0.35231985112422304,4500,deep
LAT41.3_LON-36.7,-0.35352602452479354,4500,deep
LAT41.3_LON-36.8,-0.35580947185941925,4500,deep
LAT41.3_LON-36.9,-0.352335790569565,4500,deep
LAT41.3_LON-37.2,-0.3501338096492075,4500,deep
LAT41.3_LON-37.3,-0.3509899363566603,4500,deep
LAT41.3_LON-37.4,-0.3491210663445694,4500,deep
LAT41.3_LON-37.5,-0.3520542543064391,4500,deep
LAT41.3_LON-37.6,-0.35459261842175316,4500,deep
LAT41.3_LON-37.7,-0.3538978795906342,4500,deep
LAT41.3_LON-37.8,-0.3502958674006268,4500,deep
LAT41.3_LON-37.9,-0.34780202731810156,4500,deep
LAT41.3_LON-38.0,-0.3533493608890516,4500,deep
LAT41.3_LON-38.3,-0.3482417508548716,4500,deep
LAT41.3_LON-38.5,-0.3523413076174813,4500,deep
LAT41.3_LON-38.8,-0.35142832033811394,4500,deep
LAT41.3_LON-38.9,-0.34860841351834393,4500,deep
LAT41.3_LON-39.2,-0.35151598566183234,4500,deep
LAT41.3_LON-39.4,-0.35273856279303883,4500,deep
LAT41.3_LON-39.5,-0.3514780808242316,4500,deep
LAT41.3_LON-39.7,-0.3516733178263612,4500,deep
LAT41.3_LON-39.8,-0.351217014932255,4500,deep
LAT41.3_LON-39.9,-0.3485595404659357,4500,deep
LAT41.3_LON-40.0,-0.34849501438779157,4500,deep
LAT41.3_LON-40.1,-0.3527215230309306,4500,deep
LAT41.3_LON-40.3,-0.3480170070359492,4500,deep
LAT41.3_LON-40.4,-0.3478387777432622,4500,deep
LAT41.3_LON-40.7,-0.3527808888617124,4500,deep
LAT41.3_LON-40.8,-0.3536249640006624,4500,deep
LAT41.3_LON-40.9,-0.3528429571339218,4500,deep
LAT41.3_LON-41.3,-0.3544008988134747,4500,deep
LAT41.3_LON-41.5,-0.35376196378061636,4500,deep
LAT41.3_LON-41.6,-0.3531189352007817,4500,deep
LAT41.3_LON-41.9,-0.3491576825334041,4500,deep
LAT41.3_LON-42.1,-0.3521885280386225,4500,deep
LAT41.3_LON-42.2,-0.35138914056980536,4500,deep
LAT41.3_LON-42.3,-0.350115557086134,4500,deep
LAT41.3_LON-42.4,-0.3533155458732237,4500,deep
LAT41.3_LON-42.6,-0.3516733178263612,4500,deep
LAT41.3_LON-42.7,-0.35340465457965864,4500,deep
LAT41.3_LON-42.8,-0.3527157494578369,4500,deep
LAT41.3_LON-42.9,-0.3543341036390056,4500,deep
LAT41.3_LON-43.1,-0.3483457541167613,4500,deep
LAT41.3_LON-43.2,-0.35416967395145155,4500,deep
LAT41.3_LON-43.3,-0.35245693619300045,4500,deep
LAT41.3_LON-43.4,-0.3479600433158147,4500,deep
LAT41.3_LON-43.5,-0.34847707066399847,4500,deep
LAT41.3_LON-43.6,-0.35358325221670917,4500,deep
LAT41.3_LON-43.7,-0.35234029440409653,4500,deep
LAT41.3_LON-43.8,-0.35272279899970715,4500,deep
LAT41.3_LON-44.1,-0.3495106062700962,4500,deep
LAT41.3_LON-44.2,-0.3494293426328536,4500,deep
LAT41.3_LON-44.3,-0.3527870781030924,4500,deep
LAT41.3_LON-44.4,-0.35072394524274997,4500,deep
LAT41.3_LON-44.5,-0.3515473241805456,4500,deep
LAT41.3_LON-44.7,-0.3460461243632404,4500,deep
LAT41.3_LON-44.8,-0.35435236280190135,4500,deep
LAT41.4_LON-35.0,-0.351141230330927,4500,deep
LAT41.4_LON-35.3,-0.3540928767761334,4500,deep
LAT41.4_LON-35.6,-0.35206573212260717,4500,deep
LAT41.4_LON-35.7,-0.34925767759718807,4500,deep
LAT41.4_LON-35.8,-0.352925862818399,4500,deep
LAT41.4_LON-36.0,-0.3504576845772316,4500,deep
LAT41.4_LON-36.1,-0.35119613979329956,4500,deep
LAT41.4_LON-36.2,-0.35048036299220675,4500,deep
LAT41.4_LON-36.3,-0.35009243621452163,4500,deep
LAT41.4_LON-36.4,-0.3526522809282808,4500,deep
LAT41.4_LON-36.5,-0.3496551228978292,4500,deep
LAT41.4_LON-36.6,-0.3540343236339411,4500,deep
LAT41.4_LON-36.7,-0.35061388924838843,4500,deep
LAT41.4_LON-36.8,-0.3530126201925944,4500,deep
LAT41.4_LON-36.9,-0.3514429645532423,4500,deep
LAT41.4_LON-37.3,-0.3522702202546064,4500,deep
LAT41.4_LON-37.4,-0.35161530192176427,4500,deep
LAT41.4_LON-37.5,-0.35262264356154127,4500,deep
LAT41.4_LON-37.7,-0.35155070042910974,4500,deep
LAT41.4_LON-37.8,-0.35247683035719096,4500,deep
LAT41.4_LON-37.9,-0.35302740354570766,4500,deep
LAT41.4_LON-38.2,-0.35054506851954265,4500,deep
LAT41.4_LON-38.3,-0.3518164457742131,4500,deep
LAT41.4_LON-38.5,-0.35159363930980214,4500,deep
LAT41.4_LON-38.8,-0.35419245518954334,4500,deep
LAT41.4_LON-39.0,-0.34744193546367974,4500,deep
LAT41.4_LON-39.1,-0.3462436298563294,4500,deep
LAT41.4_LON-39.3,-0.34748452079088143,4500,deep
LAT41.4_LON-39.4,-0.35352602452479354,4500,deep
LAT41.4_LON-39.6,-0.35091145064355933,4500,deep
LAT41.4_LON-39.7,-0.35442751035130726,4500,deep
LAT41.4_LON-39.9,-0.3482417508548716,4500,deep
LAT41.4_LON-40.1,-0.3523012417657973,4500,deep
LAT41.4_LON-40.2,-0.3532513189406387,4500,deep
LAT41.4_LON-40.4,-0.35345226839004884,4500,deep
LAT41.4_LON-40.6,-0.3482703737877555,4500,deep
LAT41.4_LON-40.7,-0.35358325221670917,4500,deep
LAT41.4_LON-40.8,-0.34883066658290546,4500,deep
LAT41.4_LON-41.1,-0.3496091148970125,4500,deep
LAT41.4_LON-41.2,-0.3495106062700962,4500,deep
LAT41.4_LON-41.4,-0.35131136829482845,4500,deep
LAT41.4_LON-41.5,-0.3499614314131526,4500,deep
LAT41.4_LON-41.6,-0.3475476039143197,4500,deep
LAT41.4_LON-41.9,-0.35324194673789994,4500,deep
LAT41.4_LON-42.0,-0.3474154615441776,4500,deep
LAT41.4_LON-42.2,-0.353226058049273,4500,deep
LAT41.4_LON-42.3,-0.3535686763536987,4500,deep
LAT41.4_LON-42.4,-0.3521393199544321,4500,deep
LAT41.4_LON-42.5,-0.352550186693767,4500,deep
LAT41.4_LON-42.7,-0.3516733178263612,4500,deep
LAT41.4_LON-42.8,-0.3473711414693968,4500,deep
LAT41.4_LON-42.9,-0.3480170070359492,4500,deep
LAT41.4_LON-43.0,-0.3485306898119811,4500,deep
LAT41.4_LON-43.1,-0.3535936853048039,4500,deep
LAT41.4_LON-43.4,-0.35472097077848186,4500,deep
LAT41.4_LON-43.6,-0.35053137517245947,4500,deep
LAT41.4_LON-43.7,-0.3514330371788583,4500,deep
LAT41.4_LON-43.8,-0.35103590285813224,4500,deep
LAT41.4_LON-44.0,-0.34686642912117943,4500,deep
LAT41.4_LON-44.1,-0.34841603001125093,4500,deep
LAT41.4_LON-44.2,-0.34843121375715547,4500,deep
LAT41.4_LON-44.3,-0.35038021250570456,4500,deep
LAT41.4_LON-44.4,-0.35189130329763124,4500,deep
LAT41.4_LON-44.6,-0.35354797254846615,4500,deep
LAT41.4_LON-44.7,-0.35122193079448943,4500,deep
LAT41.4_LON-44.9,-0.3525860876026581,4500,deep
LAT41.5_LON-35.3,-0.35370557488355825,4500,deep
LAT41.5_LON-35.4,-0.3519735016544388,4500,deep
LAT41.5_LON-35.6,-0.3473860292755128,4500,deep
LAT41.5_LON-35.8,-0.3538825525109963,4500,deep
LAT41.5_LON-35.9,-0.35147286562695373,4500,deep
LAT41.5_LON-36.0,-0.3513554275967219,4500,deep
LAT41.5_LON-36.2,-0.3520134870570051,4500,deep
LAT41.5_LON-36.3,-0.35176850298975837,4500,deep
LAT41.5_LON-36.7,-0.35069120019075783,4500,deep
LAT41.5_LON-36.8,-0.3503914811715313,4500,deep
LAT41.5_LON-37.0,-0.3507057133910274,4500,deep
LAT41.5_LON-37.4,-0.35344811651412456,4500,deep
LAT41.5_LON-37.5,-0.35408321749989213,4500,deep
LAT41.5_LON-37.6,-0.3539219565978349,4500,deep
LAT41.5_LON-38.0,-0.3537332462683354,4500,deep
LAT41.5_LON-38.1,-0.3553831134670826,4500,deep
LAT41.5_LON-38.2,-0.35215178423046267,4500,deep
LAT41.5_LON-38.3,-0.3529347687551002,4500,deep
LAT41.5_LON-38.4,-0.3522702202546064,4500,deep
LAT41.5_LON-38.6,-0.35151224828428357,4500,deep
LAT41.5_LON-38.8,-0.3519967037925279,4500,deep
LAT41.5_LON-38.9,-0.3481866119244269,4500,deep
LAT41.5_LON-39.0,-0.35244141424509057,4500,deep
LAT41.5_LON-39.2,-0.35069805964590717,4500,deep
LAT41.5_LON-39.3,-0.35289973472244035,4500,deep
LAT41.5_LON-39.5,-0.35437115917702056,4500,deep
LAT41.5_LON-39.6,-0.34823128434342143,4500,deep
LAT41.5_LON-39.7,-0.3498149277169998,4500,deep
LAT41.5_LON-39.8,-0.35149188592580627,4500,deep
LAT41.5_LON-40.3,-0.34915639334168214,4500,deep
LAT41.5_LON-40.4,-0.35398262869295305,4500,deep
LAT41.5_LON-40.5,-0.3477059815097414,4500,deep
LAT41.5_LON-40.6,-0.35054144221338357,4500,deep
LAT41.5_LON-40.8,-0.3501845290781118,4500,deep
LAT41.5_LON-40.9,-0.3473514959666848,4500,deep
LAT41.5_LON-41.3,-0.34817446046224165,4500,deep
LAT41.5_LON-41.4,-0.3506399348963973,4500,deep
LAT41.5_LON-41.6,-0.3503687293073776,4500,deep
LAT41.5_LON-42.0,-0.35253888104520303,4500,deep
LAT41.5_LON-42.1,-0.34695742009959174,4500,deep
LAT41.5_LON-42.3,-0.3536166988787053,4500,deep
LAT41.5_LON-42.4,-0.35314641534477254,4500,deep
LAT41.5_LON-42.5,-0.3537272757027852,4500,deep
LAT41.5_LON-42.6,-0.35247683035719096,4500,deep
LAT41.5_LON-42.7,-0.3532513189406387,4500,deep
LAT41.5_LON-42.8,-0.35253266408749595,4500,deep
LAT41.5_LON-42.9,-0.3468105262913501,4500,deep
LAT41.5_LON-43.0,-0.34838333956635875,4500,deep
LAT41.5_LON-43.2,-0.351273672428446,4500,deep
LAT41.5_LON-43.3,-0.351273672428446,4500,deep
LAT41.5_LON-43.5,-0.3518112192954121,4500,deep
LAT41.5_LON-43.7,-0.3508457361481212,4500,deep
LAT41.5_LON-43.8,-0.352275143867882,4500,deep
LAT41.5_LON-43.9,-0.3508043774180006,4500,deep
LAT41.5_LON-44.0,-0.35252790031307546,4500,deep
LAT41.5_LON-44.1,-0.3475112845280616,4500,deep
LAT41.5_LON-44.2,-0.35060808655195264,4500,deep
LAT41.5_LON-44.5,-0.3523490286451875,4500,deep
LAT41.5_LON-44.7,-0.3467541444691754,4500,deep
LAT41.5_LON-44.8,-0.3501853798806739,4500,deep
LAT41.5_LON-44.9,-0.34866051915237917,4500,deep
LAT41.5_LON-45.0,-0.3491929137559457,4500,deep
LAT41.6_LON-35.0,-0.35309340102406506,4500,deep
LAT41.6_LON-35.1,-0.3539513220111512,4500,deep
LAT41.6_LON-35.2,-0.35294734553277696,4500,deep
LAT41.6_LON-35.4,-0.35048036299220675,4500,deep
LAT41.6_LON-35.5,-0.34944180826569166,4500,deep
LAT41.6_LON-35.7,-0.35010928477061126,4500,deep
LAT41.6_LON-36.0,-0.35206965823312175,4500,deep
LAT41.6_LON-36.5,-0.3540718676839427,4500,deep
LAT41.6_LON-36.8,-0.34849501438779157,4500,deep
LAT41.6_LON-36.9,-0.3517168153658474,4500,deep
LAT41.6_LON-37.1,-0.3517250171141023,4500,deep
LAT41.6_LON-37.2,-0.3529347687551002,4500,deep
LAT41.6_LON-37.3,-0.3541300149416331,4500,deep
LAT41.6_LON-37.4,-0.3510423306148379,4500,deep
LAT41.6_LON-37.5,-0.3521234766043543,4500,deep
LAT41.6_LON-37.6,-0.35228897677071713,4500,deep
LAT41.6_LON-37.7,-0.3494442844655771,4500,deep
LAT41.6_LON-38.0,-0.3528429571339218,4500,deep
LAT41.6_LON-38.1,-0.3514345033568852,4500,deep
LAT41.6_LON-38.2,-0.3465918153515793,4500,deep
LAT41.6_LON-38.3,-0.3503914811715313,4500,deep
LAT41.6_LON-38.4,-0.35052615543018595,4500,deep
LAT41.6_LON-38.5,-0.3534113261521106,4500,deep
LAT41.6_LON-38.6,-0.3511630975215856,4500,deep
LAT41.6_LON-38.7,-0.353060466666888,4500,deep
LAT41.6_LON-39.1,-0.3514737958916032,4500,deep
LAT41.6_LON-39.2,-0.3573775023070646,4500,deep
LAT41.6_LON-39.3,-0.35007609098286135,4500,deep
LAT41.6_LON-39.4,-0.35189989325618243,4500,deep
LAT41.6_LON-39.6,-0.3516378032395722,4500,deep
LAT41.6_LON-39.7,-0.35059339151100666,4500,deep
LAT41.6_LON-39.8,-0.35507926405954215,4500,deep
LAT41.6_LON-39.9,-0.3540387516588301,4500,deep
LAT41.6_LON-40.0,-0.3515138216288687,4500,deep
LAT41.6_LON-40.2,-0.3487145464451594,4500,deep
LAT41.6_LON-40.3,-0.35009251237980604,4500,deep
LAT41.6_LON-40.4,-0.3508043774180006,4500,deep
LAT41.6_LON-40.5,-0.3495578707264958,4500,deep
LAT41.6_LON-40.6,-0.3514134933783819,4500,deep
LAT41.6_LON-40.7,-0.3509117370671291,4500,deep
LAT41.6_LON-40.9,-0.3536766045041855,4500,deep
LAT41.6_LON-41.2,-0.34810419383125296,4500,deep
LAT41.6_LON-41.4,-0.3504170318948743,4500,deep
LAT41.6_LON-41.5,-0.34911675781033574,4500,deep
LAT41.6_LON-41.6,-0.3496551228978292,4500,deep
LAT41.6_LON-41.8,-0.34807504886114665,4500,deep
LAT41.6_LON-41.9,-0.3507588748330919,4500,deep
LAT41.6_LON-42.0,-0.34860186427792955,4500,deep
LAT41.6_LON-42.1,-0.34736046965310136,4500,deep
LAT41.6_LON-42.2,-0.3480943205390878,4500,deep
LAT41.6_LON-42.3,-0.3466993397582908,4500,deep
LAT41.6_LON-42.4,-0.35173108640626305,4500,deep
LAT41.6_LON-42.5,-0.35220526395760743,4500,deep
LAT41.6_LON-42.6,-0.3492071607138351,4500,deep
LAT41.6_LON-42.9,-0.35133965922707955,4500,deep
LAT41.6_LON-43.0,-0.35299516528803854,4500,deep
LAT41.6_LON-43.1,-0.35309539086644465,4500,deep
LAT41.6_LON-43.2,-0.3480170070359492,4500,deep
LAT41.6_LON-43.4,-0.34995816086526443,4500,deep
LAT41.6_LON-43.5,-0.34793124324725844,4500,deep
LAT41.6_LON-43.6,-0.3507005978556918,4500,deep
LAT41.6_LON-43.7,-0.35044247845423404,4500,deep
LAT41.6_LON-43.8,-0.35137589841859906,4500,deep
LAT41.6_LON-43.9,-0.34849146212146653,4500,deep
LAT41.6_LON-44.0,-0.3482948860100338,4500,deep
LAT41.6_LON-44.1,-0.35181045665701244,4500,deep
LAT41.6_LON-44.2,-0.35222011240040124,4500,deep
LAT41.6_LON-44.3,-0.3457366624964008,4500,deep
LAT41.6_LON-44.4,-0.35165268825783497,4500,deep
LAT41.6_LON-44.5,-0.3536766045041855,4500,deep
LAT41.6_LON-44.7,-0.35303813943448914,4500,deep
LAT41.6_LON-44.8,-0.35243090198044835,4500,deep
LAT41.6_LON-44.9,-0.3514246199602534,4500,deep
LAT41.7_LON-35.0,-0.34773157481693656,4500,deep
LAT41.7_LON-35.1,-0.3536249640006624,4500,deep
LAT41.7_LON-35.2,-0.3534899814098095,4500,deep
LAT41.7_LON-36.6,-0.35048380631854714,4500,deep
LAT41.7_LON-36.8,-0.35270488057426336,4500,deep
LAT41.7_LON-36.9,-0.35585173086961597,4500,deep
LAT41.7_LON-37.2,-0.3529708063496247,4500,deep
LAT41.7_LON-37.3,-0.35142832033811394,4500,deep
LAT41.7_LON-37.4,-0.3532513189406387,4500,deep
LAT41.7_LON-37.6,-0.35142832033811394,4500,deep
LAT41.7_LON-37.7,-0.3516970521975618,4500,deep
LAT41.7_LON-37.8,-0.35142832033811394,4500,deep
LAT41.7_LON-37.9,-0.35274419271416035,4500,deep
LAT41.7_LON-38.1,-0.3516958487032041,4500,deep
LAT41.7_LON-38.3,-0.35394726901346363,4500,deep
LAT41.7_LON-38.4,-0.3520501744479804,4500,deep
LAT41.7_LON-38.6,-0.35244439337077815,4500,deep
LAT41.7_LON-38.8,-0.3519208908900621,4500,deep
LAT41.7_LON-38.9,-0.35361940808482306,4500,deep
LAT41.7_LON-39.0,-0.3518957839278538,4500,deep
LAT41.7_LON-39.4,-0.35170826618809126,4500,deep
LAT41.7_LON-39.5,-0.35476902611293365,4500,deep
LAT41.7_LON-39.6,-0.3526206035474841,4500,deep
LAT41.7_LON-39.7,-0.3520814804164023,4500,deep
LAT41.7_LON-39.8,-0.3512935906587853,4500,deep
LAT41.7_LON-40.1,-0.3541521504756069,4500,deep
LAT41.7_LON-40.2,-0.3493831174669018,4500,deep
LAT41.7_LON-40.3,-0.3504055439876703,4500,deep
LAT41.7_LON-40.9,-0.3503609855810301,4500,deep
LAT41.7_LON-41.0,-0.351907874434324,4500,deep
LAT41.7_LON-41.3,-0.3511623909178449,4500,deep
LAT41.7_LON-41.5,-0.35021637976067527,4500,deep
LAT41.7_LON-41.6,-0.34754163770941404,4500,deep
LAT41.7_LON-41.7,-0.3535936853048039,4500,deep
LAT41.7_LON-41.8,-0.3481866119244269,4500,deep
LAT41.7_LON-41.9,-0.3474899598376219,4500,deep
LAT41.7_LON-42.1,-0.35192161142428063,4500,deep
LAT41.7_LON-42.2,-0.34971860258043547,4500,deep
LAT41.7_LON-42.3,-0.35303826723787346,4500,deep
LAT41.7_LON-42.4,-0.350971542001825,4500,deep
LAT41.7_LON-42.5,-0.3497340155602053,4500,deep
LAT41.7_LON-42.6,-0.3529578083444998,4500,deep
LAT41.7_LON-42.7,-0.35048036299220675,4500,deep
LAT41.7_LON-42.8,-0.3537974262351462,4500,deep
LAT41.7_LON-43.0,-0.34698199736928637,4500,deep
LAT41.7_LON-43.1,-0.35417133368607495,4500,deep
LAT41.7_LON-43.2,-0.3528138041759804,4500,deep
LAT41.7_LON-43.5,-0.3499024340360429,4500,deep
LAT41.7_LON-43.6,-0.35095084468504983,4500,deep
LAT41.7_LON-43.7,-0.3500753634705098,4500,deep
LAT41.7_LON-43.8,-0.3523202449498023,4500,deep
LAT41.7_LON-44.0,-0.35162980498828644,4500,deep
LAT41.7_LON-44.1,-0.34854683128312314,4500,deep
LAT41.7_LON-44.2,-0.3531507779947699,4500,deep
LAT41.7_LON-44.5,-0.35284407423423536,4500,deep
LAT41.7_LON-44.6,-0.3477571096266562,4500,deep
LAT41.7_LON-44.7,-0.3510745855372689,4500,deep
LAT41.7_LON-44.8,-0.3512825846440524,4500,deep
LAT41.7_LON-44.9,-0.3474884544264667,4500,deep
LAT41.8_LON-35.1,-0.35220183570780267,4500,deep
LAT41.8_LON-35.3,-0.348471741256003,4500,deep
LAT41.8_LON-35.4,-0.3521393199544321,4500,deep
LAT41.8_LON-35.5,-0.3538107204383794,4500,deep
LAT41.8_LON-35.7,-0.34713463232869346,4500,deep
LAT41.8_LON-36.6,-0.35377874966861655,4500,deep
LAT41.8_LON-36.7,-0.3503311367166334,4500,deep
LAT41.8_LON-36.8,-0.3525634474542163,4500,deep
LAT41.8_LON-37.3,-0.35142832033811394,4500,deep
LAT41.8_LON-37.8,-0.350700481297358,4500,deep
LAT41.8_LON-38.2,-0.3473860292755128,4500,deep
LAT41.8_LON-38.3,-0.35125153534363357,4500,deep
LAT41.8_LON-38.4,-0.35227707636818106,4500,deep
LAT41.8_LON-38.5,-0.3495212760769133,4500,deep
LAT41.8_LON-38.6,-0.35365943024118035,4500,deep
LAT41.8_LON-38.7,-0.3478667732529853,4500,deep
LAT41.8_LON-38.8,-0.35322408286538676,4500,deep
LAT41.8_LON-38.9,-0.3525252488818562,4500,deep
LAT41.8_LON-39.2,-0.3507512177592327,4500,deep
LAT41.8_LON-39.3,-0.35074517577996245,4500,deep
LAT41.8_LON-39.4,-0.3527808888617124,4500,deep
LAT41.8_LON-39.6,-0.35124142307652656,4500,deep
LAT41.8_LON-39.7,-0.35078280581731136,4500,deep
LAT41.8_LON-39.8,-0.35100084960282985,4500,deep
LAT41.8_LON-39.9,-0.3486786496712255,4500,deep
LAT41.8_LON-40.0,-0.3532681164294474,4500,deep
LAT41.8_LON-40.4,-0.3517250171141023,4500,deep
LAT41.8_LON-40.7,-0.3538986028447713,4500,deep
LAT41.8_LON-40.8,-0.35072394524274997,4500,deep
LAT41.8_LON-41.1,-0.35363964371232587,4500,deep
LAT41.8_LON-41.2,-0.35051283649391934,4500,deep
LAT41.8_LON-41.4,-0.35363964371232587,4500,deep
LAT41.8_LON-41.6,-0.35041108949813937,4500,deep
LAT41.8_LON-41.7,-0.35060662786993474,4500,deep
LAT41.8_LON-41.8,-0.3477423301665882,4500,deep
LAT41.8_LON-41.9,-0.3497110767548931,4500,deep
LAT41.8_LON-42.0,-0.3540855673579498,4500,deep
LAT41.8_LON-42.1,-0.35218313058173206,4500,deep
LAT41.8_LON-42.2,-0.35169329019745316,4500,deep
LAT41.8_LON-42.3,-0.35300785102248405,4500,deep
LAT41.8_LON-42.5,-0.34944180826569166,4500,deep
LAT41.8_LON-42.6,-0.3569748042754148,4500,deep
LAT41.8_LON-42.8,-0.34998097570842945,4500,deep
LAT41.8_LON-42.9,-0.3478387777432622,4500,deep
LAT41.8_LON-43.0,-0.34995443472494697,4500,deep
LAT41.8_LON-43.1,-0.35073354460880424,4500,deep
LAT41.8_LON-43.3,-0.34810419383125296,4500,deep
LAT41.8_LON-43.9,-0.3507224107059257,4500,deep
LAT41.8_LON-44.0,-0.35220229106424084,4500,deep
LAT41.8_LON-44.1,-0.35282078390250404,4500,deep
LAT41.8_LON-44.2,-0.3538666623944463,4500,deep
LAT41.8_LON-44.5,-0.34459856751544654,4500,deep
LAT41.8_LON-44.6,-0.3529440782546508,4500,deep
LAT41.8_LON-44.7,-0.3536766045041855,4500,deep
LAT41.8_LON-44.8,-0.35067550501389655,4500,deep
LAT41.8_LON-44.9,-0.3488542708600884,4500,deep
LAT41.8_LON-45.0,-0.349583279458385,4500,deep
LAT41.9_LON-35.0,-0.35184250312292736,4500,deep
LAT41.9_LON-35.2,-0.355520394986729,4500,deep
LAT41.9_LON-35.5,-0.35294590095817635,4500,deep
LAT41.9_LON-35.7,-0.35242274606280155,4500,deep
LAT41.9_LON-35.8,-0.34860186427792955,4500,deep
LAT41.9_LON-35.9,-0.3525634474542163,4500,deep
LAT41.9_LON-36.5,-0.35151224828428357,4500,deep
LAT41.9_LON-36.7,-0.3524099111604677,4500,deep
LAT41.9_LON-37.0,-0.35237565402853904,4500,deep
LAT41.9_LON-37.1,-0.35354448737267025,4500,deep
LAT41.9_LON-37.2,-0.35362267467217967,4500,deep
LAT41.9_LON-37.4,-0.34843002733478945,4500,deep
LAT41.9_LON-37.9,-0.3518112192954121,4500,deep
LAT41.9_LON-38.0,-0.3538978795906342,4500,deep
LAT41.9_LON-38.1,-0.3533478540643742,4500,deep
LAT41.9_LON-38.4,-0.34686642912117943,4500,deep
LAT41.9_LON-38.6,-0.3491193436887092,4500,deep
LAT41.9_LON-38.7,-0.3473860292755128,4500,deep
LAT41.9_LON-38.9,-0.3536766045041855,4500,deep
LAT41.9_LON-39.0,-0.3524579843874645,4500,deep
LAT41.9_LON-39.1,-0.3473075930215845,4500,deep
LAT41.9_LON-39.2,-0.3488808560074295,4500,deep
LAT41.9_LON-39.5,-0.3532713675609193,4500,deep
LAT41.9_LON-39.6,-0.34837290238238994,4500,deep
LAT41.9_LON-39.7,-0.3535305691034665,4500,deep
LAT41.9_LON-39.8,-0.34704451417026744,4500,deep
LAT41.9_LON-39.9,-0.3478987048399279,4500,deep
LAT41.9_LON-40.0,-0.35218313058173206,4500,deep
LAT41.9_LON-40.2,-0.3474439236647758,4500,deep
LAT41.9_LON-40.3,-0.35103134763539184,4500,deep
LAT41.9_LON-40.4,-0.3473860292755128,4500,deep
LAT41.9_LON-40.5,-0.3500812567808439,4500,deep
LAT41.9_LON-40.6,-0.34972702065708816,4500,deep
LAT41.9_LON-40.7,-0.35691305781215343,4500,deep
LAT41.9_LON-40.9,-0.3548469543396819,4500,deep
LAT41.9_LON-41.1,-0.34738823034789196,4500,deep
LAT41.9_LON-41.2,-0.3534113261521106,4500,deep
LAT41.9_LON-41.4,-0.35070783870831984,4500,deep
LAT41.9_LON-41.5,-0.35137988436445783,4500,deep
LAT41.9_LON-41.6,-0.34834027060807415,4500,deep
LAT41.9_LON-41.7,-0.34991576473893193,4500,deep
LAT41.9_LON-41.8,-0.34686642912117943,4500,deep
LAT41.9_LON-41.9,-0.3472522536254234,4500,deep
LAT41.9_LON-42.0,-0.35000482981957315,4500,deep
LAT41.9_LON-42.1,-0.35253212133978934,4500,deep
LAT41.9_LON-42.2,-0.34915639334168214,4500,deep
LAT41.9_LON-42.4,-0.35422069789127303,4500,deep
LAT41.9_LON-42.5,-0.3508472813003398,4500,deep
LAT41.9_LON-42.7,-0.35004117218909975,4500,deep
LAT41.9_LON-42.8,-0.35019053540465184,4500,deep
LAT41.9_LON-42.9,-0.34751589439577424,4500,deep
LAT41.9_LON-43.0,-0.3534152683218107,4500,deep
LAT41.9_LON-43.1,-0.3518112192954121,4500,deep
LAT41.9_LON-43.2,-0.34807772901939515,4500,deep
LAT41.9_LON-43.4,-0.35382530586364497,4500,deep
LAT41.9_LON-43.5,-0.351706989530213,4500,deep
LAT41.9_LON-43.6,-0.3492283873495388,4500,deep
LAT41.9_LON-43.7,-0.3471267312156104,4500,deep
LAT41.9_LON-43.9,-0.34683040615223715,4500,deep
LAT41.9_LON-44.0,-0.3538666623944463,4500,deep
LAT41.9_LON-44.1,-0.3475476039143197,4500,deep
LAT41.9_LON-44.2,-0.3527470466962587,4500,deep
LAT41.9_LON-44.3,-0.3537905000517811,4500,deep
LAT41.9_LON-44.4,-0.35147715247255534,4500,deep
LAT41.9_LON-44.5,-0.34915041182985224,4500,deep
LAT41.9_LON-44.7,-0.3518852810018376,4500,deep
LAT42.0_LON-35.5,-0.35108883269861324,4500,deep
LAT42.0_LON-35.7,-0.35311902520160043,4500,deep
LAT42.0_LON-35.9,-0.3520542543064391,4500,deep
LAT42.0_LON-36.4,-0.3553115737794025,4500,deep
LAT42.0_LON-36.5,-0.352335790569565,4500,deep
LAT42.0_LON-36.6,-0.35260872870894444,4500,deep
LAT42.0_LON-36.7,-0.3503914811715313,4500,deep
LAT42.0_LON-36.9,-0.3459150309812127,4500,deep
LAT42.0_LON-37.0,-0.3510236081390903,4500,deep
LAT42.0_LON-37.1,-0.3536669678486517,4500,deep
LAT42.0_LON-37.2,-0.3525634474542163,4500,deep
LAT42.0_LON-37.3,-0.35049612016599957,4500,deep
LAT42.0_LON-37.5,-0.3504311305999177,4500,deep
LAT42.0_LON-37.6,-0.3477530855162398,4500,deep
LAT42.0_LON-37.7,-0.3472489104595687,4500,deep
LAT42.0_LON-38.1,-0.3518112192954121,4500,deep
LAT42.0_LON-38.3,-0.3543739149429856,4500,deep
LAT42.0_LON-38.4,-0.3504269184646356,4500,deep
LAT42.0_LON-38.6,-0.3538353945526844,4500,deep
LAT42.0_LON-38.7,-0.35471619553915856,4500,deep
LAT42.0_LON-38.9,-0.35691305781215343,4500,deep
LAT42.0_LON-39.0,-0.3477059815097414,4500,deep
LAT42.0_LON-39.2,-0.35050966204656553,4500,deep
LAT42.0_LON-39.3,-0.3527563347703534,4500,deep
LAT42.0_LON-39.4,-0.35349962975150395,4500,deep
LAT42.0_LON-39.5,-0.3537855991965962,4500,deep
LAT42.0_LON-39.6,-0.35217349390952524,4500,deep
LAT42.0_LON-39.7,-0.3547598596661576,4500,deep
LAT42.0_LON-39.8,-0.3512639424989149,4500,deep
LAT42.0_LON-39.9,-0.3518112192954121,4500,deep
LAT42.0_LON-40.0,-0.3514637565387897,4500,deep
LAT42.0_LON-40.2,-0.3523039116788811,4500,deep
LAT42.0_LON-40.3,-0.3508761189688858,4500,deep
LAT42.0_LON-40.4,-0.35265622958066245,4500,deep
LAT42.0_LON-40.5,-0.3523012417657973,4500,deep
LAT42.0_LON-40.6,-0.3495427274359895,4500,deep
LAT42.0_LON-41.0,-0.34849501438779157,4500,deep
LAT42.0_LON-41.1,-0.3531950258066751,4500,deep
LAT42.0_LON-41.3,-0.34892910716612957,4500,deep
LAT42.0_LON-41.4,-0.35418085224785306,4500,deep
LAT42.0_LON-41.5,-0.3521182500293464,4500,deep
LAT42.0_LON-41.6,-0.352316707529156,4500,deep
LAT42.0_LON-41.8,-0.3525860876026581,4500,deep
LAT42.0_LON-41.9,-0.3544358120487916,4500,deep
LAT42.0_LON-42.0,-0.3474439236647758,4500,deep
LAT42.0_LON-42.1,-0.3477276660498203,4500,deep
LAT42.0_LON-42.2,-0.34705055078270597,4500,deep
LAT42.0_LON-42.5,-0.34876015358017315,4500,deep
LAT42.0_LON-42.6,-0.3465715906821642,4500,deep
LAT42.0_LON-42.7,-0.3494508925237227,4500,deep
LAT42.0_LON-42.8,-0.354277107920677,4500,deep
LAT42.0_LON-42.9,-0.3519439064546141,4500,deep
LAT42.0_LON-43.0,-0.35127056254363126,4500,deep
LAT42.0_LON-43.2,-0.350878540134436,4500,deep
LAT42.0_LON-43.4,-0.35069281102222244,4500,deep
LAT42.0_LON-43.5,-0.3532681164294474,4500,deep
LAT42.0_LON-43.6,-0.3538107204383794,4500,deep
LAT42.0_LON-43.7,-0.35262264356154127,4500,deep
LAT42.0_LON-43.8,-0.34892910716612957,4500,deep
LAT42.0_LON-44.0,-0.3527692286266911,4500,deep
LAT42.0_LON-44.1,-0.3480943205390878,4500,deep
LAT42.0_LON-44.2,-0.3502715168126824,4500,deep
LAT42.0_LON-44.3,-0.3491545609903599,4500,deep
LAT42.0_LON-44.4,-0.35272279899970715,4500,deep
LAT42.0_LON-44.5,-0.3520282532999039,4500,deep
LAT42.0_LON-44.6,-0.3528519982358887,4500,deep
LAT42.0_LON-44.7,-0.3528789468708361,4500,deep
LAT42.0_LON-44.8,-0.35218313058173206,4500,deep
LAT42.0_LON-44.9,-0.35263650446849315,4500,deep
LAT42.0_LON-45.0,-0.35197144389765994,4500,deep
LAT42.1_LON-35.1,-0.3569872579022978,4500,deep
LAT42.1_LON-35.5,-0.35263692055276336,4500,deep
LAT42.1_LON-35.7,-0.351375039323243,4500,deep
LAT42.1_LON-35.8,-0.3541951593799827,4500,deep
LAT42.1_LON-35.9,-0.3488983492295097,4500,deep
LAT42.1_LON-36.1,-0.35167797992610017,4500,deep
LAT42.1_LON-36.2,-0.3474154615441776,4500,deep
LAT42.1_LON-36.4,-0.3505559193768019,4500,deep
LAT42.1_LON-36.7,-0.3551449247612618,4500,deep
LAT42.1_LON-37.2,-0.35429968360035446,4500,deep
LAT42.1_LON-37.3,-0.35124668054717656,4500,deep
LAT42.1_LON-37.4,-0.3498995579344363,4500,deep
LAT42.1_LON-37.8,-0.3498338246091878,4500,deep
LAT42.1_LON-37.9,-0.35199212326606183,4500,deep
LAT42.1_LON-38.0,-0.3517443264013072,4500,deep
LAT42.1_LON-38.2,-0.3542516246437813,4500,deep
LAT42.1_LON-38.4,-0.3527887775708128,4500,deep
LAT42.1_LON-38.6,-0.3542516246437813,4500,deep
LAT42.1_LON-38.8,-0.3516827875053591,4500,deep
LAT42.1_LON-38.9,-0.35294308316394424,4500,deep
LAT42.1_LON-39.1,-0.3532341963364898,4500,deep
LAT42.1_LON-39.2,-0.3504232432701524,4500,deep
LAT42.1_LON-39.4,-0.34734811515721103,4500,deep
LAT42.1_LON-39.7,-0.35334581020073047,4500,deep
LAT42.1_LON-39.8,-0.3557499265824322,4500,deep
LAT42.1_LON-39.9,-0.3502362256063442,4500,deep
LAT42.1_LON-40.0,-0.3520706796410963,4500,deep
LAT42.1_LON-40.1,-0.34845201667869896,4500,deep
LAT42.1_LON-40.2,-0.3552319204478793,4500,deep
LAT42.1_LON-40.3,-0.34949584679029455,4500,deep
LAT42.1_LON-40.5,-0.3506455121051316,4500,deep
LAT42.1_LON-40.7,-0.3469145620703046,4500,deep
LAT42.1_LON-40.8,-0.35354448737267025,4500,deep
LAT42.1_LON-40.9,-0.35162338637598445,4500,deep
LAT42.1_LON-41.1,-0.35383125772263424,4500,deep
LAT42.1_LON-41.2,-0.3481089354033115,4500,deep
LAT42.1_LON-41.3,-0.34855552181995353,4500,deep
LAT42.1_LON-41.4,-0.3484902047568027,4500,deep
LAT42.1_LON-41.5,-0.3510100364867887,4500,deep
LAT42.1_LON-41.6,-0.34824394963986627,4500,deep
LAT42.1_LON-41.9,-0.35289868087149306,4500,deep
LAT42.1_LON-42.0,-0.3521182500293464,4500,deep
LAT42.1_LON-42.1,-0.3488818698787815,4500,deep
LAT42.1_LON-42.2,-0.3474154615441776,4500,deep
LAT42.1_LON-42.3,-0.3514629366068525,4500,deep
LAT42.1_LON-42.4,-0.3489024149181853,4500,deep
LAT42.1_LON-42.5,-0.35115859532263516,4500,deep
LAT42.1_LON-42.7,-0.3514438793650313,4500,deep
LAT42.1_LON-42.8,-0.35366157171943974,4500,deep
LAT42.1_LON-43.1,-0.3482010401832563,4500,deep
LAT42.1_LON-43.2,-0.3479824615436356,4500,deep
LAT42.1_LON-43.4,-0.35345226839004884,4500,deep
LAT42.1_LON-43.7,-0.35311491105364323,4500,deep
LAT42.1_LON-43.8,-0.3536249640006624,4500,deep
LAT42.1_LON-44.1,-0.3518714488559478,4500,deep
LAT42.1_LON-44.3,-0.3496551228978292,4500,deep
LAT42.1_LON-44.4,-0.35046629648786026,4500,deep
LAT42.1_LON-44.6,-0.3495106062700962,4500,deep
LAT42.1_LON-44.7,-0.35244860572018044,4500,deep
LAT42.1_LON-44.8,-0.3474154615441776,4500,deep
LAT42.1_LON-44.9,-0.348788499990327,4500,deep
LAT42.2_LON-35.1,-0.35365416234101077,4500,deep
LAT42.2_LON-35.3,-0.35226187074620635,4500,deep
LAT42.2_LON-35.8,-0.3465715906821642,4500,deep
LAT42.2_LON-36.1,-0.35174317200578303,4500,deep
LAT42.2_LON-36.2,-0.3470711302111577,4500,deep
LAT42.2_LON-36.5,-0.3520501744479804,4500,deep
LAT42.2_LON-36.7,-0.35229704416605806,4500,deep
LAT42.2_LON-37.0,-0.3499627636596292,4500,deep
LAT42.2_LON-37.1,-0.34733176444695046,4500,deep
LAT42.2_LON-37.2,-0.34967181897351596,4500,deep
LAT42.2_LON-37.3,-0.3502362256063442,4500,deep
LAT42.2_LON-37.5,-0.3495324554141416,4500,deep
LAT42.2_LON-37.7,-0.3473711414693968,4500,deep
LAT42.2_LON-37.9,-0.34917030304579144,4500,deep
LAT42.2_LON-38.0,-0.34960349844302796,4500,deep
LAT42.2_LON-38.1,-0.3529347687551002,4500,deep
LAT42.2_LON-38.3,-0.3528519982358887,4500,deep
LAT42.2_LON-38.5,-0.3518112192954121,4500,deep
LAT42.2_LON-38.6,-0.3514429645532423,4500,deep
LAT42.2_LON-38.8,-0.35178129801874314,4500,deep
LAT42.2_LON-39.0,-0.35309340102406506,4500,deep
LAT42.2_LON-39.2,-0.35037348249566574,4500,deep
LAT42.2_LON-39.3,-0.3527549917779488,4500,deep
LAT42.2_LON-39.4,-0.3524973266755903,4500,deep
LAT42.2_LON-39.5,-0.35059962508184694,4500,deep
LAT42.2_LON-39.6,-0.34959191706234977,4500,deep
LAT42.2_LON-39.8,-0.3536200911376366,4500,deep
LAT42.2_LON-40.1,-0.35191501231601063,4500,deep
LAT42.2_LON-40.2,-0.3466993397582908,4500,deep
LAT42.2_LON-40.3,-0.35336251042869776,4500,deep
LAT42.2_LON-40.4,-0.35199182723661854,4500,deep
LAT42.2_LON-40.5,-0.3538978795906342,4500,deep
LAT42.2_LON-40.9,-0.35363964371232587,4500,deep
LAT42.2_LON-41.0,-0.3538353945526844,4500,deep
LAT42.2_LON-41.3,-0.3524073315533204,4500,deep
LAT42.2_LON-41.7,-0.3483247817416759,4500,deep
LAT42.2_LON-41.8,-0.35345226839004884,4500,deep
LAT42.2_LON-42.2,-0.3525634474542163,4500,deep
LAT42.2_LON-42.4,-0.35025737628262266,4500,deep
LAT42.2_LON-42.5,-0.3506905807582563,4500,deep
LAT42.2_LON-42.7,-0.35193981391483165,4500,deep
LAT42.2_LON-43.1,-0.35222977826842183,4500,deep
LAT42.2_LON-43.3,-0.34943352203878675,4500,deep
LAT42.2_LON-43.4,-0.3502294113003904,4500,deep
LAT42.2_LON-43.8,-0.35382530586364497,4500,deep
LAT42.2_LON-43.9,-0.3496782372513849,4500,deep
LAT42.2_LON-44.0,-0.3543656434464535,4500,deep
LAT42.2_LON-44.2,-0.35434570864276893,4500,deep
LAT42.2_LON-44.3,-0.3536233311558429,4500,deep
LAT42.2_LON-44.4,-0.3477059815097414,4500,deep
LAT42.2_LON-44.5,-0.3492392162780108,4500,deep
LAT42.2_LON-44.6,-0.3465918153515793,4500,deep
LAT42.2_LON-44.7,-0.3482372423325242,4500,deep
LAT42.2_LON-44.8,-0.3459150309812127,4500,deep
LAT42.2_LON-44.9,-0.3536249640006624,4500,deep
LAT42.2_LON-45.0,-0.352687849940677,4500,deep
LAT42.3_LON-35.0,-0.35307654484246487,4500,deep
LAT42.3_LON-35.2,-0.3525074417385219,4500,deep
LAT42.3_LON-35.8,-0.35133110353416064,4500,deep
LAT42.3_LON-36.0,-0.3492541502592443,4500,deep
LAT42.3_LON-36.2,-0.3536766045041855,4500,deep
LAT42.3_LON-36.5,-0.3477857999786019,4500,deep
LAT42.3_LON-36.9,-0.353552914664535,4500,deep
LAT42.3_LON-37.3,-0.35235842657617666,4500,deep
LAT42.3_LON-37.5,-0.3523202449498023,4500,deep
LAT42.3_LON-37.8,-0.3528781625831739,4500,deep
LAT42.3_LON-38.0,-0.35218313058173206,4500,deep
LAT42.3_LON-38.1,-0.3534380689569821,4500,deep
LAT42.3_LON-38.3,-0.3504496051242451,4500,deep
LAT42.3_LON-38.7,-0.3508351425323589,4500,deep
LAT42.3_LON-38.8,-0.3482372423325242,4500,deep
LAT42.3_LON-39.0,-0.3472522536254234,4500,deep
LAT42.3_LON-39.1,-0.351656504407796,4500,deep
LAT42.3_LON-39.2,-0.3526267659291696,4500,deep
LAT42.3_LON-39.3,-0.3519208908900621,4500,deep
LAT42.3_LON-39.5,-0.35416223093492893,4500,deep
LAT42.3_LON-39.6,-0.3482010401832563,4500,deep
LAT42.3_LON-39.8,-0.35118450106602117,4500,deep
LAT42.3_LON-40.0,-0.34993952465688694,4500,deep
LAT42.3_LON-40.2,-0.3485595404659357,4500,deep
LAT42.3_LON-40.3,-0.34934169812939897,4500,deep
LAT42.3_LON-40.6,-0.35471441472993503,4500,deep
LAT42.3_LON-41.0,-0.3544689063985293,4500,deep
LAT42.3_LON-41.2,-0.3500520039302588,4500,deep
LAT42.3_LON-41.4,-0.3523039116788811,4500,deep
LAT42.3_LON-41.5,-0.351656504407796,4500,deep
LAT42.3_LON-41.6,-0.34911675781033574,4500,deep
LAT42.3_LON-42.0,-0.3524825402948042,4500,deep
LAT42.3_LON-42.2,-0.34959861716311247,4500,deep
LAT42.3_LON-42.3,-0.3523039116788811,4500,deep
LAT42.3_LON-42.4,-0.3498863323499244,4500,deep
LAT42.3_LON-42.6,-0.34773157481693656,4500,deep
LAT42.3_LON-42.8,-0.3517283944562283,4500,deep
LAT42.3_LON-42.9,-0.35253888104520303,4500,deep
LAT42.3_LON-43.2,-0.35128203643830047,4500,deep
LAT42.3_LON-43.4,-0.3538656691720913,4500,deep
LAT42.3_LON-43.7,-0.35225898718472026,4500,deep
LAT42.3_LON-43.8,-0.3521182500293464,4500,deep
LAT42.3_LON-44.1,-0.3536292491433055,4500,deep
LAT42.3_LON-44.3,-0.3474439236647758,4500,deep
LAT42.3_LON-44.5,-0.34804196964368844,4500,deep
LAT42.3_LON-44.7,-0.35014062906388116,4500,deep
LAT42.4_LON-35.1,-0.34973927512562186,4500,deep
LAT42.4_LON-35.2,-0.34714028123306295,4500,deep
LAT42.4_LON-36.3,-0.3495106062700962,4500,deep
LAT42.4_LON-36.6,-0.35234029440409653,4500,deep
LAT42.4_LON-36.8,-0.3519463040526469,4500,deep
LAT42.4_LON-37.3,-0.3538978795906342,4500,deep
LAT42.4_LON-37.5,-0.3528647404201233,4500,deep
LAT42.4_LON-37.6,-0.35142832033811394,4500,deep
LAT42.4_LON-37.7,-0.35311609836528274,4500,deep
LAT42.4_LON-37.8,-0.3544908001761119,4500,deep
LAT42.4_LON-37.9,-0.35036338982798676,4500,deep
LAT42.4_LON-38.0,-0.3517529836394942,4500,deep
LAT42.4_LON-38.2,-0.3466993397582908,4500,deep
LAT42.4_LON-38.3,-0.35165513643689866,4500,deep
LAT42.4_LON-38.4,-0.3544374448587453,4500,deep
LAT42.4_LON-38.5,-0.3485799418808624,4500,deep
LAT42.4_LON-38.6,-0.35059962508184694,4500,deep
LAT42.4_LON-38.7,-0.3502102902573515,4500,deep
LAT42.4_LON-38.8,-0.3479824615436356,4500,deep
LAT42.4_LON-38.9,-0.34847707066399847,4500,deep
LAT42.4_LON-39.0,-0.3517250171141023,4500,deep
LAT42.4_LON-39.1,-0.3533466950894244,4500,deep
LAT42.4_LON-39.2,-0.34915639334168214,4500,deep
LAT42.4_LON-39.5,-0.3500121439239127,4500,deep
LAT42.4_LON-39.6,-0.35382530586364497,4500,deep
LAT42.4_LON-39.8,-0.3539399986682273,4500,deep
LAT42.4_LON-40.0,-0.35471441472993503,4500,deep
LAT42.4_LON-40.1,-0.35121372862019684,4500,deep
LAT42.4_LON-40.2,-0.3491545609903599,4500,deep
LAT42.4_LON-40.3,-0.349372036661357,4500,deep
LAT42.4_LON-40.7,-0.34915639334168214,4500,deep
LAT42.4_LON-40.9,-0.35283063710925094,4500,deep
LAT42.4_LON-41.0,-0.3568096785547479,4500,deep
LAT42.4_LON-41.1,-0.3539626588852386,4500,deep
LAT42.4_LON-41.2,-0.353011570866111,4500,deep
LAT42.4_LON-41.5,-0.34936707321588445,4500,deep
LAT42.4_LON-41.6,-0.35282262455523755,4500,deep
LAT42.4_LON-41.7,-0.35082982700388643,4500,deep
LAT42.4_LON-41.8,-0.35022644966489674,4500,deep
LAT42.4_LON-42.5,-0.3512550937748847,4500,deep
LAT42.4_LON-42.9,-0.34834077840293126,4500,deep
LAT42.4_LON-43.1,-0.3516771446132848,4500,deep
LAT42.4_LON-43.2,-0.3538433873896015,4500,deep
LAT42.4_LON-43.3,-0.35363964371232587,4500,deep
LAT42.4_LON-43.4,-0.3476565097197382,4500,deep
LAT42.4_LON-43.7,-0.35275693514413603,4500,deep
LAT42.4_LON-44.0,-0.3542167323740831,4500,deep
LAT42.4_LON-44.1,-0.34736046965310136,4500,deep
LAT42.4_LON-44.4,-0.35473549299181456,4500,deep
LAT42.4_LON-44.7,-0.3509859521776078,4500,deep
LAT42.4_LON-44.8,-0.3505020522489743,4500,deep
LAT42.5_LON-35.0,-0.3485433009083644,4500,deep
LAT42.5_LON-36.0,-0.3534113261521106,4500,deep
LAT42.5_LON-36.6,-0.3557532089359616,4500,deep
LAT42.5_LON-36.9,-0.35260872870894444,4500,deep
LAT42.5_LON-37.6,-0.3518112192954121,4500,deep
LAT42.5_LON-37.7,-0.35260872870894444,4500,deep
LAT42.5_LON-37.9,-0.35061388924838843,4500,deep
LAT42.5_LON-38.0,-0.3488213665530624,4500,deep
LAT42.5_LON-38.2,-0.3532713675609193,4500,deep
LAT42.5_LON-38.4,-0.3491075151031738,4500,deep
LAT42.5_LON-38.5,-0.35087226511954567,4500,deep
LAT42.5_LON-38.6,-0.3504311305999177,4500,deep
LAT42.5_LON-38.7,-0.35129778559612557,4500,deep
LAT42.5_LON-38.9,-0.3547598596661576,4500,deep
LAT42.5_LON-39.0,-0.3484902047568027,4500,deep
LAT42.5_LON-39.1,-0.34736436591233305,4500,deep
LAT42.5_LON-39.2,-0.3511540533402599,4500,deep
LAT42.5_LON-39.4,-0.34738569135382935,4500,deep
LAT42.5_LON-39.7,-0.352878642532086,4500,deep
LAT42.5_LON-39.8,-0.35167532462297135,4500,deep
LAT42.5_LON-39.9,-0.34847707066399847,4500,deep
LAT42.5_LON-40.0,-0.35356242021417406,4500,deep
LAT42.5_LON-40.3,-0.3513662628179632,4500,deep
LAT42.5_LON-40.8,-0.35325872782391876,4500,deep
LAT42.5_LON-40.9,-0.3537332462683354,4500,deep
LAT42.5_LON-41.2,-0.3537488041799935,4500,deep
LAT42.5_LON-41.7,-0.35382530586364497,4500,deep
LAT42.5_LON-42.0,-0.3529239053395322,4500,deep
LAT42.5_LON-42.8,-0.35102594452665675,4500,deep
LAT42.5_LON-43.2,-0.35010928477061126,4500,deep
LAT42.5_LON-43.3,-0.35234029440409653,4500,deep
LAT42.5_LON-43.4,-0.3465715906821642,4500,deep
LAT42.5_LON-43.7,-0.35018000044210895,4500,deep
LAT42.5_LON-43.8,-0.35306909348003895,4500,deep
LAT42.5_LON-44.0,-0.3472522536254234,4500,deep
LAT42.5_LON-44.1,-0.34880131701016354,4500,deep
LAT42.5_LON-44.2,-0.3471267312156104,4500,deep
LAT42.5_LON-44.4,-0.34973794510735745,4500,deep
LAT42.5_LON-44.6,-0.3521182500293464,4500,deep
LAT42.5_LON-44.7,-0.35473549299181456,4500,deep
LAT42.5_LON-44.9,-0.35237565402853904,4500,deep
LAT42.6_LON-35.1,-0.34892910716612957,4500,deep
LAT42.6_LON-36.5,-0.3523202449498023,4500,deep
LAT42.6_LON-37.0,-0.3527563347703534,4500,deep
LAT42.6_LON-37.4,-0.3470711302111577,4500,deep
LAT42.6_LON-37.6,-0.35262264356154127,4500,deep
LAT42.6_LON-37.7,-0.3501243264186276,4500,deep
LAT42.6_LON-38.0,-0.35265622958066245,4500,deep
LAT42.6_LON-38.1,-0.3488117533474677,4500,deep
LAT42.6_LON-38.2,-0.3516378032395722,4500,deep
LAT42.6_LON-38.3,-0.35113891629355043,4500,deep
LAT42.6_LON-38.5,-0.3507964729446848,4500,deep
LAT42.6_LON-38.7,-0.35120741538934264,4500,deep
LAT42.6_LON-38.8,-0.34711653583154467,4500,deep
LAT42.6_LON-38.9,-0.3487588386660379,4500,deep
LAT42.6_LON-39.0,-0.35358325221670917,4500,deep
LAT42.6_LON-39.1,-0.35173243214728206,4500,deep
LAT42.6_LON-39.2,-0.3528491361072402,4500,deep
LAT42.6_LON-39.3,-0.35083149903046973,4500,deep
LAT42.6_LON-39.4,-0.349573223760444,4500,deep
LAT42.6_LON-39.5,-0.3534380689569821,4500,deep
LAT42.6_LON-39.7,-0.3536766045041855,4500,deep
LAT42.6_LON-40.0,-0.347492095330373,4500,deep
LAT42.6_LON-40.4,-0.34744193546367974,4500,deep
LAT42.6_LON-40.8,-0.34948171057956934,4500,deep
LAT42.6_LON-40.9,-0.35444363360937975,4500,deep
LAT42.6_LON-41.0,-0.3501116374757129,4500,deep
LAT42.6_LON-41.3,-0.3451762591539483,4500,deep
LAT42.6_LON-41.5,-0.3494442844655771,4500,deep
LAT42.6_LON-41.7,-0.3465918153515793,4500,deep
LAT42.6_LON-41.8,-0.35449979068486237,4500,deep
LAT42.6_LON-42.1,-0.35471441472993503,4500,deep
LAT42.6_LON-42.2,-0.35203677831922603,4500,deep
LAT42.6_LON-42.9,-0.3488759754123163,4500,deep
LAT42.6_LON-43.1,-0.3514980885672018,4500,deep
LAT42.6_LON-43.2,-0.3525014193842826,4500,deep
LAT42.6_LON-43.8,-0.3481866119244269,4500,deep
LAT42.6_LON-44.4,-0.3520957202004829,4500,deep
LAT42.6_LON-44.5,-0.350335422935898,4500,deep
LAT42.6_LON-44.6,-0.3465918153515793,4500,deep
LAT42.6_LON-44.7,-0.3525441507708274,4500,deep
LAT42.6_LON-44.8,-0.35732550681753933,4500,deep
LAT42.6_LON-44.9,-0.35238398998526244,4500,deep
LAT42.6_LON-45.0,-0.3533947904783987,4500,deep
LAT42.7_LON-35.9,-0.3522702202546064,4500,deep
LAT42.7_LON-36.1,-0.35072394524274997,4500,deep
LAT42.7_LON-37.0,-0.34742216166812045,4500,deep
LAT42.7_LON-37.1,-0.34982205125701943,4500,deep
LAT42.7_LON-37.6,-0.3528781625831739,4500,deep
LAT42.7_LON-37.8,-0.34880867940108523,4500,deep
LAT42.7_LON-38.1,-0.35206722333289325,4500,deep
LAT42.7_LON-38.2,-0.3471219936119057,4500,deep
LAT42.7_LON-38.3,-0.3498592783277719,4500,deep
LAT42.7_LON-38.5,-0.3510817695385252,4500,deep
LAT42.7_LON-38.9,-0.3493963431252235,4500,deep
LAT42.7_LON-39.2,-0.3458457043965921,4500,deep
LAT42.7_LON-39.5,-0.34738184033186403,4500,deep
LAT42.7_LON-39.6,-0.35263389122541144,4500,deep
LAT42.7_LON-39.9,-0.34732944100967944,4500,deep
LAT42.7_LON-40.1,-0.3464732292228898,4500,deep
LAT42.7_LON-40.9,-0.34911675781033574,4500,deep
LAT42.7_LON-41.0,-0.35158905741009755,4500,deep
LAT42.7_LON-42.2,-0.3521672391900379,4500,deep
LAT42.7_LON-43.1,-0.35090692293046793,4500,deep
LAT42.7_LON-43.4,-0.34947859750016164,4500,deep
LAT42.7_LON-43.6,-0.35103134763539184,4500,deep
LAT42.7_LON-43.7,-0.34972998579459574,4500,deep
LAT42.7_LON-44.0,-0.35058714284001874,4500,deep
LAT42.7_LON-44.2,-0.3501116374757129,4500,deep
LAT42.7_LON-44.3,-0.35146010058813715,4500,deep
LAT42.7_LON-44.5,-0.35090692293046793,4500,deep
LAT42.7_LON-44.6,-0.35124668054717656,4500,deep
LAT42.8_LON-35.0,-0.3508747421840646,4500,deep
LAT42.8_LON-35.1,-0.3481395453690978,4500,deep
LAT42.8_LON-35.2,-0.3523039116788811,4500,deep
LAT42.8_LON-35.6,-0.35151840717696775,4500,deep
LAT42.8_LON-36.2,-0.3532513189406387,4500,deep
LAT42.8_LON-36.7,-0.35090286539083143,4500,deep
LAT42.8_LON-37.1,-0.35352602452479354,4500,deep
LAT42.8_LON-37.8,-0.3520501744479804,4500,deep
LAT42.8_LON-38.0,-0.3517250171141023,4500,deep
LAT42.8_LON-38.3,-0.35352602452479354,4500,deep
LAT42.8_LON-38.6,-0.3500812567808439,4500,deep
LAT42.8_LON-38.9,-0.3523142184598086,4500,deep
LAT42.8_LON-39.1,-0.3521393199544321,4500,deep
LAT42.8_LON-39.2,-0.353421494494607,4500,deep
LAT42.8_LON-39.3,-0.35151224828428357,4500,deep
LAT42.8_LON-39.5,-0.3566213243329882,4500,deep
LAT42.8_LON-39.6,-0.34940506213016564,4500,deep
LAT42.8_LON-39.7,-0.34742216166812045,4500,deep
LAT42.8_LON-39.9,-0.3484902047568027,4500,deep
LAT42.8_LON-40.3,-0.34698199736928637,4500,deep
LAT42.8_LON-41.0,-0.3520542543064391,4500,deep
LAT42.8_LON-41.4,-0.3538433873896015,4500,deep
LAT42.8_LON-41.6,-0.3530396983211513,4500,deep
LAT42.8_LON-43.4,-0.3500225474737324,4500,deep
LAT42.8_LON-43.5,-0.35025844372429765,4500,deep
LAT42.8_LON-43.7,-0.3513636808315547,4500,deep
LAT42.8_LON-43.9,-0.3523413076174813,4500,deep
LAT42.8_LON-44.2,-0.351907874434324,4500,deep
LAT42.8_LON-44.5,-0.34994221304618967,4500,deep
LAT42.8_LON-44.6,-0.3515609994742483,4500,deep
LAT42.8_LON-44.7,-0.3493831174669018,4500,deep
LAT42.9_LON-35.2,-0.35158905741009755,4500,deep
LAT42.9_LON-35.4,-0.35225898718472026,4500,deep
LAT42.9_LON-35.5,-0.35054506851954265,4500,deep
LAT42.9_LON-35.6,-0.35162411527397464,4500,deep
LAT42.9_LON-35.9,-0.35090692293046793,4500,deep
LAT42.9_LON-36.2,-0.35345226839004884,4500,deep
LAT42.9_LON-36.8,-0.3492998150263517,4500,deep
LAT42.9_LON-38.1,-0.35333955546186974,4500,deep
LAT42.9_LON-38.2,-0.35022644966489674,4500,deep
LAT42.9_LON-38.9,-0.3501322821538393,4500,deep
LAT42.9_LON-39.0,-0.3542835062902217,4500,deep
LAT42.9_LON-39.1,-0.35359786210173244,4500,deep
LAT42.9_LON-39.2,-0.3536766045041855,4500,deep
LAT42.9_LON-39.3,-0.3508043774180006,4500,deep
LAT42.9_LON-39.4,-0.3472522536254234,4500,deep
LAT42.9_LON-39.6,-0.3475476039143197,4500,deep
LAT42.9_LON-39.7,-0.3521182500293464,4500,deep
LAT42.9_LON-40.0,-0.3472489104595687,4500,deep
LAT42.9_LON-40.2,-0.3534113261521106,4500,deep
LAT42.9_LON-40.8,-0.35103134763539184,4500,deep
LAT42.9_LON-41.0,-0.3493831174669018,4500,deep
LAT42.9_LON-41.1,-0.3505397177693349,4500,deep
LAT42.9_LON-41.2,-0.35247513846631573,4500,deep
LAT42.9_LON-42.4,-0.35116274161596034,4500,deep
LAT42.9_LON-42.6,-0.3527808888617124,4500,deep
LAT42.9_LON-42.7,-0.34889678052840917,4500,deep
LAT42.9_LON-43.0,-0.3501116374757129,4500,deep
LAT42.9_LON-44.0,-0.3520164780072216,4500,deep
LAT42.9_LON-44.3,-0.3505365371470426,4500,deep
LAT42.9_LON-44.4,-0.3536766045041855,4500,deep
LAT42.9_LON-44.6,-0.35316177094071804,4500,deep
LAT42.9_LON-44.8,-0.34567316759830524,4500,deep
LAT43.0_LON-35.0,-0.35419245518954334,4500,deep
LAT43.0_LON-35.9,-0.3532513189406387,4500,deep
LAT43.0_LON-36.9,-0.3534498844636129,4500,deep
LAT43.0_LON-37.0,-0.3501116374757129,4500,deep
LAT43.0_LON-37.1,-0.35305254550955745,4500,deep
LAT43.0_LON-38.0,-0.34874079664421387,4500,deep
LAT43.0_LON-38.1,-0.35054264639795996,4500,deep
LAT43.0_LON-38.2,-0.3477276660498203,4500,deep
LAT43.0_LON-38.6,-0.3544358120487916,4500,deep
LAT43.0_LON-38.8,-0.3534113261521106,4500,deep
LAT43.0_LON-38.9,-0.34639390910712287,4500,deep
LAT43.0_LON-39.0,-0.3496655508998434,4500,deep
LAT43.0_LON-39.1,-0.3518431354497247,4500,deep
LAT43.0_LON-39.2,-0.3534498844636129,4500,deep
LAT43.0_LON-39.7,-0.35385096487384937,4500,deep
LAT43.0_LON-39.9,-0.3532513189406387,4500,deep
LAT43.0_LON-40.3,-0.3467541444691754,4500,deep
LAT43.0_LON-40.8,-0.3522071173399105,4500,deep
LAT43.0_LON-44.0,-0.34695742009959174,4500,deep
LAT43.0_LON-44.3,-0.3513980488667765,4500,deep
LAT43.0_LON-44.4,-0.34892910716612957,4500,deep
LAT43.0_LON-44.7,-0.3470711302111577,4500,deep
LAT43.0_LON-44.8,-0.3517283944562283,4500,deep
LAT43.0_LON-44.9,-0.35471619553915856,4500,deep
LAT43.0_LON-45.0,-0.3503578834028232,4500,deep
LAT43.1_LON-35.0,-0.3484374860912146,4500,deep
LAT43.1_LON-35.4,-0.3516800482336748,4500,deep
LAT43.1_LON-35.9,-0.35082982700388643,4500,deep
LAT43.1_LON-36.1,-0.35077464472628955,4500,deep
LAT43.1_LON-36.2,-0.3499367515963834,4500,deep
LAT43.1_LON-37.8,-0.3501322821538393,4500,deep
LAT43.1_LON-37.9,-0.3504437423638749,4500,deep
LAT43.1_LON-38.0,-0.34794788498439505,4500,deep
LAT43.1_LON-38.4,-0.35090692293046793,4500,deep
LAT43.1_LON-38.5,-0.352335790569565,4500,deep
LAT43.1_LON-38.6,-0.35336251042869776,4500,deep
LAT43.1_LON-38.9,-0.35434206555376807,4500,deep
LAT43.1_LON-39.1,-0.34877796642218517,4500,deep
LAT43.1_LON-39.2,-0.349573223760444,4500,deep
LAT43.1_LON-39.4,-0.3548075192023856,4500,deep
LAT43.1_LON-39.5,-0.35435236280190135,4500,deep
LAT43.1_LON-39.6,-0.3534113261521106,4500,deep
LAT43.1_LON-39.7,-0.3527187703389956,4500,deep
LAT43.1_LON-39.8,-0.34780727728991206,4500,deep
LAT43.1_LON-40.2,-0.3533467347070325,4500,deep
LAT43.1_LON-40.3,-0.34800621026798173,4500,deep
LAT43.1_LON-43.0,-0.3524592175203886,4500,deep
LAT43.1_LON-43.7,-0.35119613979329956,4500,deep
LAT43.1_LON-43.8,-0.34994221304618967,4500,deep
LAT43.1_LON-44.5,-0.3491940649059222,4500,deep
LAT43.1_LON-44.6,-0.351222330149998,4500,deep
LAT43.1_LON-44.7,-0.34987068000785787,4500,deep
LAT43.1_LON-44.8,-0.3480943205390878,4500,deep
LAT43.1_LON-45.0,-0.34965361377593357,4500,deep
LAT43.2_LON-35.2,-0.350748865894175,4500,deep
LAT43.2_LON-35.7,-0.35048036299220675,4500,deep
LAT43.2_LON-36.4,-0.35103134763539184,4500,deep
LAT43.2_LON-36.8,-0.35103475161481335,4500,deep
LAT43.2_LON-37.5,-0.3468297191452352,4500,deep
LAT43.2_LON-38.0,-0.3482372423325242,4500,deep
LAT43.2_LON-38.3,-0.3497416147226431,4500,deep
LAT43.2_LON-38.5,-0.35473549299181456,4500,deep
LAT43.2_LON-38.7,-0.3528924796894877,4500,deep
LAT43.2_LON-38.9,-0.3528789468708361,4500,deep
LAT43.2_LON-39.0,-0.34625566138029384,4500,deep
LAT43.2_LON-39.1,-0.3502255907395329,4500,deep
LAT43.2_LON-39.4,-0.34780727728991206,4500,deep
LAT43.2_LON-40.0,-0.35336251042869776,4500,deep
LAT43.2_LON-40.2,-0.34972702065708816,4500,deep
LAT43.2_LON-40.5,-0.3495212760769133,4500,deep
LAT43.2_LON-42.2,-0.3501116374757129,4500,deep
LAT43.2_LON-42.6,-0.3541951593799827,4500,deep
LAT43.2_LON-43.0,-0.3529239053395322,4500,deep
LAT43.2_LON-44.0,-0.35278669066196794,4500,deep
LAT43.2_LON-44.1,-0.35564502379026663,4500,deep
LAT43.2_LON-44.4,-0.3501116374757129,4500,deep
LAT43.2_LON-44.6,-0.35145736148701556,4500,deep
LAT43.2_LON-44.7,-0.3501322821538393,4500,deep
LAT43.3_LON-35.4,-0.34915639334168214,4500,deep
LAT43.3_LON-35.5,-0.3492500669312607,4500,deep
LAT43.3_LON-36.5,-0.3502552991396946,4500,deep
LAT43.3_LON-37.3,-0.3505511999922523,4500,deep
LAT43.3_LON-37.9,-0.3492500669312607,4500,deep
LAT43.3_LON-38.2,-0.34736436591233305,4500,deep
LAT43.3_LON-38.4,-0.35434206555376807,4500,deep
LAT43.3_LON-38.6,-0.3452083642931039,4500,deep
LAT43.3_LON-38.7,-0.35133273677187415,4500,deep
LAT43.3_LON-38.8,-0.34915639334168214,4500,deep
LAT43.3_LON-38.9,-0.3501116374757129,4500,deep
LAT43.3_LON-39.0,-0.3472489104595687,4500,deep
LAT43.3_LON-39.3,-0.3493064522201047,4500,deep
LAT43.3_LON-39.4,-0.35226198133385767,4500,deep
LAT43.3_LON-39.5,-0.35103475161481335,4500,deep
LAT43.3_LON-39.6,-0.3504746235347519,4500,deep
LAT43.3_LON-39.7,-0.35206922126723006,4500,deep
LAT43.3_LON-39.8,-0.3526522809282808,4500,deep
LAT43.3_LON-40.4,-0.34683040615223715,4500,deep
LAT43.3_LON-41.3,-0.3536766045041855,4500,deep
LAT43.3_LON-42.6,-0.35419883801612095,4500,deep
LAT43.3_LON-43.6,-0.35090286539083143,4500,deep
LAT43.3_LON-44.0,-0.3498149277169998,4500,deep
LAT43.3_LON-44.3,-0.35187908059759887,4500,deep
LAT43.3_LON-44.6,-0.3517225047059577,4500,deep
LAT43.3_LON-44.8,-0.3531036118712011,4500,deep
LAT43.4_LON-35.0,-0.3505511999922523,4500,deep
LAT43.4_LON-35.2,-0.35355649113711923,4500,deep
LAT43.4_LON-35.3,-0.3536233603523975,4500,deep
LAT43.4_LON-35.4,-0.3514047965580428,4500,deep
LAT43.4_LON-35.6,-0.3536766045041855,4500,deep
LAT43.4_LON-36.4,-0.3472281934300065,4500,deep
LAT43.4_LON-37.5,-0.3542835062902217,4500,deep
LAT43.4_LON-38.3,-0.34747234884793704,4500,deep
LAT43.4_LON-38.4,-0.35444363360937975,4500,deep
LAT43.4_LON-38.6,-0.3527563347703534,4500,deep
LAT43.4_LON-38.7,-0.3482417508548716,4500,deep
LAT43.4_LON-38.8,-0.3522702202546064,4500,deep
LAT43.4_LON-38.9,-0.35177192174161565,4500,deep
LAT43.4_LON-39.1,-0.3482417508548716,4500,deep
LAT43.4_LON-39.3,-0.35471441472993503,4500,deep
LAT43.4_LON-39.5,-0.35316177094071804,4500,deep
LAT43.4_LON-39.7,-0.3493831174669018,4500,deep
LAT43.4_LON-40.7,-0.35173243214728206,4500,deep
LAT43.4_LON-42.2,-0.3519381855490647,4500,deep
LAT43.4_LON-42.5,-0.35196088129921826,4500,deep
LAT43.4_LON-42.7,-0.3513664696583328,4500,deep
LAT43.4_LON-43.1,-0.35309539086644465,4500,deep
LAT43.4_LON-44.2,-0.35028621995877995,4500,deep
LAT43.4_LON-44.3,-0.35232411621908033,4500,deep
LAT43.4_LON-44.4,-0.3501116374757129,4500,deep
LAT43.4_LON-44.7,-0.35506791198318927,4500,deep
LAT43.4_LON-45.0,-0.35024719251563374,4500,deep
LAT43.5_LON-35.4,-0.3522702202546064,4500,deep
LAT43.5_LON-35.5,-0.3501384148136816,4500,deep
LAT43.5_LON-35.6,-0.35497440320004653,4500,deep
LAT43.5_LON-35.8,-0.3493839006552418,4500,deep
LAT43.5_LON-38.7,-0.35009342364658635,4500,deep
LAT43.5_LON-38.8,-0.3498597896351088,4500,deep
LAT43.5_LON-39.0,-0.34686642912117943,4500,deep
LAT43.5_LON-39.3,-0.3473711414693968,4500,deep
LAT43.5_LON-39.4,-0.35026959389195184,4500,deep
LAT43.5_LON-39.7,-0.3471219936119057,4500,deep
LAT43.5_LON-40.1,-0.3510409086461791,4500,deep
LAT43.5_LON-40.8,-0.3503914811715313,4500,deep
LAT43.5_LON-42.6,-0.35537441112950413,4500,deep
LAT43.5_LON-43.2,-0.351273672428446,4500,deep
LAT43.5_LON-43.4,-0.35039525328914184,4500,deep
LAT43.5_LON-43.7,-0.35028334097848113,4500,deep
LAT43.5_LON-44.3,-0.3510386180048217,4500,deep
LAT43.5_LON-44.9,-0.35363964371232587,4500,deep
LAT43.5_LON-45.0,-0.35268729936346566,4500,deep
LAT43.6_LON-35.2,-0.34780727728991206,4500,deep
LAT43.6_LON-35.3,-0.3518112192954121,4500,deep
LAT43.6_LON-35.6,-0.35295083927666626,4500,deep
LAT43.6_LON-36.5,-0.351083890950066,4500,deep
LAT43.6_LON-36.7,-0.34995443472494697,4500,deep
LAT43.6_LON-39.2,-0.3503758665010585,4500,deep
LAT43.6_LON-39.5,-0.34877796642218517,4500,deep
LAT43.6_LON-39.7,-0.3498424446763265,4500,deep
LAT43.6_LON-39.9,-0.34892910716612957,4500,deep
LAT43.6_LON-40.1,-0.35333349172667133,4500,deep
LAT43.6_LON-40.8,-0.351273672428446,4500,deep
LAT43.6_LON-41.1,-0.35176722201462707,4500,deep
LAT43.6_LON-43.2,-0.3505559193768019,4500,deep
LAT43.6_LON-43.3,-0.35054506851954265,4500,deep
LAT43.6_LON-43.7,-0.3516800482336748,4500,deep
LAT43.6_LON-43.9,-0.3527992309743349,4500,deep
LAT43.6_LON-44.1,-0.34947859750016164,4500,deep
LAT43.6_LON-44.2,-0.3520732076348084,4500,deep
LAT43.6_LON-44.4,-0.3544689063985293,4500,deep
LAT43.6_LON-44.8,-0.3526736869680487,4500,deep
LAT43.6_LON-45.0,-0.350171178307226,4500,deep
LAT43.7_LON-35.0,-0.35025844372429765,4500,deep
LAT43.7_LON-35.2,-0.3500359214902932,4500,deep
LAT43.7_LON-35.5,-0.3508043774180006,4500,deep
LAT43.7_LON-36.2,-0.3536766045041855,4500,deep
LAT43.7_LON-36.4,-0.3540928767761334,4500,deep
LAT43.7_LON-36.6,-0.3532689871286682,4500,deep
LAT43.7_LON-37.4,-0.34738184033186403,4500,deep
LAT43.7_LON-38.7,-0.352675303187056,4500,deep
LAT43.7_LON-38.8,-0.35278711758698544,4500,deep
LAT43.7_LON-38.9,-0.35121372862019684,4500,deep
LAT43.7_LON-39.3,-0.3534113261521106,4500,deep
LAT43.7_LON-39.6,-0.348329593314876,4500,deep
LAT43.7_LON-39.7,-0.34944180826569166,4500,deep
LAT43.7_LON-39.9,-0.3530126201925944,4500,deep
LAT43.7_LON-40.0,-0.34972702065708816,4500,deep
LAT43.7_LON-41.2,-0.3517250171141023,4500,deep
LAT43.7_LON-41.8,-0.35306909348003895,4500,deep
LAT43.7_LON-42.5,-0.35124014256748876,4500,deep
LAT43.7_LON-42.6,-0.3495324554141416,4500,deep
LAT43.7_LON-43.7,-0.35022644966489674,4500,deep
LAT43.7_LON-44.0,-0.3502255907395329,4500,deep
LAT43.7_LON-44.2,-0.351826559713711,4500,deep
LAT43.7_LON-44.7,-0.35098499678887995,4500,deep
LAT43.7_LON-44.9,-0.3512550937748847,4500,deep
LAT43.8_LON-35.0,-0.34940506213016564,4500,deep
LAT43.8_LON-35.6,-0.3503914811715313,4500,deep
LAT43.8_LON-36.4,-0.352535900963001,4500,deep
LAT43.8_LON-36.5,-0.3536249640006624,4500,deep
LAT43.8_LON-36.6,-0.35218886665417126,4500,deep
LAT43.8_LON-36.7,-0.3538433873896015,4500,deep
LAT43.8_LON-37.8,-0.35352602452479354,4500,deep
LAT43.8_LON-37.9,-0.35103134763539184,4500,deep
LAT43.8_LON-38.3,-0.3521240089452095,4500,deep
LAT43.8_LON-38.5,-0.35010928477061126,4500,deep
LAT43.8_LON-38.9,-0.3487063816916232,4500,deep
LAT43.8_LON-39.0,-0.34696647613000264,4500,deep
LAT43.8_LON-39.2,-0.34732944100967944,4500,deep
LAT43.8_LON-39.4,-0.3499367515963834,4500,deep
LAT43.8_LON-39.8,-0.35066145964865647,4500,deep
LAT43.8_LON-40.2,-0.3487145464451594,4500,deep
LAT43.8_LON-40.5,-0.35416967395145155,4500,deep
LAT43.8_LON-41.5,-0.35275693514413603,4500,deep
LAT43.8_LON-41.7,-0.3544665146894002,4500,deep
LAT43.8_LON-42.7,-0.34994221304618967,4500,deep
LAT43.8_LON-42.9,-0.35158905741009755,4500,deep
LAT43.8_LON-43.0,-0.3504746235347519,4500,deep
LAT43.8_LON-43.3,-0.3490731644407927,4500,deep
LAT43.8_LON-43.4,-0.35103134763539184,4500,deep
LAT43.8_LON-43.9,-0.3480170070359492,4500,deep
LAT43.8_LON-44.0,-0.3501322821538393,4500,deep
LAT43.8_LON-44.1,-0.3506880811311374,4500,deep
LAT43.8_LON-44.3,-0.3507936335060969,4500,deep
LAT43.8_LON-44.5,-0.3495324554141416,4500,deep
LAT43.8_LON-44.6,-0.3527992309743349,4500,deep
LAT43.8_LON-44.9,-0.35247683035719096,4500,deep
LAT43.9_LON-35.2,-0.34917053138511284,4500,deep
LAT43.9_LON-35.3,-0.3533467347070325,4500,deep
LAT43.9_LON-35.5,-0.3529239053395322,4500,deep
LAT43.9_LON-35.8,-0.35571010312397067,4500,deep
LAT43.9_LON-36.4,-0.3524825402948042,4500,deep
LAT43.9_LON-36.5,-0.3518112192954121,4500,deep
LAT43.9_LON-37.4,-0.35419245518954334,4500,deep
LAT43.9_LON-37.5,-0.35255157132660797,4500,deep
LAT43.9_LON-37.7,-0.35149420688905286,4500,deep
LAT43.9_LON-38.0,-0.3527808888617124,4500,deep
LAT43.9_LON-38.1,-0.3526022127831324,4500,deep
LAT43.9_LON-38.4,-0.3531507779947699,4500,deep
LAT43.9_LON-39.0,-0.34861059439600395,4500,deep
LAT43.9_LON-39.3,-0.3519463040526469,4500,deep
LAT43.9_LON-39.5,-0.35004117218909975,4500,deep
LAT43.9_LON-40.0,-0.34910726857851665,4500,deep
LAT43.9_LON-40.1,-0.3491594470391331,4500,deep
LAT43.9_LON-40.2,-0.3532713675609193,4500,deep
LAT43.9_LON-40.7,-0.35172368498053586,4500,deep
LAT43.9_LON-41.4,-0.35272279899970715,4500,deep
LAT43.9_LON-41.5,-0.35347628930620145,4500,deep
LAT43.9_LON-41.6,-0.3529347687551002,4500,deep
LAT43.9_LON-41.7,-0.3505830715508302,4500,deep
LAT43.9_LON-41.8,-0.35103134763539184,4500,deep
LAT43.9_LON-42.3,-0.3501116374757129,4500,deep
LAT43.9_LON-43.1,-0.35112350367121015,4500,deep
LAT43.9_LON-43.2,-0.34990511689359877,4500,deep
LAT43.9_LON-43.7,-0.353011570866111,4500,deep
LAT43.9_LON-43.8,-0.3474154615441776,4500,deep
LAT43.9_LON-43.9,-0.34785987993290907,4500,deep
LAT43.9_LON-44.1,-0.35564502379026663,4500,deep
LAT43.9_LON-44.4,-0.3501384148136816,4500,deep
LAT43.9_LON-44.5,-0.35082982700388643,4500,deep
LAT43.9_LON-44.9,-0.3501116374757129,4500,deep
LAT44.0_LON-35.8,-0.35275693514413603,4500,deep
LAT44.0_LON-36.2,-0.3517250171141023,4500,deep
LAT44.0_LON-36.6,-0.34949584679029455,4500,deep
LAT44.0_LON-37.2,-0.34920114489874415,4500,deep
LAT44.0_LON-37.5,-0.3498149277169998,4500,deep
LAT44.0_LON-37.8,-0.35094761451883544,4500,deep
LAT44.0_LON-38.8,-0.35272279899970715,4500,deep
LAT44.0_LON-39.0,-0.3466993397582908,4500,deep
LAT44.0_LON-39.1,-0.3471744769618264,4500,deep
LAT44.0_LON-40.0,-0.35278669066196794,4500,deep
LAT44.0_LON-40.1,-0.35226524571005285,4500,deep
LAT44.0_LON-40.2,-0.35275693514413603,4500,deep
LAT44.0_LON-40.4,-0.35387224337505435,4500,deep
LAT44.0_LON-41.2,-0.35151224828428357,4500,deep
LAT44.0_LON-42.4,-0.34994221304618967,4500,deep
LAT44.0_LON-42.5,-0.34994456906950117,4500,deep
LAT44.0_LON-43.0,-0.3499736492184483,4500,deep
LAT44.0_LON-43.1,-0.35634257172091977,4500,deep
LAT44.0_LON-43.3,-0.34877796642218517,4500,deep
LAT44.0_LON-43.4,-0.35471441472993503,4500,deep
LAT44.0_LON-43.6,-0.3509691352829299,4500,deep
LAT44.0_LON-43.7,-0.34947859750016164,4500,deep
LAT44.0_LON-43.8,-0.3531507779947699,4500,deep
LAT44.0_LON-43.9,-0.3506946155191075,4500,deep
LAT44.0_LON-44.0,-0.35059962508184694,4500,deep
LAT44.0_LON-44.1,-0.3506213281793049,4500,deep
LAT44.0_LON-44.3,-0.35082982700388643,4500,deep
LAT44.0_LON-44.4,-0.35322204533506496,4500,deep
LAT44.0_LON-44.5,-0.3505890283915933,4500,deep
LAT44.0_LON-44.6,-0.352335790569565,4500,deep
LAT44.0_LON-44.8,-0.35181725310017525,4500,deep
LAT44.1_LON-35.1,-0.353082413754119,4500,deep
LAT44.1_LON-35.2,-0.35570903236928353,4500,deep
LAT44.1_LON-35.3,-0.35367211085037953,4500,deep
LAT44.1_LON-35.4,-0.35260872870894444,4500,deep
LAT44.1_LON-35.5,-0.3528924796894877,4500,deep
LAT44.1_LON-35.7,-0.3531604538627866,4500,deep
LAT44.1_LON-35.8,-0.353297791317358,4500,deep
LAT44.1_LON-35.9,-0.35521868186178,4500,deep
LAT44.1_LON-36.0,-0.3519381855490647,4500,deep
LAT44.1_LON-36.1,-0.35331153227830614,4500,deep
LAT44.1_LON-36.2,-0.35129778559612557,4500,deep
LAT44.1_LON-36.6,-0.3534113261521106,4500,deep
LAT44.1_LON-36.7,-0.35564502379026663,4500,deep
LAT44.1_LON-36.8,-0.3512678074536033,4500,deep
LAT44.1_LON-36.9,-0.3495212760769133,4500,deep
LAT44.1_LON-37.7,-0.35444363360937975,4500,deep
LAT44.1_LON-39.3,-0.3477059815097414,4500,deep
LAT44.1_LON-39.7,-0.3521182500293464,4500,deep
LAT44.1_LON-39.8,-0.3496551228978292,4500,deep
LAT44.1_LON-40.1,-0.34810419383125296,4500,deep
LAT44.1_LON-40.8,-0.35325872782391876,4500,deep
LAT44.1_LON-41.1,-0.352335790569565,4500,deep
LAT44.1_LON-42.2,-0.3532513189406387,4500,deep
LAT44.1_LON-42.5,-0.35090286539083143,4500,deep
LAT44.1_LON-42.8,-0.35048036299220675,4500,deep
LAT44.1_LON-42.9,-0.3477276660498203,4500,deep
LAT44.1_LON-43.1,-0.3505830715508302,4500,deep
LAT44.1_LON-43.4,-0.3498149277169998,4500,deep
LAT44.1_LON-43.5,-0.354640423903083,4500,deep
LAT44.1_LON-43.7,-0.3530787721310147,4500,deep
LAT44.1_LON-44.0,-0.34742216166812045,4500,deep
LAT44.1_LON-44.1,-0.34994221304618967,4500,deep
LAT44.1_LON-44.4,-0.35363964371232587,4500,deep
LAT44.1_LON-44.5,-0.35625265543436163,4500,deep
LAT44.1_LON-44.7,-0.35180749002296363,4500,deep
LAT44.1_LON-44.8,-0.3507731087537274,4500,deep
LAT44.1_LON-44.9,-0.35178113067944466,4500,deep
LAT44.2_LON-35.3,-0.34915639334168214,4500,deep
LAT44.2_LON-35.6,-0.3544908001761119,4500,deep
LAT44.2_LON-36.0,-0.35301171438343176,4500,deep
LAT44.2_LON-36.1,-0.3492998150263517,4500,deep
LAT44.2_LON-36.2,-0.3534113261521106,4500,deep
LAT44.2_LON-36.3,-0.35173243214728206,4500,deep
LAT44.2_LON-36.5,-0.351273672428446,4500,deep
LAT44.2_LON-37.4,-0.35025737628262266,4500,deep
LAT44.2_LON-39.2,-0.3558648572934442,4500,deep
LAT44.2_LON-39.5,-0.3529258346656684,4500,deep
LAT44.2_LON-39.7,-0.35327804749728453,4500,deep
LAT44.2_LON-39.8,-0.349419308081961,4500,deep
LAT44.2_LON-39.9,-0.3495324554141416,4500,deep
LAT44.2_LON-40.6,-0.3495324554141416,4500,deep
LAT44.2_LON-40.9,-0.352335790569565,4500,deep
LAT44.2_LON-42.0,-0.34738184033186403,4500,deep
LAT44.2_LON-42.4,-0.35028334097848113,4500,deep
LAT44.2_LON-42.5,-0.3515659836173954,4500,deep
LAT44.2_LON-42.6,-0.35048036299220675,4500,deep
LAT44.2_LON-42.7,-0.3552565622518727,4500,deep
LAT44.2_LON-42.8,-0.35087226511954567,4500,deep
LAT44.2_LON-43.3,-0.3500812567808439,4500,deep
LAT44.2_LON-43.4,-0.35091114654896277,4500,deep
LAT44.2_LON-43.7,-0.3568125808033531,4500,deep
LAT44.2_LON-43.9,-0.3512699261544022,4500,deep
LAT44.2_LON-44.6,-0.3523413076174813,4500,deep
LAT44.2_LON-44.7,-0.3508999544211058,4500,deep
LAT44.2_LON-44.8,-0.3524687146542257,4500,deep
LAT44.2_LON-44.9,-0.350171178307226,4500,deep
LAT44.3_LON-35.0,-0.3523413076174813,4500,deep
LAT44.3_LON-35.4,-0.3557741810224603,4500,deep
LAT44.3_LON-35.6,-0.35260872870894444,4500,deep
LAT44.3_LON-35.8,-0.35385096487384937,4500,deep
LAT44.3_LON-36.0,-0.35282078390250404,4500,deep
LAT44.3_LON-36.3,-0.35047073223979963,4500,deep
LAT44.3_LON-36.4,-0.35054506851954265,4500,deep
LAT44.3_LON-39.4,-0.35141167052574934,4500,deep
LAT44.3_LON-39.8,-0.34947859750016164,4500,deep
LAT44.3_LON-40.3,-0.35347628930620145,4500,deep
LAT44.3_LON-40.4,-0.3537272757027852,4500,deep
LAT44.3_LON-40.6,-0.34994221304618967,4500,deep
LAT44.3_LON-40.7,-0.35327804749728453,4500,deep
LAT44.3_LON-41.7,-0.3542516246437813,4500,deep
LAT44.3_LON-42.0,-0.35098499678887995,4500,deep
LAT44.3_LON-42.5,-0.3511133857818926,4500,deep
LAT44.3_LON-42.8,-0.35009078109279607,4500,deep
LAT44.3_LON-43.1,-0.35173251239308173,4500,deep
LAT44.3_LON-43.3,-0.35051292686541075,4500,deep
LAT44.3_LON-43.4,-0.353297791317358,4500,deep
LAT44.3_LON-43.5,-0.35232973584635985,4500,deep
LAT44.3_LON-43.6,-0.3508368931559509,4500,deep
LAT44.3_LON-43.7,-0.351121396047,4500,deep
LAT44.3_LON-43.8,-0.35124668054717656,4500,deep
LAT44.3_LON-43.9,-0.3518226473488787,4500,deep
LAT44.3_LON-44.0,-0.3568096785547479,4500,deep
LAT44.3_LON-44.1,-0.3495294854282627,4500,deep
LAT44.3_LON-44.2,-0.35336251042869776,4500,deep
LAT44.3_LON-44.3,-0.35069805964590717,4500,deep
LAT44.3_LON-44.4,-0.3499736492184483,4500,deep
LAT44.3_LON-44.6,-0.3495324554141416,4500,deep
LAT44.3_LON-44.8,-0.3512550937748847,4500,deep
LAT44.3_LON-44.9,-0.35103475161481335,4500,deep
LAT44.4_LON-35.8,-0.34736436591233305,4500,deep
LAT44.4_LON-35.9,-0.35020216120805536,4500,deep
LAT44.4_LON-36.0,-0.35197144389765994,4500,deep
LAT44.4_LON-36.6,-0.35151224828428357,4500,deep
LAT44.4_LON-37.3,-0.3527808888617124,4500,deep
LAT44.4_LON-39.1,-0.3507532740061574,4500,deep
LAT44.4_LON-39.2,-0.354640423903083,4500,deep
LAT44.4_LON-40.0,-0.3518450990689883,4500,deep
LAT44.4_LON-40.5,-0.3526736869680487,4500,deep
LAT44.4_LON-40.6,-0.35054506851954265,4500,deep
LAT44.4_LON-40.8,-0.3505559193768019,4500,deep
LAT44.4_LON-40.9,-0.3540882564514427,4500,deep
LAT44.4_LON-41.2,-0.353595180661597,4500,deep
LAT44.4_LON-41.5,-0.3473860292755128,4500,deep
LAT44.4_LON-41.6,-0.35398230662858743,4500,deep
LAT44.4_LON-41.9,-0.3519735016544388,4500,deep
LAT44.4_LON-42.3,-0.3523997682752536,4500,deep
LAT44.4_LON-42.5,-0.3472522536254234,4500,deep
LAT44.4_LON-42.6,-0.34936647285673084,4500,deep
LAT44.4_LON-42.7,-0.35059962508184694,4500,deep
LAT44.4_LON-42.9,-0.3505511999922523,4500,deep
LAT44.4_LON-43.0,-0.3501322821538393,4500,deep
LAT44.4_LON-43.2,-0.3472489104595687,4500,deep
LAT44.4_LON-43.4,-0.3508043774180006,4500,deep
LAT44.4_LON-43.6,-0.34804198093811367,4500,deep
LAT44.4_LON-43.7,-0.3507539989068287,4500,deep
LAT44.4_LON-43.9,-0.3542924012000963,4500,deep
LAT44.4_LON-44.0,-0.35458079323921776,4500,deep
LAT44.4_LON-44.1,-0.34994456906950117,4500,deep
LAT44.4_LON-44.2,-0.35089757014551054,4500,deep
LAT44.4_LON-44.3,-0.35359863555803084,4500,deep
LAT44.4_LON-44.5,-0.34965361377593357,4500,deep
LAT44.4_LON-44.6,-0.34996757071151874,4500,deep
LAT44.4_LON-44.9,-0.3522386404610832,4500,deep
LAT44.5_LON-35.1,-0.3470711302111577,4500,deep
LAT44.5_LON-35.2,-0.351907874434324,4500,deep
LAT44.5_LON-35.6,-0.3471744769618264,4500,deep
LAT44.5_LON-35.8,-0.34744193546367974,4500,deep
LAT44.5_LON-35.9,-0.3508761189688858,4500,deep
LAT44.5_LON-36.0,-0.3499367515963834,4500,deep
LAT44.5_LON-36.2,-0.3513453019845602,4500,deep
LAT44.5_LON-36.5,-0.35129778559612557,4500,deep
LAT44.5_LON-37.2,-0.3528089787180293,4500,deep
LAT44.5_LON-39.7,-0.3538446261562936,4500,deep
LAT44.5_LON-40.4,-0.3502362256063442,4500,deep
LAT44.5_LON-40.5,-0.34899006838798063,4500,deep
LAT44.5_LON-40.7,-0.3495084195225633,4500,deep
LAT44.5_LON-40.8,-0.352645740197463,4500,deep
LAT44.5_LON-40.9,-0.35025737628262266,4500,deep
LAT44.5_LON-41.0,-0.35108241353181624,4500,deep
LAT44.5_LON-41.4,-0.35158577465775964,4500,deep
LAT44.5_LON-41.9,-0.3526522809282808,4500,deep
LAT44.5_LON-42.9,-0.34891624302587926,4500,deep
LAT44.5_LON-43.1,-0.3517283944562283,4500,deep
LAT44.5_LON-43.3,-0.3501384606914181,4500,deep
LAT44.5_LON-43.4,-0.3501116374757129,4500,deep
LAT44.5_LON-43.7,-0.3521969290320448,4500,deep
LAT44.5_LON-43.9,-0.34917951027781424,4500,deep
LAT44.5_LON-44.0,-0.35138019405191523,4500,deep
LAT44.5_LON-44.1,-0.3537468384385301,4500,deep
LAT44.5_LON-44.2,-0.3546001973932902,4500,deep
LAT44.6_LON-35.4,-0.3528781625831739,4500,deep
LAT44.6_LON-35.5,-0.3541951593799827,4500,deep
LAT44.6_LON-36.0,-0.35417803257957303,4500,deep
LAT44.6_LON-36.1,-0.347492095330373,4500,deep
LAT44.6_LON-36.4,-0.3557741810224603,4500,deep
LAT44.6_LON-39.4,-0.3501322821538393,4500,deep
LAT44.6_LON-40.0,-0.3507964729446848,4500,deep
LAT44.6_LON-40.3,-0.3532227386592341,4500,deep
LAT44.6_LON-40.4,-0.35274419271416035,4500,deep
LAT44.6_LON-40.6,-0.3506200410238012,4500,deep
LAT44.6_LON-40.7,-0.3505397177693349,4500,deep
LAT44.6_LON-40.8,-0.3534498844636129,4500,deep
LAT44.6_LON-41.1,-0.3505397177693349,4500,deep
LAT44.6_LON-41.3,-0.350707236029137,4500,deep
LAT44.6_LON-41.5,-0.3477530855162398,4500,deep
LAT44.6_LON-42.2,-0.35460670488281143,4500,deep
LAT44.6_LON-42.3,-0.3573775023070646,4500,deep
LAT44.6_LON-42.9,-0.35336251042869776,4500,deep
LAT44.6_LON-43.0,-0.34921347817659304,4500,deep
LAT44.6_LON-43.1,-0.3501116374757129,4500,deep
LAT44.6_LON-43.4,-0.35160435467878903,4500,deep
LAT44.6_LON-43.5,-0.35152221600008166,4500,deep
LAT44.6_LON-43.6,-0.35458079323921776,4500,deep
LAT44.6_LON-43.7,-0.3528355794200593,4500,deep
LAT44.6_LON-43.8,-0.353552914664535,4500,deep
LAT44.6_LON-43.9,-0.350421631388854,4500,deep
LAT44.6_LON-44.0,-0.35066319104896987,4500,deep
LAT44.6_LON-44.1,-0.3512653385874184,4500,deep
LAT44.6_LON-44.3,-0.34947859750016164,4500,deep
LAT44.6_LON-44.4,-0.35302536976455007,4500,deep
LAT44.6_LON-44.6,-0.3532227386592341,4500,deep
LAT44.7_LON-36.8,-0.34944180826569166,4500,deep
LAT44.7_LON-38.9,-0.34973665858178443,4500,deep
LAT44.7_LON-40.2,-0.35225898718472026,4500,deep
LAT44.7_LON-40.5,-0.35059962508184694,4500,deep
LAT44.7_LON-40.6,-0.35334951398271774,4500,deep
LAT44.7_LON-40.8,-0.35082982700388643,4500,deep
LAT44.7_LON-41.0,-0.35623435590082836,4500,deep
LAT44.7_LON-41.3,-0.3514845734791593,4500,deep
LAT44.7_LON-41.8,-0.3501322821538393,4500,deep
LAT44.7_LON-42.0,-0.35292831187131474,4500,deep
LAT44.7_LON-42.3,-0.3516574008506923,4500,deep
LAT44.7_LON-42.5,-0.3517493852345146,4500,deep
LAT44.7_LON-42.6,-0.352680366659371,4500,deep
LAT44.7_LON-42.7,-0.3524592175203886,4500,deep
LAT44.7_LON-42.8,-0.35052447603056386,4500,deep
LAT44.7_LON-43.1,-0.35129778559612557,4500,deep
LAT44.7_LON-43.2,-0.3516787794065898,4500,deep
LAT44.7_LON-43.4,-0.35004400691767,4500,deep
LAT44.7_LON-43.5,-0.3493831174669018,4500,deep
LAT44.7_LON-43.6,-0.35039989378482894,4500,deep
LAT44.7_LON-43.7,-0.3506550154965652,4500,deep
LAT44.7_LON-43.8,-0.34994456906950117,4500,deep
LAT44.7_LON-44.1,-0.3517051648255619,4500,deep
LAT44.7_LON-44.2,-0.3529700087474327,4500,deep
LAT44.7_LON-44.3,-0.3506550154965652,4500,deep
LAT44.7_LON-44.5,-0.35010928477061126,4500,deep
LAT44.8_LON-35.5,-0.35345226839004884,4500,deep
LAT44.8_LON-36.7,-0.34704451417026744,4500,deep
LAT44.8_LON-36.9,-0.3482703737877555,4500,deep
LAT44.8_LON-38.4,-0.3519735016544388,4500,deep
LAT44.8_LON-39.4,-0.3504746235347519,4500,deep
LAT44.8_LON-39.5,-0.3501322821538393,4500,deep
LAT44.8_LON-39.8,-0.35224231803921313,4500,deep
LAT44.8_LON-40.0,-0.35090692293046793,4500,deep
LAT44.8_LON-40.5,-0.3501384606914181,4500,deep
LAT44.8_LON-40.8,-0.3494442844655771,4500,deep
LAT44.8_LON-41.2,-0.35225898718472026,4500,deep
LAT44.8_LON-41.3,-0.3505830715508302,4500,deep
LAT44.8_LON-41.6,-0.353482036587154,4500,deep
LAT44.8_LON-42.3,-0.35133297446511647,4500,deep
LAT44.8_LON-42.4,-0.351273672428446,4500,deep
LAT44.8_LON-42.6,-0.3522219670509046,4500,deep
LAT44.8_LON-42.7,-0.3540350923653764,4500,deep
LAT44.8_LON-42.8,-0.35546099483986743,4500,deep
LAT44.8_LON-43.0,-0.3491307653262956,4500,deep
LAT44.8_LON-43.1,-0.35185474978872266,4500,deep
LAT44.8_LON-43.2,-0.3513759476591081,4500,deep
LAT44.8_LON-43.3,-0.3526522809282808,4500,deep
LAT44.8_LON-43.6,-0.3540763904520432,4500,deep
LAT44.8_LON-43.7,-0.3527310641628547,4500,deep
LAT44.8_LON-43.8,-0.35180888494234464,4500,deep
LAT44.8_LON-43.9,-0.3505397177693349,4500,deep
LAT44.8_LON-44.0,-0.3520704851288781,4500,deep
LAT44.8_LON-44.5,-0.35336251042869776,4500,deep
LAT44.8_LON-44.6,-0.35476902611293365,4500,deep
LAT44.9_LON-35.2,-0.35255253156890554,4500,deep
LAT44.9_LON-35.5,-0.3526736869680487,4500,deep
LAT44.9_LON-35.6,-0.34959861716311247,4500,deep
LAT44.9_LON-39.4,-0.3491075151031738,4500,deep
LAT44.9_LON-39.6,-0.3512226962980327,4500,deep
LAT44.9_LON-40.4,-0.3508747421840646,4500,deep
LAT44.9_LON-40.5,-0.3524592175203886,4500,deep
LAT44.9_LON-40.7,-0.35082982700388643,4500,deep
LAT44.9_LON-40.9,-0.35129778559612557,4500,deep
LAT44.9_LON-41.0,-0.35385096487384937,4500,deep
LAT44.9_LON-41.1,-0.3493655664304489,4500,deep
LAT44.9_LON-41.2,-0.35103475161481335,4500,deep
LAT44.9_LON-41.3,-0.35052447603056386,4500,deep
LAT44.9_LON-41.6,-0.35151840717696775,4500,deep
LAT44.9_LON-41.8,-0.3499736492184483,4500,deep
LAT44.9_LON-42.0,-0.35052615543018595,4500,deep
LAT44.9_LON-42.2,-0.35204899159203884,4500,deep
LAT44.9_LON-42.3,-0.35156861942643236,4500,deep
LAT44.9_LON-42.4,-0.3515209949008313,4500,deep
LAT44.9_LON-42.5,-0.35225898718472026,4500,deep
LAT44.9_LON-42.6,-0.3480943205390878,4500,deep
LAT44.9_LON-42.8,-0.35122773692538106,4500,deep
LAT44.9_LON-43.4,-0.3519397957969722,4500,deep
LAT44.9_LON-43.5,-0.3501322821538393,4500,deep
LAT44.9_LON-43.7,-0.3505397177693349,4500,deep
LAT44.9_LON-43.8,-0.3504465547972749,4500,deep
LAT44.9_LON-44.0,-0.35137184107597325,4500,deep
LAT44.9_LON-44.1,-0.35458079323921776,4500,deep
LAT44.9_LON-44.2,-0.3505397177693349,4500,deep
LAT44.9_LON-44.3,-0.3527808888617124,4500,deep
LAT44.9_LON-44.5,-0.3503709145136596,4500,deep
LAT44.9_LON-44.7,-0.3521393199544321,4500,deep
LAT45.0_LON-35.0,-0.3527808888617124,4500,deep
LAT45.0_LON-35.3,-0.35089757014551054,4500,deep
LAT45.0_LON-35.4,-0.35087226511954567,4500,deep
LAT45.0_LON-35.5,-0.3505559193768019,4500,deep
LAT45.0_LON-36.3,-0.3501116374757129,4500,deep
LAT45.0_LON-36.5,-0.3512550937748847,4500,deep
LAT45.0_LON-39.6,-0.3509740659777524,4500,deep
LAT45.0_LON-39.9,-0.35444363360937975,4500,deep
LAT45.0_LON-40.0,-0.35625265543436163,4500,deep
LAT45.0_LON-40.9,-0.35043601868347624,4500,deep
LAT45.0_LON-41.5,-0.3505559193768019,4500,deep
LAT45.0_LON-41.8,-0.353082413754119,4500,deep
LAT45.0_LON-42.0,-0.3501116374757129,4500,deep
LAT45.0_LON-42.2,-0.3499687542286011,4500,deep
LAT45.0_LON-42.3,-0.3505717770205883,4500,deep
LAT45.0_LON-42.4,-0.35564502379026663,4500,deep
LAT45.0_LON-42.5,-0.347504590760843,4500,deep
LAT45.0_LON-42.6,-0.3529998407376224,4500,deep
LAT45.0_LON-43.3,-0.3506832325444291,4500,deep
LAT45.0_LON-43.5,-0.35103134763539184,4500,deep
LAT45.0_LON-43.7,-0.3504746235347519,4500,deep
LAT45.0_LON-43.9,-0.35056429941256645,4500,deep
LAT45.0_LON-44.1,-0.35385096487384937,4500,deep
LAT45.0_LON-44.4,-0.35066319104896987,4500,deep
LAT45.0_LON-44.5,-0.3493839006552418,4500,deep
LAT45.0_LON-44.7,-0.3558933808337543,4500,deep
LAT48.0_LON-4.5,-0.3502431802847072,60,shallow
LAT48.0_LON-4.6,-0.3484958247568399,60,shallow
LAT48.0_LON-4.7,-0.3512693489023081,60,shallow
LAT48.0_LON-4.8,-0.34876108063420164,60,shallow
LAT48.1_LON-4.3,-0.35071578271833564,60,shallow
LAT48.1_LON-4.4,-0.34883905769133544,60,shallow
LAT48.1_LON-4.5,-0.3490908536262997,60,shallow
LAT48.1_LON-4.6,-0.3515835658145004,60,shallow
LAT48.1_LON-4.7,-0.3509062173519146,60,shallow
LAT48.1_LON-4.8,-0.3478743314808932,60,shallow
LAT48.1_LON-4.9,-0.34825935944802167,60,shallow
LAT48.1_LON-5.0,-0.3485274941905815,60,shallow
LAT48.2_LON-4.3,-0.34946780721851345,60,shallow
LAT48.2_LON-4.4,-0.3503494630437125,60,shallow
LAT48.2_LON-4.5,-0.34997353041609724,60,shallow
LAT48.2_LON-4.6,-0.3488322729245238,60,shallow
LAT48.2_LON-4.7,-0.34741606780278095,60,shallow
LAT48.2_LON-4.8,-0.35109137149071823,60,shallow
LAT48.2_LON-4.9,-0.3487321848861943,60,shallow
LAT48.2_LON-5.0,-0.3470395736182724,60,shallow
LAT48.3_LON-4.3,-0.3475735891537291,60,shallow
LAT48.3_LON-4.4,-0.349481805870771,60,shallow
LAT48.3_LON-4.5,-0.34914428698787864,60,shallow
LAT48.3_LON-4.6,-0.34955176522535636,60,shallow
LAT48.3_LON-4.7,-0.35085279071451675,60,shallow
LAT48.3_LON-4.8,-0.349129214106899,60,shallow
LAT48.3_LON-4.9,-0.34788431468235737,60,shallow
LAT48.3_LON-5.0,-0.3497001605780755,60,shallow
LAT48.4_LON-4.4,-0.35079020595019406,60,shallow
LAT48.4_LON-4.5,-0.3500018933775555,60,shallow
LAT48.4_LON-4.6,-0.3511179520834766,60,shallow
LAT48.4_LON-4.8,-0.35065195734170956,60,shallow
LAT48.4_LON-4.9,-0.3470743287338528,60,shallow
LAT48.5_LON-4.8,-0.3493245185338683,60,shallow
LAT48.5_LON-4.9,-0.34983876873194975,60,shallow
LAT48.5_LON-5.0,-0.34932123396749376,60,shallow
LAT48.6_LON-1.7,-0.3484731251871936,60,shallow
LAT48.6_LON-2.0,-0.35005393957259523,60,shallow
LAT48.6_LON-2.2,-0.3485028697626277,60,shallow
LAT48.6_LON-2.3,-0.3470181951742697,60,shallow
LAT48.6_LON-2.5,-0.3511153700901225,60,shallow
LAT48.6_LON-2.6,-0.34682966919508745,60,shallow
LAT48.6_LON-2.7,-0.34803294378547833,60,shallow
LAT48.6_LON-2.8,-0.3517677462531079,60,shallow
LAT48.6_LON-4.6,-0.34443123416476357,60,shallow
LAT48.6_LON-4.7,-0.34857544185308015,60,shallow
LAT48.6_LON-4.8,-0.35045488071614217,60,shallow
LAT48.6_LON-4.9,-0.3480189911614119,60,shallow
LAT48.6_LON-5.0,-0.34931989298344407,60,shallow
LAT48.7_LON-1.6,-0.3484106101360139,60,shallow
LAT48.7_LON-1.7,-0.35201700243559153,60,shallow
LAT48.7_LON-1.8,-0.3482776654157749,60,shallow
LAT48.7_LON-1.9,-0.34939305518311853,60,shallow
LAT48.7_LON-2.0,-0.35371268092030256,60,shallow
LAT48.7_LON-2.1,-0.34898841766998895,60,shallow
LAT48.7_LON-2.2,-0.35051175209032653,60,shallow
LAT48.7_LON-2.3,-0.34890500301098637,60,shallow
LAT48.7_LON-2.4,-0.3499210161383614,60,shallow
LAT48.7_LON-2.5,-0.34810790583496964,60,shallow
LAT48.7_LON-2.6,-0.3489728117896661,60,shallow
LAT48.7_LON-2.7,-0.3496447582318637,60,shallow
LAT48.7_LON-2.8,-0.34868318421904276,60,shallow
LAT48.7_LON-2.9,-0.35069493967967874,60,shallow
LAT48.7_LON-3.7,-0.3512046715819309,60,shallow
LAT48.7_LON-3.9,-0.3486166263929471,60,shallow
LAT48.7_LON-4.0,-0.3478006523634102,60,shallow
LAT48.7_LON-4.1,-0.3505901013944146,60,shallow
LAT48.7_LON-4.2,-0.3562564296069801,60,shallow
LAT48.7_LON-4.3,-0.3476089341191091,60,shallow
LAT48.7_LON-4.4,-0.3499595978644781,60,shallow
LAT48.7_LON-4.5,-0.3480151510909363,60,shallow
LAT48.7_LON-4.6,-0.34954697081642944,60,shallow
LAT48.7_LON-4.7,-0.34939343803696243,60,shallow
LAT48.7_LON-4.8,-0.3508817374464542,60,shallow
LAT48.7_LON-4.9,-0.34886136550643637,60,shallow
LAT48.7_LON-5.0,-0.3504221344364294,60,shallow
LAT48.8_LON-1.6,-0.35150095358040406,60,shallow
LAT48.8_LON-1.7,-0.3494434058416544,60,shallow
LAT48.8_LON-1.8,-0.3463643763986277,60,shallow
LAT48.8_LON-1.9,-0.34709972723727295,60,shallow
LAT48.8_LON-2.0,-0.34937804137559336,60,shallow
LAT48.8_LON-2.1,-0.35033375797189087,60,shallow
LAT48.8_LON-2.2,-0.34956632270043536,60,shallow
LAT48.8_LON-2.3,-0.3496483484958147,60,shallow
LAT48.8_LON-2.4,-0.3504013246740611,60,shallow
LAT48.8_LON-2.5,-0.3470280182191314,60,shallow
LAT48.8_LON-2.6,-0.3496792333514776,60,shallow
LAT48.8_LON-2.7,-0.34938882435258467,60,shallow
LAT48.8_LON-2.8,-0.348544095598985,60,shallow
LAT48.8_LON-2.9,-0.3480772749065438,60,shallow
LAT48.8_LON-3.0,-0.3498263099881755,60,shallow
LAT48.8_LON-3.1,-0.3490265994240958,60,shallow
LAT48.8_LON-3.4,-0.3522710824974037,60,shallow
LAT48.8_LON-3.6,-0.3484390755443615,60,shallow
LAT48.8_LON-3.7,-0.3481294407641883,60,shallow
LAT48.8_LON-3.8,-0.3472034305932533,60,shallow
LAT48.8_LON-3.9,-0.3490596546501813,60,shallow
LAT48.8_LON-4.0,-0.3498546858006382,60,shallow
LAT48.8_LON-4.1,-0.35042850804705655,60,shallow
LAT48.8_LON-4.2,-0.35016220396054426,60,shallow
LAT48.8_LON-4.3,-0.34733545834330376,60,shallow
LAT48.8_LON-4.4,-0.34923231549629397,60,shallow
LAT48.8_LON-4.5,-0.34867577990729787,60,shallow
LAT48.8_LON-4.6,-0.3497079317705205,60,shallow
LAT48.8_LON-4.7,-0.34816981002322894,60,shallow
LAT48.8_LON-4.8,-0.34838688397056,60,shallow
LAT48.8_LON-4.9,-0.34972216200289236,60,shallow
LAT48.8_LON-5.0,-0.34848058374928836,60,shallow
LAT48.9_LON-1.6,-0.34627313937568394,60,shallow
LAT48.9_LON-1.7,-0.34843928077762487,60,shallow
LAT48.9_LON-1.8,-0.3510242075776761,60,shallow
LAT48.9_LON-1.9,-0.3505365178402666,60,shallow
LAT48.9_LON-2.0,-0.347381548749258,60,shallow
LAT48.9_LON-2.1,-0.34626424046808263,60,shallow
LAT48.9_LON-2.2,-0.34743779230478145,60,shallow
LAT48.9_LON-2.3,-0.3478577546867001,60,shallow
LAT48.9_LON-2.4,-0.3503888302315993,60,shallow
LAT48.9_LON-2.5,-0.34993347704022915,60,shallow
LAT48.9_LON-2.6,-0.34827439454662484,60,shallow
LAT48.9_LON-2.7,-0.3490178002732121,60,shallow
LAT48.9_LON-2.8,-0.35142939280776553,60,shallow
LAT48.9_LON-2.9,-0.35021817620064577,60,shallow
LAT48.9_LON-3.1,-0.3463593578851421,60,shallow
LAT48.9_LON-3.2,-0.3484733963329246,60,shallow
LAT48.9_LON-3.3,-0.3473500616251656,60,shallow
LAT48.9_LON-3.4,-0.34885274670403515,60,shallow
LAT48.9_LON-3.5,-0.3506120797248604,60,shallow
LAT48.9_LON-3.6,-0.35596743490839783,60,shallow
LAT48.9_LON-3.7,-0.3510190361833217,60,shallow
LAT48.9_LON-3.8,-0.34910695136894143,60,shallow
LAT48.9_LON-3.9,-0.3498537896311198,60,shallow
LAT48.9_LON-4.0,-0.34999436334825074,60,shallow
LAT48.9_LON-4.1,-0.34882530786627125,60,shallow
LAT48.9_LON-4.2,-0.34908919747862777,60,shallow
LAT48.9_LON-4.3,-0.35092244143935714,60,shallow
LAT48.9_LON-4.4,-0.34955745700561835,60,shallow
LAT48.9_LON-4.5,-0.35044444401727104,60,shallow
LAT48.9_LON-4.6,-0.34932137532305507,60,shallow
LAT48.9_LON-4.7,-0.34835375096407084,60,shallow
LAT48.9_LON-4.8,-0.34982614975759574,60,shallow
LAT48.9_LON-4.9,-0.348608926336861,60,shallow
LAT48.9_LON-5.0,-0.34906085820877797,60,shallow
LAT49.0_LON-1.6,-0.3462368173815821,60,shallow
LAT49.0_LON-1.7,-0.350841576465059,60,shallow
LAT49.0_LON-1.8,-0.3498620528526058,60,shallow
LAT49.0_LON-1.9,-0.35101919155508526,60,shallow
LAT49.0_LON-2.0,-0.35036303490959336,60,shallow
LAT49.0_LON-2.1,-0.35098202649427723,60,shallow
LAT49.0_LON-2.2,-0.3475331766890825,60,shallow
LAT49.0_LON-2.3,-0.3502125559392135,60,shallow
LAT49.0_LON-2.4,-0.3476164074654665,60,shallow
LAT49.0_LON-2.5,-0.3499073201259033,60,shallow
LAT49.0_LON-2.6,-0.3459270133546129,60,shallow
LAT49.0_LON-2.7,-0.3483569927414008,60,shallow
LAT49.0_LON-2.8,-0.35501486637975527,60,shallow
LAT49.0_LON-2.9,-0.3463955344486326,60,shallow
LAT49.0_LON-3.0,-0.3447675385003781,60,shallow
LAT49.0_LON-3.1,-0.3499678700059978,60,shallow
LAT49.0_LON-3.3,-0.3528877693532609,60,shallow
LAT49.0_LON-3.4,-0.3465045007508046,60,shallow
LAT49.0_LON-3.5,-0.3486299179848648,60,shallow
LAT49.0_LON-3.6,-0.3493981439220499,60,shallow
LAT49.0_LON-3.7,-0.34859459834236195,60,shallow
LAT49.0_LON-3.8,-0.3476522663705389,60,shallow
LAT49.0_LON-3.9,-0.34883863961068756,60,shallow
LAT49.0_LON-4.0,-0.34869490231555283,60,shallow
LAT49.0_LON-4.1,-0.3480410602098369,60,shallow
LAT49.0_LON-4.2,-0.3483638189556752,60,shallow
LAT49.0_LON-4.3,-0.3494235655085183,60,shallow
LAT49.0_LON-4.4,-0.34998527907883825,60,shallow
LAT49.0_LON-4.5,-0.34834685895144274,60,shallow
LAT49.0_LON-4.6,-0.3480376518904175,60,shallow
LAT49.0_LON-4.7,-0.34745624204184206,60,shallow
LAT49.0_LON-4.8,-0.35053940529377353,60,shallow
LAT49.0_LON-4.9,-0.3484593154030992,60,shallow
LAT49.0_LON-5.0,-0.3478461495465407,60,shallow
LAT49.0_LON2.0,-0.34771007591176384,60,shallow
LAT49.1_LON-1.7,-0.35000009645400804,60,shallow
LAT49.1_LON-1.8,-0.34783506876522907,60,shallow
LAT49.1_LON-1.9,-0.34842692856306456,60,shallow
LAT49.1_LON-2.0,-0.34789331312558414,60,shallow
LAT49.1_LON-2.1,-0.34804795270603517,60,shallow
LAT49.1_LON-2.2,-0.3507572734677303,60,shallow
LAT49.1_LON-2.3,-0.3480243298318649,60,shallow
LAT49.1_LON-2.4,-0.350882768456659,60,shallow
LAT49.1_LON-2.5,-0.3500916846311421,60,shallow
LAT49.1_LON-2.6,-0.35271201179571665,60,shallow
LAT49.1_LON-2.7,-0.3512619580863967,60,shallow
LAT49.1_LON-2.8,-0.3492089567582703,60,shallow
LAT49.1_LON-2.9,-0.35163246354062505,60,shallow
LAT49.1_LON-3.0,-0.34769077431678486,60,shallow
LAT49.1_LON-3.1,-0.3492257646140244,60,shallow
LAT49.1_LON-3.2,-0.349437823276192,60,shallow
LAT49.1_LON-3.3,-0.34819646098374385,60,shallow
LAT49.1_LON-3.4,-0.3489557947955748,60,shallow
LAT49.1_LON-3.5,-0.3519026690635016,60,shallow
LAT49.1_LON-3.6,-0.34470782806041655,60,shallow
LAT49.1_LON-3.7,-0.34760131873411626,60,shallow
LAT49.1_LON-3.8,-0.347707809477683,60,shallow
LAT49.1_LON-3.9,-0.3489111758031887,60,shallow
LAT49.1_LON-4.0,-0.34751461246403126,60,shallow
LAT49.1_LON-4.1,-0.34904508278526186,60,shallow
LAT49.1_LON-4.2,-0.34726674323985635,60,shallow
LAT49.1_LON-4.3,-0.3513879730857346,60,shallow
LAT49.1_LON-4.4,-0.3488706865705353,60,shallow
LAT49.1_LON-4.5,-0.35144666374720007,60,shallow
LAT49.1_LON-4.6,-0.35033691724969995,60,shallow
LAT49.1_LON-4.7,-0.34929400698654084,60,shallow
LAT49.1_LON-4.8,-0.3487601589128199,60,shallow
LAT49.1_LON-4.9,-0.347485691049372,60,shallow
LAT49.1_LON-5.0,-0.3483893579546263,60,shallow
LAT49.2_LON-1.7,-0.35056912251351086,60,shallow
LAT49.2_LON-1.8,-0.35057684724356164,60,shallow
LAT49.2_LON-1.9,-0.3510247195240327,60,shallow
LAT49.2_LON-2.0,-0.35014853677085866,60,shallow
LAT49.2_LON-2.1,-0.3470065517476765,60,shallow
LAT49.2_LON-2.2,-0.3482717742736355,60,shallow
LAT49.2_LON-2.3,-0.3490048852280658,60,shallow
LAT49.2_LON-2.4,-0.3486787847441749,60,shallow
LAT49.2_LON-2.5,-0.35042570972468595,60,shallow
LAT49.2_LON-2.6,-0.34892174129038994,60,shallow
LAT49.2_LON-2.7,-0.34930771575462916,60,shallow
LAT49.2_LON-2.8,-0.3511303527782076,60,shallow
LAT49.2_LON-2.9,-0.3510467510255742,60,shallow
LAT49.2_LON-3.0,-0.34911226793955313,60,shallow
LAT49.2_LON-3.1,-0.3490426051150769,60,shallow
LAT49.2_LON-3.2,-0.34979656124993475,60,shallow
LAT49.2_LON-3.3,-0.348020434564889,60,shallow
LAT49.2_LON-3.4,-0.34767101745372336,60,shallow
LAT49.2_LON-3.5,-0.34924661410673824,60,shallow
LAT49.2_LON-3.6,-0.3491645361984757,60,shallow
LAT49.2_LON-3.7,-0.347261415874923,60,shallow
LAT49.2_LON-3.8,-0.34995541463702245,60,shallow
LAT49.2_LON-3.9,-0.34976388145944637,60,shallow
LAT49.2_LON-4.0,-0.3507295278570415,60,shallow
LAT49.2_LON-4.1,-0.3506393930456426,60,shallow
LAT49.2_LON-4.2,-0.34949553000912775,60,shallow
LAT49.2_LON-4.3,-0.3499488929393856,60,shallow
LAT49.2_LON-4.4,-0.350170425900902,60,shallow
LAT49.2_LON-4.5,-0.34960630990976554,60,shallow
LAT49.2_LON-4.6,-0.35177306612100345,60,shallow
LAT49.2_LON-4.7,-0.35125206380193774,60,shallow
LAT49.2_LON-4.8,-0.34938120522251187,60,shallow
LAT49.2_LON-4.9,-0.34710385872778404,60,shallow
LAT49.2_LON-5.0,-0.34982944883543954,60,shallow
LAT49.3_LON-0.1,-0.34828419168604097,60,shallow
LAT49.3_LON-0.2,-0.3487904174674108,60,shallow
LAT49.3_LON-0.3,-0.3486726153118659,60,shallow
LAT49.3_LON-0.4,-0.3496875625260463,60,shallow
LAT49.3_LON-0.5,-0.3506387777664962,60,shallow
LAT49.3_LON-0.8,-0.35012769229869567,60,shallow
LAT49.3_LON-1.7,-0.34652864666679584,60,shallow
LAT49.3_LON-1.8,-0.3557108479258603,60,shallow
LAT49.3_LON-1.9,-0.34838507133488306,60,shallow
LAT49.3_LON-2.0,-0.34942595696534606,60,shallow
LAT49.3_LON-2.1,-0.3464868222173011,60,shallow
LAT49.3_LON-2.2,-0.35015423126073614,60,shallow
LAT49.3_LON-2.3,-0.3497738313300424,60,shallow
LAT49.3_LON-2.4,-0.34815323722894764,60,shallow
LAT49.3_LON-2.5,-0.34835962080994526,60,shallow
LAT49.3_LON-2.6,-0.3499649929386606,60,shallow
LAT49.3_LON-2.7,-0.34795421798373133,60,shallow
LAT49.3_LON-2.8,-0.349990170707632,60,shallow
LAT49.3_LON-2.9,-0.3480373487409283,60,shallow
LAT49.3_LON-3.0,-0.3493177717193015,60,shallow
LAT49.3_LON-3.1,-0.35137177968680455,60,shallow
LAT49.3_LON-3.2,-0.3522565846348151,60,shallow
LAT49.3_LON-3.3,-0.34832781395473894,60,shallow
LAT49.3_LON-3.4,-0.3491857534747485,60,shallow
LAT49.3_LON-3.5,-0.3491793827659166,60,shallow
LAT49.3_LON-3.6,-0.34852918727799653,60,shallow
LAT49.3_LON-3.7,-0.3495670000946112,60,shallow
LAT49.3_LON-3.8,-0.3498893455343495,60,shallow
LAT49.3_LON-3.9,-0.35084126795012405,60,shallow
LAT49.3_LON-4.0,-0.3493375274321897,60,shallow
LAT49.3_LON-4.1,-0.3492960342084801,60,shallow
LAT49.3_LON-4.2,-0.3467315482010431,60,shallow
LAT49.3_LON-4.3,-0.34538825359668807,60,shallow
LAT49.3_LON-4.4,-0.3506237618883978,60,shallow
LAT49.3_LON-4.5,-0.3504989348812595,60,shallow
LAT49.3_LON-4.6,-0.3517354718826922,60,shallow
LAT49.3_LON-4.7,-0.3501496391948593,60,shallow
LAT49.3_LON-4.8,-0.34826713218229527,60,shallow
LAT49.3_LON-4.9,-0.3515346576096629,60,shallow
LAT49.3_LON-5.0,-0.3494273510092127,60,shallow
LAT49.3_LON0.0,-0.35212455807029275,60,shallow
LAT49.3_LON1.0,-0.3474935149202041,60,shallow
LAT49.3_LON1.3,-0.3465039103712006,60,shallow
LAT49.4_LON-0.1,-0.3471684584549739,60,shallow
LAT49.4_LON-0.2,-0.3485612726792535,60,shallow
LAT49.4_LON-0.3,-0.3470508464089755,60,shallow
LAT49.4_LON-0.4,-0.35013908080508227,60,shallow
LAT49.4_LON-0.5,-0.34832336408597997,60,shallow
LAT49.4_LON-0.6,-0.3493834695288966,60,shallow
LAT49.4_LON-0.7,-0.3500233801860474,60,shallow
LAT49.4_LON-0.8,-0.3473771097967631,60,shallow
LAT49.4_LON-0.9,-0.34972854491020755,60,shallow
LAT49.4_LON-1.0,-0.34862704279551876,60,shallow
LAT49.4_LON-1.1,-0.3501408598395395,60,shallow
LAT49.4_LON-1.2,-0.34699309020688035,60,shallow
LAT49.4_LON-1.8,-0.34914154176308604,60,shallow
LAT49.4_LON-1.9,-0.3498206631685145,60,shallow
LAT49.4_LON-2.0,-0.35036501055050145,60,shallow
LAT49.4_LON-2.1,-0.3492899735892679,60,shallow
LAT49.4_LON-2.2,-0.3458298253055392,60,shallow
LAT49.4_LON-2.3,-0.3461247229054507,60,shallow
LAT49.4_LON-2.4,-0.3457351799959363,60,shallow
LAT49.4_LON-2.5,-0.34911435391549556,60,shallow
LAT49.4_LON-2.6,-0.34669741867137505,60,shallow
LAT49.4_LON-2.7,-0.3481197863213797,60,shallow
LAT49.4_LON-2.8,-0.35026814494785724,60,shallow
LAT49.4_LON-2.9,-0.34886044564502083,60,shallow
LAT49.4_LON-3.0,-0.35041844504041475,60,shallow
LAT49.4_LON-3.1,-0.3503353907259931,60,shallow
LAT49.4_LON-3.2,-0.35007011451784176,60,shallow
LAT49.4_LON-3.3,-0.35047596220247457,60,shallow
LAT49.4_LON-3.4,-0.351597375446954,60,shallow
LAT49.4_LON-3.5,-0.34842624200162015,60,shallow
LAT49.4_LON-3.6,-0.34928927994290976,60,shallow
LAT49.4_LON-3.7,-0.34964722786751806,60,shallow
LAT49.4_LON-3.8,-0.34797779609717494,60,shallow
LAT49.4_LON-3.9,-0.34823851007937573,60,shallow
LAT49.4_LON-4.0,-0.34978802557995625,60,shallow
LAT49.4_LON-4.1,-0.3476132313960262,60,shallow
LAT49.4_LON-4.2,-0.34791690828199257,60,shallow
LAT49.4_LON-4.3,-0.34770991977463633,60,shallow
LAT49.4_LON-4.4,-0.35019045371279073,60,shallow
LAT49.4_LON-4.5,-0.3499367338811962,60,shallow
LAT49.4_LON-4.6,-0.3507021004497567,60,shallow
LAT49.4_LON-4.7,-0.3495021495600525,60,shallow
LAT49.4_LON-4.8,-0.3495993293623526,60,shallow
LAT49.4_LON-4.9,-0.34777163267501615,60,shallow
LAT49.4_LON-5.0,-0.3490771472555874,60,shallow
LAT49.4_LON0.0,-0.34611243312860096,60,shallow
LAT49.4_LON0.1,-0.3472879953610058,60,shallow
LAT49.4_LON0.2,-0.3498008139032651,60,shallow
LAT49.4_LON0.3,-0.3436052599626191,60,shallow
LAT49.4_LON0.4,-0.34808997152016863,60,shallow
LAT49.4_LON0.9,-0.35612697328818244,60,shallow
LAT49.4_LON1.0,-0.3483376814244859,60,shallow
LAT49.4_LON1.1,-0.3476211917151296,60,shallow
LAT49.5_LON-0.1,-0.3505704833991764,60,shallow
LAT49.5_LON-0.2,-0.3484005293223351,60,shallow
LAT49.5_LON-0.3,-0.34903229650470285,60,shallow
LAT49.5_LON-0.4,-0.34767665993397734,60,shallow
LAT49.5_LON-0.5,-0.3502453637856089,60,shallow
LAT49.5_LON-0.6,-0.35067639004074397,60,shallow
LAT49.5_LON-0.7,-0.34873382495399924,60,shallow
LAT49.5_LON-0.8,-0.34886814824853296,60,shallow
LAT49.5_LON-0.9,-0.34926884491419063,60,shallow
LAT49.5_LON-1.0,-0.3480013900682277,60,shallow
LAT49.5_LON-1.1,-0.3509957056375184,60,shallow
LAT49.5_LON-1.2,-0.34998194029780316,60,shallow
LAT49.5_LON-1.3,-0.349500564871858,60,shallow
LAT49.5_LON-1.9,-0.3468449010651602,60,shallow
LAT49.5_LON-2.0,-0.34696247123171137,60,shallow
LAT49.5_LON-2.1,-0.3495377903013338,60,shallow
LAT49.5_LON-2.2,-0.3465904388866969,60,shallow
LAT49.5_LON-2.3,-0.34833618483369927,60,shallow
LAT49.5_LON-2.4,-0.35084569491793105,60,shallow
LAT49.5_LON-2.5,-0.35283520910781596,60,shallow
LAT49.5_LON-2.6,-0.35339936374489667,60,shallow
LAT49.5_LON-2.7,-0.3501393928448592,60,shallow
LAT49.5_LON-2.8,-0.3502238680213988,60,shallow
LAT49.5_LON-2.9,-0.3491208944248937,60,shallow
LAT49.5_LON-3.0,-0.3501917009799205,60,shallow
LAT49.5_LON-3.1,-0.3475772888558509,60,shallow
LAT49.5_LON-3.2,-0.34981664064719326,60,shallow
LAT49.5_LON-3.3,-0.34929948565154006,60,shallow
LAT49.5_LON-3.4,-0.34777632570170147,60,shallow
LAT49.5_LON-3.5,-0.34981224516372994,60,shallow
LAT49.5_LON-3.6,-0.347592146281238,60,shallow
LAT49.5_LON-3.7,-0.34904365674314786,60,shallow
LAT49.5_LON-3.8,-0.34804251001574843,60,shallow
LAT49.5_LON-3.9,-0.34893479601592037,60,shallow
LAT49.5_LON-4.0,-0.3493714298448723,60,shallow
LAT49.5_LON-4.1,-0.34975451729697055,60,shallow
LAT49.5_LON-4.2,-0.34884232939341675,60,shallow
LAT49.5_LON-4.3,-0.3480562724922332,60,shallow
LAT49.5_LON-4.4,-0.34963558373656256,60,shallow
LAT49.5_LON-4.5,-0.3478041597534631,60,shallow
LAT49.5_LON-4.6,-0.3494291965789821,60,shallow
LAT49.5_LON-4.7,-0.34988768248869084,60,shallow
LAT49.5_LON-4.8,-0.34923553492963494,60,shallow
LAT49.5_LON-4.9,-0.3490577425019919,60,shallow
LAT49.5_LON-5.0,-0.34961593280699393,60,shallow
LAT49.5_LON0.0,-0.3492261501278274,60,shallow
LAT49.5_LON0.1,-0.3477367045334576,60,shallow
LAT49.5_LON0.3,-0.3457702018399052,60,shallow
LAT49.5_LON0.4,-0.34688180729233165,60,shallow
LAT49.6_LON-0.1,-0.3497074160605264,60,shallow
LAT49.6_LON-0.2,-0.3484983917429617,60,shallow
LAT49.6_LON-0.3,-0.34852350635749985,60,shallow
LAT49.6_LON-0.4,-0.34681501475171306,60,shallow
LAT49.6_LON-0.5,-0.34966849835614855,60,shallow
LAT49.6_LON-0.6,-0.3487144956948421,60,shallow
LAT49.6_LON-0.7,-0.34816543880210893,60,shallow
LAT49.6_LON-0.8,-0.3518596051426256,60,shallow
LAT49.6_LON-0.9,-0.35172047016625657,60,shallow
LAT49.6_LON-1.0,-0.3490311633498853,60,shallow
LAT49.6_LON-1.1,-0.35096513319615397,60,shallow
LAT49.6_LON-1.2,-0.3482304217726659,60,shallow
LAT49.6_LON-1.3,-0.3474091534380182,60,shallow
LAT49.6_LON-1.6,-0.3487992125107943,60,shallow
LAT49.6_LON-1.9,-0.34738385894891,60,shallow
LAT49.6_LON-2.1,-0.3479409644888593,60,shallow
LAT49.6_LON-2.2,-0.3474612530107234,60,shallow
LAT49.6_LON-2.3,-0.3455445761501438,60,shallow
LAT49.6_LON-2.4,-0.3530377752013945,60,shallow
LAT49.6_LON-2.5,-0.34751013337644765,60,shallow
LAT49.6_LON-2.6,-0.34862891701213977,60,shallow
LAT49.6_LON-2.7,-0.3494591479122516,60,shallow
LAT49.6_LON-2.8,-0.35022580748075366,60,shallow
LAT49.6_LON-2.9,-0.3466701224623608,60,shallow
LAT49.6_LON-3.0,-0.34714619891797643,60,shallow
LAT49.6_LON-3.1,-0.3489833337671081,60,shallow
LAT49.6_LON-3.2,-0.34866221328829905,60,shallow
LAT49.6_LON-3.3,-0.34710581365209764,60,shallow
LAT49.6_LON-3.4,-0.34805749911975464,60,shallow
LAT49.6_LON-3.5,-0.3481079285787776,60,shallow
LAT49.6_LON-3.6,-0.35124487427228823,60,shallow
LAT49.6_LON-3.7,-0.34914849497875955,60,shallow
LAT49.6_LON-3.8,-0.3504824199503239,60,shallow
LAT49.6_LON-3.9,-0.35068723162751625,60,shallow
LAT49.6_LON-4.0,-0.34963273334702133,60,shallow
LAT49.6_LON-4.1,-0.3490905236170062,60,shallow
LAT49.6_LON-4.2,-0.3491123300931059,60,shallow
LAT49.6_LON-4.3,-0.3488685035503612,60,shallow
LAT49.6_LON-4.4,-0.34806652636931806,60,shallow
LAT49.6_LON-4.5,-0.3485704139931453,60,shallow
LAT49.6_LON-4.6,-0.3496085446980094,60,shallow
LAT49.6_LON-4.7,-0.35107507022951123,60,shallow
LAT49.6_LON-4.8,-0.34790550202752046,60,shallow
LAT49.6_LON-4.9,-0.34843041946138126,60,shallow
LAT49.6_LON-5.0,-0.3485164899691529,60,shallow
LAT49.6_LON0.0,-0.34879229041084897,60,shallow
LAT49.6_LON0.1,-0.34884863956676304,60,shallow
LAT49.7_LON-0.1,-0.34932948312776585,60,shallow
LAT49.7_LON-0.2,-0.3515075558165745,60,shallow
LAT49.7_LON-0.3,-0.35047452317966304,60,shallow
LAT49.7_LON-0.4,-0.349452147062845,60,shallow
LAT49.7_LON-0.5,-0.3488665178196231,60,shallow
LAT49.7_LON-0.6,-0.3488450837282599,60,shallow
LAT49.7_LON-0.7,-0.34993680009792405,60,shallow
LAT49.7_LON-0.8,-0.3492358411775489,60,shallow
LAT49.7_LON-0.9,-0.3483078328866863,60,shallow
LAT49.7_LON-1.0,-0.35261637757213193,60,shallow
LAT49.7_LON-1.1,-0.3502597777814908,60,shallow
LAT49.7_LON-1.2,-0.34663309912176393,60,shallow
LAT49.7_LON-1.3,-0.34981964224371465,60,shallow
LAT49.7_LON-1.5,-0.34982253219669945,60,shallow
LAT49.7_LON-1.6,-0.34953758066846446,60,shallow
LAT49.7_LON-1.7,-0.3491045388370905,60,shallow
LAT49.7_LON-1.8,-0.34886584783034896,60,shallow
LAT49.7_LON-2.0,-0.3487130961571405,60,shallow
LAT49.7_LON-2.1,-0.3509488249989743,60,shallow
LAT49.7_LON-2.2,-0.34794637013501395,60,shallow
LAT49.7_LON-2.4,-0.35046294841091424,60,shallow
LAT49.7_LON-2.5,-0.34899453471379405,60,shallow
LAT49.7_LON-2.6,-0.34858635183833964,60,shallow
LAT49.7_LON-2.7,-0.34655444011958103,60,shallow
LAT49.7_LON-2.8,-0.35131733290787615,60,shallow
LAT49.7_LON-2.9,-0.34902568525467353,60,shallow
LAT49.7_LON-3.0,-0.34723441137849564,60,shallow
LAT49.7_LON-3.1,-0.35241962269154326,60,shallow
LAT49.7_LON-3.2,-0.35102787972276356,60,shallow
LAT49.7_LON-3.3,-0.34939300061172435,60,shallow
LAT49.7_LON-3.4,-0.35111859996584466,60,shallow
LAT49.7_LON-3.5,-0.3477265436975558,60,shallow
LAT49.7_LON-3.6,-0.34930372231806406,60,shallow
LAT49.7_LON-3.7,-0.347053352537435,60,shallow
LAT49.7_LON-3.8,-0.3499409807881645,60,shallow
LAT49.7_LON-3.9,-0.35201175075234775,60,shallow
LAT49.7_LON-4.0,-0.34680125129650347,60,shallow
LAT49.7_LON-4.1,-0.34882045835080894,60,shallow
LAT49.7_LON-4.2,-0.3496884388493606,60,shallow
LAT49.7_LON-4.3,-0.3498190159620664,60,shallow
LAT49.7_LON-4.4,-0.3473069040569512,60,shallow
LAT49.7_LON-4.5,-0.348219021463268,60,shallow
LAT49.7_LON-4.6,-0.3506298823337727,60,shallow
LAT49.7_LON-4.7,-0.34879243732630744,60,shallow
LAT49.7_LON-4.8,-0.3493345981071822,60,shallow
LAT49.7_LON-4.9,-0.34931533419034705,60,shallow
LAT49.7_LON-5.0,-0.34816287386893263,60,shallow
LAT49.7_LON0.0,-0.3481720589786905,60,shallow
LAT49.7_LON0.1,-0.34912548340573596,60,shallow
LAT49.7_LON0.2,-0.3502474679178458,60,shallow
LAT49.8_LON-0.1,-0.3484039356702313,60,shallow
LAT49.8_LON-0.2,-0.3497367590661159,60,shallow
LAT49.8_LON-0.3,-0.34857666308313723,60,shallow
LAT49.8_LON-0.4,-0.3481889508789027,60,shallow
LAT49.8_LON-0.5,-0.3484103793023558,60,shallow
LAT49.8_LON-0.6,-0.3505422515056387,60,shallow
LAT49.8_LON-0.7,-0.3472507129289688,60,shallow
LAT49.8_LON-0.8,-0.3488371651183432,60,shallow
LAT49.8_LON-0.9,-0.34888317594525836,60,shallow
LAT49.8_LON-1.0,-0.34992517634623627,60,shallow
LAT49.8_LON-1.1,-0.35005062176726276,60,shallow
LAT49.8_LON-1.2,-0.34756300011773794,60,shallow
LAT49.8_LON-1.3,-0.34932988453816477,60,shallow
LAT49.8_LON-1.4,-0.3508901386016118,60,shallow
LAT49.8_LON-1.5,-0.3518688345881678,60,shallow
LAT49.8_LON-1.6,-0.35033559508833445,60,shallow
LAT49.8_LON-1.7,-0.3472318712074644,60,shallow
LAT49.8_LON-1.8,-0.34888216392762283,60,shallow
LAT49.8_LON-1.9,-0.3493281956062401,60,shallow
LAT49.8_LON-2.0,-0.3509555519389267,60,shallow
LAT49.8_LON-2.1,-0.35287976204554333,60,shallow
LAT49.8_LON-2.2,-0.34886215250869396,60,shallow
LAT49.8_LON-2.4,-0.35054988523178743,60,shallow
LAT49.8_LON-2.5,-0.3484710815483721,60,shallow
LAT49.8_LON-2.6,-0.3485426345475374,60,shallow
LAT49.8_LON-2.7,-0.349341094339628,60,shallow
LAT49.8_LON-2.8,-0.3467686219123129,60,shallow
LAT49.8_LON-2.9,-0.34704092858010904,60,shallow
LAT49.8_LON-3.0,-0.3486457760910351,60,shallow
LAT49.8_LON-3.1,-0.34725690441626716,60,shallow
LAT49.8_LON-3.2,-0.34864572924663434,60,shallow
LAT49.8_LON-3.3,-0.35182747741726966,60,shallow
LAT49.8_LON-3.4,-0.349100195547006,60,shallow
LAT49.8_LON-3.5,-0.34910116070437913,60,shallow
LAT49.8_LON-3.6,-0.34647549631322117,60,shallow
LAT49.8_LON-3.7,-0.3501698920358401,60,shallow
LAT49.8_LON-3.8,-0.3520764582391993,60,shallow
LAT49.8_LON-3.9,-0.3481266383823851,60,shallow
LAT49.8_LON-4.0,-0.35049767938210874,60,shallow
LAT49.8_LON-4.1,-0.34950340350081344,60,shallow
LAT49.8_LON-4.2,-0.3503179394281454,60,shallow
LAT49.8_LON-4.3,-0.3484001468505619,60,shallow
LAT49.8_LON-4.4,-0.34893046694486446,60,shallow
LAT49.8_LON-4.5,-0.34793597579098456,60,shallow
LAT49.8_LON-4.6,-0.3509974517808281,60,shallow
LAT49.8_LON-4.7,-0.3491200373168882,60,shallow
LAT49.8_LON-4.8,-0.350158444012312,60,shallow
LAT49.8_LON-4.9,-0.3505423025621692,60,shallow
LAT49.8_LON-5.0,-0.3500641442587792,60,shallow
LAT49.8_LON0.0,-0.3491809388250495,60,shallow
LAT49.8_LON0.1,-0.3492457276269532,60,shallow
LAT49.8_LON0.2,-0.34927759267718245,60,shallow
LAT49.8_LON0.3,-0.34760257499507724,60,shallow
LAT49.8_LON0.4,-0.34788628599847654,60,shallow
LAT49.9_LON-0.1,-0.3482538741405156,60,shallow
LAT49.9_LON-0.2,-0.34974515395120603,60,shallow
LAT49.9_LON-0.3,-0.3493151812171385,60,shallow
LAT49.9_LON-0.4,-0.3474343136799412,60,shallow
LAT49.9_LON-0.5,-0.3487429562848634,60,shallow
LAT49.9_LON-0.6,-0.35083678524836337,60,shallow
LAT49.9_LON-0.7,-0.34789353310835286,60,shallow
LAT49.9_LON-0.8,-0.348350960410394,60,shallow
LAT49.9_LON-0.9,-0.35150901034622933,60,shallow
LAT49.9_LON-1.0,-0.3483385329026061,60,shallow
LAT49.9_LON-1.1,-0.34801247162509874,60,shallow
LAT49.9_LON-1.2,-0.3458493381890853,60,shallow
LAT49.9_LON-1.3,-0.34835190778484865,60,shallow
LAT49.9_LON-1.4,-0.34989007087403745,60,shallow
LAT49.9_LON-1.5,-0.34744292491819373,60,shallow
LAT49.9_LON-1.6,-0.35165157976662575,60,shallow
LAT49.9_LON-1.7,-0.3463057956456477,60,shallow
LAT49.9_LON-1.8,-0.3489739338169698,60,shallow
LAT49.9_LON-1.9,-0.34963858251979296,60,shallow
LAT49.9_LON-2.0,-0.3504567483813269,60,shallow
LAT49.9_LON-2.1,-0.34849473282036986,60,shallow
LAT49.9_LON-2.2,-0.3481668191996402,60,shallow
LAT49.9_LON-2.3,-0.34896768244136267,60,shallow
LAT49.9_LON-2.4,-0.347655001753129,60,shallow
LAT49.9_LON-2.5,-0.35056753548817704,60,shallow
LAT49.9_LON-2.6,-0.34946261123420586,60,shallow
LAT49.9_LON-2.7,-0.35168820219779784,60,shallow
LAT49.9_LON-2.8,-0.34864616900520146,60,shallow
LAT49.9_LON-2.9,-0.35050732609851615,60,shallow
LAT49.9_LON-3.0,-0.347702161335334,60,shallow
LAT49.9_LON-3.1,-0.3472289584484023,60,shallow
LAT49.9_LON-3.2,-0.34806079031282366,60,shallow
LAT49.9_LON-3.3,-0.347494215941119,60,shallow
LAT49.9_LON-3.4,-0.34960022208248576,60,shallow
LAT49.9_LON-3.5,-0.35016212261392266,60,shallow
LAT49.9_LON-3.6,-0.3501498190126977,60,shallow
LAT49.9_LON-3.7,-0.34840418221289643,60,shallow
LAT49.9_LON-3.8,-0.3516332626615862,60,shallow
LAT49.9_LON-3.9,-0.3483194009148685,60,shallow
LAT49.9_LON-4.0,-0.3487778710240006,60,shallow
LAT49.9_LON-4.1,-0.3491198578140066,60,shallow
LAT49.9_LON-4.2,-0.3514896099180684,60,shallow
LAT49.9_LON-4.3,-0.34799671488084627,60,shallow
LAT49.9_LON-4.4,-0.34913802190761845,60,shallow
LAT49.9_LON-4.5,-0.34770153178628066,60,shallow
LAT49.9_LON-4.6,-0.3485041141120059,60,shallow
LAT49.9_LON-4.7,-0.3498063911504066,60,shallow
LAT49.9_LON-4.8,-0.3477419174925959,60,shallow
LAT49.9_LON-4.9,-0.34801903526053296,60,shallow
LAT49.9_LON-5.0,-0.3474250903658488,60,shallow
LAT49.9_LON0.0,-0.35007887688438355,60,shallow
LAT49.9_LON0.1,-0.3496881633004725,60,shallow
LAT49.9_LON0.2,-0.350909940394373,60,shallow
LAT49.9_LON0.3,-0.34926779044447925,60,shallow
LAT49.9_LON0.4,-0.3505227199772207,60,shallow
LAT49.9_LON0.5,-0.35348140439866416,60,shallow
LAT49.9_LON0.6,-0.3509151081066539,60,shallow
LAT49.9_LON0.7,-0.349748152510552,60,shallow
LAT49.9_LON0.8,-0.34653412485771884,60,shallow
LAT49.9_LON0.9,-0.34741510562644173,60,shallow
LAT49.9_LON1.0,-0.34947642193630035,60,shallow
LAT49.9_LON1.1,-0.3493904485499228,60,shallow
LAT50.0_LON-0.1,-0.3501740699977057,60,shallow
LAT50.0_LON-0.2,-0.3478382715106814,60,shallow
LAT50.0_LON-0.3,-0.34767474350645655,60,shallow
LAT50.0_LON-0.4,-0.3515672053783121,60,shallow
LAT50.0_LON-0.5,-0.3483701925368764,60,shallow
LAT50.0_LON-0.6,-0.3478225729546572,60,shallow
LAT50.0_LON-0.7,-0.35127555905038094,60,shallow
LAT50.0_LON-0.8,-0.3499798320890789,60,shallow
LAT50.0_LON-0.9,-0.34961172712468014,60,shallow
LAT50.0_LON-1.0,-0.35016559563714816,60,shallow
LAT50.0_LON-1.1,-0.3486575044934812,60,shallow
LAT50.0_LON-1.2,-0.3485817279501569,60,shallow
LAT50.0_LON-1.3,-0.3514331149507706,60,shallow
LAT50.0_LON-1.4,-0.351299616422468,60,shallow
LAT50.0_LON-1.5,-0.35089571975639333,60,shallow
LAT50.0_LON-1.6,-0.35340815692674,60,shallow
LAT50.0_LON-1.7,-0.3511419894262877,60,shallow
LAT50.0_LON-1.8,-0.3454053524488056,60,shallow
LAT50.0_LON-1.9,-0.35023153305149357,60,shallow
LAT50.0_LON-2.0,-0.34925979221651027,60,shallow
LAT50.0_LON-2.1,-0.34974288657820335,60,shallow
LAT50.0_LON-2.2,-0.34930624722681153,60,shallow
LAT50.0_LON-2.3,-0.34873424671355807,60,shallow
LAT50.0_LON-2.4,-0.35035911181011364,60,shallow
LAT50.0_LON-2.5,-0.34745888777593453,60,shallow
LAT50.0_LON-2.6,-0.3486974789808861,60,shallow
LAT50.0_LON-2.7,-0.3492262441070391,60,shallow
LAT50.0_LON-2.8,-0.3485357371822883,60,shallow
LAT50.0_LON-2.9,-0.35181539492192143,60,shallow
LAT50.0_LON-3.0,-0.3507882020695453,60,shallow
LAT50.0_LON-3.1,-0.34796646871361714,60,shallow
LAT50.0_LON-3.2,-0.34818554537788865,60,shallow
LAT50.0_LON-3.3,-0.34981629322247043,60,shallow
LAT50.0_LON-3.4,-0.3498183718316144,60,shallow
LAT50.0_LON-3.5,-0.3514943615366093,60,shallow
LAT50.0_LON-3.6,-0.3467277906740893,60,shallow
LAT50.0_LON-3.7,-0.34804234427030434,60,shallow
LAT50.0_LON-3.8,-0.34914723550969334,60,shallow
LAT50.0_LON-3.9,-0.3508035288415035,60,shallow
LAT50.0_LON-4.0,-0.35171518124898526,60,shallow
LAT50.0_LON-4.1,-0.351255572970722,60,shallow
LAT50.0_LON-4.2,-0.34921113932091297,60,shallow
LAT50.0_LON-4.3,-0.3498815340204367,60,shallow
LAT50.0_LON-4.4,-0.3527259367693534,60,shallow
LAT50.0_LON-4.5,-0.35059099924246556,60,shallow
LAT50.0_LON-4.6,-0.3511640406459873,60,shallow
LAT50.0_LON-4.7,-0.3514723713343825,60,shallow
LAT50.0_LON-4.8,-0.3502438121723385,60,shallow
LAT50.0_LON-4.9,-0.3482444355982174,60,shallow
LAT50.0_LON-5.0,-0.34865956189556113,60,shallow
LAT50.0_LON0.0,-0.3486955784569728,60,shallow
LAT50.0_LON0.1,-0.34986326440242915,60,shallow
LAT50.0_LON0.2,-0.34831666943659423,60,shallow
LAT50.0_LON0.3,-0.34975972570389174,60,shallow
LAT50.0_LON0.4,-0.34888090562879526,60,shallow
LAT50.0_LON0.5,-0.3497561400268527,60,shallow
LAT50.0_LON0.6,-0.34953168397355444,60,shallow
LAT50.0_LON0.7,-0.3483268099534873,60,shallow
LAT50.0_LON0.8,-0.34875251544925356,60,shallow
LAT50.0_LON0.9,-0.3486563289712504,60,shallow
LAT50.0_LON1.0,-0.3511805862435304,60,shallow
LAT50.0_LON1.1,-0.3483932159682546,60,shallow
LAT50.0_LON1.2,-0.34901282249679205,60,shallow
LAT50.0_LON1.3,-0.3480582992645466,60,shallow
LAT50.1_LON-0.1,-0.349676671051961,60,shallow
LAT50.1_LON-0.2,-0.3502194246546716,60,shallow
LAT50.1_LON-0.3,-0.35034470004306606,60,shallow
LAT50.1_LON-0.4,-0.3473036940425041,60,shallow
LAT50.1_LON-0.5,-0.34785118589985153,60,shallow
LAT50.1_LON-0.6,-0.34851443275601085,60,shallow
LAT50.1_LON-0.7,-0.3519529460412497,60,shallow
LAT50.1_LON-0.8,-0.34714644137256306,60,shallow
LAT50.1_LON-0.9,-0.34895182635627464,60,shallow
LAT50.1_LON-1.0,-0.3523313579979094,60,shallow
LAT50.1_LON-1.1,-0.34975317106976406,60,shallow
LAT50.1_LON-1.2,-0.3482188771076793,60,shallow
LAT50.1_LON-1.3,-0.35016836589197387,60,shallow
LAT50.1_LON-1.4,-0.3537262600674303,60,shallow
LAT50.1_LON-1.5,-0.34930072808368473,60,shallow
LAT50.1_LON-1.6,-0.35025492257774116,60,shallow
LAT50.1_LON-1.7,-0.3475188973772683,60,shallow
LAT50.1_LON-1.8,-0.35090802496386153,60,shallow
LAT50.1_LON-1.9,-0.3492171132614916,60,shallow
LAT50.1_LON-2.0,-0.35213066598562476,60,shallow
LAT50.1_LON-2.1,-0.34742578929023715,60,shallow
LAT50.1_LON-2.2,-0.3488724826461275,60,shallow
LAT50.1_LON-2.3,-0.34821447824149704,60,shallow
LAT50.1_LON-2.4,-0.3485544534597915,60,shallow
LAT50.1_LON-2.5,-0.34731813197570865,60,shallow
LAT50.1_LON-2.6,-0.3491331436958458,60,shallow
LAT50.1_LON-2.7,-0.34933610170982377,60,shallow
LAT50.1_LON-2.8,-0.3486446888257846,60,shallow
LAT50.1_LON-2.9,-0.3471731159131404,60,shallow
LAT50.1_LON-3.0,-0.3492783606906448,60,shallow
LAT50.1_LON-3.1,-0.3482575084960237,60,shallow
LAT50.1_LON-3.2,-0.3497099153863041,60,shallow
LAT50.1_LON-3.3,-0.3490094104548336,60,shallow
LAT50.1_LON-3.4,-0.3492749843997684,60,shallow
LAT50.1_LON-3.5,-0.34976485093599163,60,shallow
LAT50.1_LON-3.6,-0.3478217362344196,60,shallow
LAT50.1_LON-3.7,-0.3517163960514313,60,shallow
LAT50.1_LON-3.8,-0.34970408763021016,60,shallow
LAT50.1_LON-3.9,-0.3462033695485766,60,shallow
LAT50.1_LON-4.0,-0.34870954308202573,60,shallow
LAT50.1_LON-4.1,-0.3495105179761396,60,shallow
LAT50.1_LON-4.2,-0.34730035558494476,60,shallow
LAT50.1_LON-4.3,-0.34762934694110675,60,shallow
LAT50.1_LON-4.4,-0.34824795561796723,60,shallow
LAT50.1_LON-4.5,-0.34805870850696385,60,shallow
LAT50.1_LON-4.6,-0.3479212147395046,60,shallow
LAT50.1_LON-4.7,-0.3518061331134668,60,shallow
LAT50.1_LON-4.8,-0.34828431967148704,60,shallow
LAT50.1_LON-4.9,-0.3481053653160941,60,shallow
LAT50.1_LON-5.0,-0.34730254623932627,60,shallow
LAT50.1_LON0.0,-0.3489211447102713,60,shallow
LAT50.1_LON0.1,-0.352395957376847,60,shallow
LAT50.1_LON0.2,-0.34999426727517424,60,shallow
LAT50.1_LON0.3,-0.34883781013939197,60,shallow
LAT50.1_LON0.4,-0.3507021649765149,60,shallow
LAT50.1_LON0.5,-0.3500573403043713,60,shallow
LAT50.1_LON0.6,-0.3472474470209618,60,shallow
LAT50.1_LON0.7,-0.35232579343467085,60,shallow
LAT50.1_LON0.8,-0.3494521232540861,60,shallow
LAT50.1_LON0.9,-0.34909139590904426,60,shallow
LAT50.1_LON1.0,-0.3483314339510972,60,shallow
LAT50.1_LON1.1,-0.3479651528250823,60,shallow
LAT50.1_LON1.2,-0.3511780958934249,60,shallow
LAT50.1_LON1.3,-0.34872769580758756,60,shallow
LAT50.1_LON1.4,-0.3493945823648385,60,shallow
LAT50.2_LON-0.1,-0.3495683006880322,60,shallow
LAT50.2_LON-0.2,-0.3510505705218455,60,shallow
LAT50.2_LON-0.3,-0.3501366230557696,60,shallow
LAT50.2_LON-0.4,-0.34842537034237064,60,shallow
LAT50.2_LON-0.5,-0.3484991291060678,60,shallow
LAT50.2_LON-0.6,-0.3485166884130374,60,shallow
LAT50.2_LON-0.7,-0.35113670729268526,60,shallow
LAT50.2_LON-0.8,-0.3476057654998302,60,shallow
LAT50.2_LON-0.9,-0.34792223213167994,60,shallow
LAT50.2_LON-1.0,-0.34696555223031006,60,shallow
LAT50.2_LON-1.1,-0.35003065382517545,60,shallow
LAT50.2_LON-1.2,-0.3525675125561924,60,shallow
LAT50.2_LON-1.3,-0.35198191398445866,60,shallow
LAT50.2_LON-1.4,-0.349358571419506,60,shallow
LAT50.2_LON-1.5,-0.34702051478948026,60,shallow
LAT50.2_LON-1.6,-0.3511030878359296,60,shallow
LAT50.2_LON-1.7,-0.34803817592908903,60,shallow
LAT50.2_LON-1.8,-0.3492977551059958,60,shallow
LAT50.2_LON-1.9,-0.34736113585438216,60,shallow
LAT50.2_LON-2.0,-0.34849997577394043,60,shallow
LAT50.2_LON-2.1,-0.3477813787485618,60,shallow
LAT50.2_LON-2.2,-0.3477115070518852,60,shallow
LAT50.2_LON-2.3,-0.34685511191004925,60,shallow
LAT50.2_LON-2.4,-0.34977298120025263,60,shallow
LAT50.2_LON-2.5,-0.34889873902777535,60,shallow
LAT50.2_LON-2.6,-0.34927147901644595,60,shallow
LAT50.2_LON-2.7,-0.34913755928446816,60,shallow
LAT50.2_LON-2.8,-0.3498835471343739,60,shallow
LAT50.2_LON-2.9,-0.35217814759347904,60,shallow
LAT50.2_LON-3.0,-0.34806229527817845,60,shallow
LAT50.2_LON-3.1,-0.34624503026760833,60,shallow
LAT50.2_LON-3.2,-0.34822176608682115,60,shallow
LAT50.2_LON-3.3,-0.34827047392883914,60,shallow
LAT50.2_LON-3.4,-0.3481791125245319,60,shallow
LAT50.2_LON-3.5,-0.34837945881794147,60,shallow
LAT50.2_LON-3.6,-0.34956479854120265,60,shallow
LAT50.2_LON-3.7,-0.35399301298931346,60,shallow
LAT50.2_LON-3.8,-0.34991730699666085,60,shallow
LAT50.2_LON-3.9,-0.34780338106030523,60,shallow
LAT50.2_LON-4.0,-0.3489046015118192,60,shallow
LAT50.2_LON-4.1,-0.34869139991878456,60,shallow
LAT50.2_LON-4.2,-0.3491475746063749,60,shallow
LAT50.2_LON-4.3,-0.3491242423334892,60,shallow
LAT50.2_LON-4.4,-0.34844137722390495,60,shallow
LAT50.2_LON-4.5,-0.3487424952623517,60,shallow
LAT50.2_LON-4.6,-0.34829352351367404,60,shallow
LAT50.2_LON-4.7,-0.3492722252267414,60,shallow
LAT50.2_LON-4.8,-0.34709020509950594,60,shallow
LAT50.2_LON-4.9,-0.3468381083885649,60,shallow
LAT50.2_LON-5.0,-0.35150237917406163,60,shallow
LAT50.2_LON0.0,-0.348130004224151,60,shallow
LAT50.2_LON0.1,-0.34760387341022797,60,shallow
LAT50.2_LON0.2,-0.3517891553030517,60,shallow
LAT50.2_LON0.3,-0.35118486186630415,60,shallow
LAT50.2_LON0.4,-0.3475933033339779,60,shallow
LAT50.2_LON0.5,-0.34818515803933786,60,shallow
LAT50.2_LON0.6,-0.34879151497419064,60,shallow
LAT50.2_LON0.7,-0.349802438674604,60,shallow
LAT50.2_LON0.8,-0.34698056308207714,60,shallow
LAT50.2_LON0.9,-0.3534986372020545,60,shallow
LAT50.2_LON1.0,-0.34943039223319594,60,shallow
LAT50.2_LON1.1,-0.3495073294167872,60,shallow
LAT50.2_LON1.2,-0.3494044450600137,60,shallow
LAT50.2_LON1.3,-0.349742145999803,60,shallow
LAT50.2_LON1.4,-0.3499848663226394,60,shallow
LAT50.2_LON1.5,-0.349065144591466,60,shallow
LAT50.3_LON-0.1,-0.3466279200301557,60,shallow
LAT50.3_LON-0.2,-0.34864552421080214,60,shallow
LAT50.3_LON-0.3,-0.3476035014928384,60,shallow
LAT50.3_LON-0.4,-0.35226976996523285,60,shallow
LAT50.3_LON-0.5,-0.3491118895201642,60,shallow
LAT50.3_LON-0.6,-0.3482776778009163,60,shallow
LAT50.3_LON-0.7,-0.3490351259312887,60,shallow
LAT50.3_LON-0.8,-0.3512987784889978,60,shallow
LAT50.3_LON-0.9,-0.3492916504132193,60,shallow
LAT50.3_LON-1.0,-0.3522400296871322,60,shallow
LAT50.3_LON-1.1,-0.353957213906912,60,shallow
LAT50.3_LON-1.2,-0.34862648827988146,60,shallow
LAT50.3_LON-1.4,-0.34673039619602325,60,shallow
LAT50.3_LON-1.5,-0.35372945014773494,60,shallow
LAT50.3_LON-1.7,-0.3467989649208799,60,shallow
LAT50.3_LON-1.8,-0.35039706179055596,60,shallow
LAT50.3_LON-1.9,-0.3475338623274173,60,shallow
LAT50.3_LON-2.0,-0.3502675791039807,60,shallow
LAT50.3_LON-2.1,-0.34659959538201,60,shallow
LAT50.3_LON-2.2,-0.34788703667899284,60,shallow
LAT50.3_LON-2.3,-0.3495321309100733,60,shallow
LAT50.3_LON-2.4,-0.3492375830655425,60,shallow
LAT50.3_LON-2.5,-0.34866821081834587,60,shallow
LAT50.3_LON-2.6,-0.34753250535673796,60,shallow
LAT50.3_LON-2.7,-0.3496226273658659,60,shallow
LAT50.3_LON-2.8,-0.35005295987948576,60,shallow
LAT50.3_LON-2.9,-0.3466051148459841,60,shallow
LAT50.3_LON-3.0,-0.3469026572245514,60,shallow
LAT50.3_LON-3.1,-0.3508356410810256,60,shallow
LAT50.3_LON-3.2,-0.3496249199762757,60,shallow
LAT50.3_LON-3.3,-0.34762906355299467,60,shallow
LAT50.3_LON-3.4,-0.3508550977206658,60,shallow
LAT50.3_LON-3.5,-0.3482819548047485,60,shallow
LAT50.3_LON-3.6,-0.35060225721042326,60,shallow
LAT50.3_LON-3.7,-0.35205609739431676,60,shallow
LAT50.3_LON-3.9,-0.34996686664570054,60,shallow
LAT50.3_LON-4.0,-0.34931567377346034,60,shallow
LAT50.3_LON-4.1,-0.3501074344346264,60,shallow
LAT50.3_LON-4.2,-0.3487038977808116,60,shallow
LAT50.3_LON-4.3,-0.3490205607173385,60,shallow
LAT50.3_LON-4.4,-0.34938157483239046,60,shallow
LAT50.3_LON-4.5,-0.34795238229784153,60,shallow
LAT50.3_LON-4.6,-0.3486928114085973,60,shallow
LAT50.3_LON-4.7,-0.34689873281770095,60,shallow
LAT50.3_LON-4.8,-0.34997238230825706,60,shallow
LAT50.3_LON0.0,-0.3482631038333765,60,shallow
LAT50.3_LON0.1,-0.34798272999243013,60,shallow
LAT50.3_LON0.2,-0.3472358363741014,60,shallow
LAT50.3_LON0.3,-0.35263703832227117,60,shallow
LAT50.3_LON0.4,-0.3494863433988228,60,shallow
LAT50.3_LON0.5,-0.34999235812390966,60,shallow
LAT50.3_LON0.6,-0.34879341608553643,60,shallow
LAT50.3_LON0.7,-0.3489497517076585,60,shallow
LAT50.3_LON0.8,-0.34917695242588925,60,shallow
LAT50.3_LON0.9,-0.34903801244097965,60,shallow
LAT50.3_LON1.0,-0.35002560407715283,60,shallow
LAT50.3_LON1.1,-0.348555116653927,60,shallow
LAT50.3_LON1.2,-0.3504766473076294,60,shallow
LAT50.3_LON1.3,-0.35026175767987233,60,shallow
LAT50.3_LON1.4,-0.34872556182055253,60,shallow
LAT50.3_LON1.5,-0.34789849391139066,60,shallow
LAT50.4_LON-0.1,-0.34821490217690165,60,shallow
LAT50.4_LON-0.2,-0.3486246029310816,60,shallow
LAT50.4_LON-0.3,-0.3516081616092122,60,shallow
LAT50.4_LON-0.4,-0.3475031007608009,60,shallow
LAT50.4_LON-0.5,-0.3474592839503153,60,shallow
LAT50.4_LON-0.6,-0.34906232195876297,60,shallow
LAT50.4_LON-0.7,-0.3502227210413177,60,shallow
LAT50.4_LON-0.8,-0.3479170130306631,60,shallow
LAT50.4_LON-0.9,-0.3498751056799115,60,shallow
LAT50.4_LON-1.0,-0.3518955963821223,60,shallow
LAT50.4_LON-1.1,-0.34896964999226415,60,shallow
LAT50.4_LON-1.2,-0.34793435922642146,60,shallow
LAT50.4_LON-1.3,-0.34542899530893634,60,shallow
LAT50.4_LON-1.4,-0.34881232900060166,60,shallow
LAT50.4_LON-1.8,-0.34936694960566655,60,shallow
LAT50.4_LON-1.9,-0.3471170581148632,60,shallow
LAT50.4_LON-2.0,-0.3464508542753694,60,shallow
LAT50.4_LON-2.1,-0.3515366550289255,60,shallow
LAT50.4_LON-2.2,-0.3448539561888623,60,shallow
LAT50.4_LON-2.3,-0.347672772822009,60,shallow
LAT50.4_LON-2.4,-0.34938660531468035,60,shallow
LAT50.4_LON-2.5,-0.34987171386659605,60,shallow
LAT50.4_LON-2.6,-0.35197744038735573,60,shallow
LAT50.4_LON-2.7,-0.3491787113313993,60,shallow
LAT50.4_LON-2.8,-0.34861546006865296,60,shallow
LAT50.4_LON-2.9,-0.3500060777177861,60,shallow
LAT50.4_LON-3.0,-0.3471866859629536,60,shallow
LAT50.4_LON-3.1,-0.3492276996599128,60,shallow
LAT50.4_LON-3.2,-0.34918156991460075,60,shallow
LAT50.4_LON-3.3,-0.3506513117231119,60,shallow
LAT50.4_LON-3.4,-0.35053752047549347,60,shallow
LAT50.4_LON-3.5,-0.34806285086907574,60,shallow
LAT50.4_LON-3.6,-0.34783767869508825,60,shallow
LAT50.4_LON-4.1,-0.34826094855191714,60,shallow
LAT50.4_LON-4.2,-0.3466670019368451,60,shallow
LAT50.4_LON-4.3,-0.3508171096334033,60,shallow
LAT50.4_LON-4.4,-0.349320256407675,60,shallow
LAT50.4_LON-4.5,-0.3467853053699746,60,shallow
LAT50.4_LON0.0,-0.35099320980418547,60,shallow
LAT50.4_LON0.1,-0.34982728359374415,60,shallow
LAT50.4_LON0.2,-0.34691771699113594,60,shallow
LAT50.4_LON0.3,-0.34723946446690174,60,shallow
LAT50.4_LON0.4,-0.3515687854273525,60,shallow
LAT50.4_LON0.5,-0.34873053042808466,60,shallow
LAT50.4_LON0.6,-0.34876697180213223,60,shallow
LAT50.4_LON0.7,-0.3479167605817185,60,shallow
LAT50.4_LON0.8,-0.34892432967337583,60,shallow
LAT50.4_LON0.9,-0.3472845989262955,60,shallow
LAT50.4_LON1.0,-0.34912047777149446,60,shallow
LAT50.4_LON1.1,-0.3513336009560262,60,shallow
LAT50.4_LON1.2,-0.34843490758895224,60,shallow
LAT50.4_LON1.3,-0.34708760902235364,60,shallow
LAT50.4_LON1.4,-0.3490865210253373,60,shallow
LAT50.4_LON1.5,-0.3484590038382383,60,shallow
LAT50.5_LON-0.1,-0.3506835289030276,60,shallow
LAT50.5_LON-0.2,-0.3501779115887572,60,shallow
LAT50.5_LON-0.3,-0.34851381896278216,60,shallow
LAT50.5_LON-0.4,-0.34796813855604247,60,shallow
LAT50.5_LON-0.5,-0.3497097594864225,60,shallow
LAT50.5_LON-0.6,-0.347697278401285,60,shallow
LAT50.5_LON-0.7,-0.34841667943722027,60,shallow
LAT50.5_LON-0.8,-0.34875729676401157,60,shallow
LAT50.5_LON-0.9,-0.34825902843737716,60,shallow
LAT50.5_LON-1.0,-0.34802086557215484,60,shallow
LAT50.5_LON-1.1,-0.35152446748515265,60,shallow
LAT50.5_LON-1.2,-0.35103118846298437,60,shallow
LAT50.5_LON-1.3,-0.34678262089507,60,shallow
LAT50.5_LON-1.4,-0.3550438819658517,60,shallow
LAT50.5_LON-1.5,-0.3496403152598986,60,shallow
LAT50.5_LON-1.6,-0.35185110559665184,60,shallow
LAT50.5_LON-1.7,-0.3472584684755023,60,shallow
LAT50.5_LON-1.9,-0.3460465994572215,60,shallow
LAT50.5_LON-2.0,-0.34967085364023864,60,shallow
LAT50.5_LON-2.1,-0.3497066416084149,60,shallow
LAT50.5_LON-2.2,-0.3487844310829936,60,shallow
LAT50.5_LON-2.3,-0.3519405654550638,60,shallow
LAT50.5_LON-2.4,-0.3498222318336835,60,shallow
LAT50.5_LON-2.5,-0.34851348194580456,60,shallow
LAT50.5_LON-2.6,-0.3499100839032284,60,shallow
LAT50.5_LON-2.7,-0.3499862667277773,60,shallow
LAT50.5_LON-2.8,-0.3503752274667306,60,shallow
LAT50.5_LON-2.9,-0.3526273876262703,60,shallow
LAT50.5_LON-3.0,-0.3491613634651764,60,shallow
LAT50.5_LON-3.1,-0.347880292778585,60,shallow
LAT50.5_LON-3.2,-0.3514993633046529,60,shallow
LAT50.5_LON-3.3,-0.3471552439841111,60,shallow
LAT50.5_LON-3.4,-0.3486867062844644,60,shallow
LAT50.5_LON-3.5,-0.34979943297270144,60,shallow
LAT50.5_LON-4.9,-0.35150613746914694,60,shallow
LAT50.5_LON0.0,-0.3485909552762346,60,shallow
LAT50.5_LON0.1,-0.34851074066577625,60,shallow
LAT50.5_LON0.2,-0.35263751038913993,60,shallow
LAT50.5_LON0.3,-0.34835519941515614,60,shallow
LAT50.5_LON0.4,-0.35223999649385757,60,shallow
LAT50.5_LON0.5,-0.34913939208646677,60,shallow
LAT50.5_LON0.6,-0.3498301607046521,60,shallow
LAT50.5_LON0.7,-0.3490289643109011,60,shallow
LAT50.5_LON0.8,-0.3489130333659365,60,shallow
LAT50.5_LON0.9,-0.34788646482972096,60,shallow
LAT50.5_LON1.0,-0.3497329125722953,60,shallow
LAT50.5_LON1.1,-0.3499389059413892,60,shallow
LAT50.5_LON1.2,-0.3491691486826483,60,shallow
LAT50.5_LON1.3,-0.3496239910602078,60,shallow
LAT50.5_LON1.4,-0.34657558984250814,60,shallow
LAT50.5_LON1.5,-0.3511644517876886,60,shallow
LAT50.5_LON1.6,-0.35042938276569313,60,shallow
LAT50.6_LON-0.1,-0.34860969590574614,60,shallow
LAT50.6_LON-0.2,-0.3499605789368094,60,shallow
LAT50.6_LON-0.3,-0.3513585142502241,60,shallow
LAT50.6_LON-0.4,-0.3484206327756065,60,shallow
LAT50.6_LON-0.5,-0.34912878200200487,60,shallow
LAT50.6_LON-0.6,-0.3491473029305929,60,shallow
LAT50.6_LON-0.7,-0.34853108442705283,60,shallow
LAT50.6_LON-0.8,-0.3498385195789381,60,shallow
LAT50.6_LON-0.9,-0.35244188628286865,60,shallow
LAT50.6_LON-1.0,-0.349639527187152,60,shallow
LAT50.6_LON-1.1,-0.3504974147176024,60,shallow
LAT50.6_LON-1.2,-0.349669617377532,60,shallow
LAT50.6_LON-1.3,-0.34912833483458433,60,shallow
LAT50.6_LON-1.4,-0.3472744509080135,60,shallow
LAT50.6_LON-1.5,-0.348876920818516,60,shallow
LAT50.6_LON-1.6,-0.34756792119131885,60,shallow
LAT50.6_LON-1.7,-0.348005838004597,60,shallow
LAT50.6_LON-1.9,-0.3495582266642507,60,shallow
LAT50.6_LON-2.1,-0.3511293360004752,60,shallow
LAT50.6_LON-2.2,-0.35010543850062803,60,shallow
LAT50.6_LON-2.3,-0.34833432433617073,60,shallow
LAT50.6_LON-2.4,-0.3482519293816347,60,shallow
LAT50.6_LON-2.5,-0.34981968791371476,60,shallow
LAT50.6_LON-2.6,-0.3510685939709507,60,shallow
LAT50.6_LON-2.7,-0.34976658044835696,60,shallow
LAT50.6_LON-2.8,-0.34658623435546165,60,shallow
LAT50.6_LON-2.9,-0.3494320393663138,60,shallow
LAT50.6_LON-3.0,-0.34744208620020356,60,shallow
LAT50.6_LON-3.1,-0.3479042688890367,60,shallow
LAT50.6_LON-3.2,-0.34896729661123205,60,shallow
LAT50.6_LON-3.3,-0.350723531253323,60,shallow
LAT50.6_LON-3.4,-0.34871936166373113,60,shallow
LAT50.6_LON-3.5,-0.34664538513647036,60,shallow
LAT50.6_LON-4.8,-0.3478737078805209,60,shallow
LAT50.6_LON-4.9,-0.34820388303699146,60,shallow
LAT50.6_LON-5.0,-0.3504022797451002,60,shallow
LAT50.6_LON0.0,-0.35257843963957397,60,shallow
LAT50.6_LON0.1,-0.3489544832778738,60,shallow
LAT50.6_LON0.2,-0.34852647967967904,60,shallow
LAT50.6_LON0.3,-0.3482921693209943,60,shallow
LAT50.6_LON0.4,-0.348208230976288,60,shallow
LAT50.6_LON0.5,-0.3477354534748026,60,shallow
LAT50.6_LON0.6,-0.34923346735369876,60,shallow
LAT50.6_LON0.7,-0.3509556108843105,60,shallow
LAT50.6_LON0.8,-0.3512949002151415,60,shallow
LAT50.6_LON0.9,-0.35158869527088443,60,shallow
LAT50.6_LON1.0,-0.35174095374079767,60,shallow
LAT50.6_LON1.1,-0.3497750187144892,60,shallow
LAT50.6_LON1.2,-0.3485639850828186,60,shallow
LAT50.6_LON1.3,-0.3504077441756947,60,shallow
LAT50.6_LON1.4,-0.34925235727673254,60,shallow
LAT50.6_LON1.5,-0.3500706715310241,60,shallow
LAT50.6_LON1.6,-0.35249985605901674,60,shallow
LAT50.7_LON-0.1,-0.349837307656518,60,shallow
LAT50.7_LON-0.2,-0.34813599379818594,60,shallow
LAT50.7_LON-0.3,-0.34890570505915314,60,shallow
LAT50.7_LON-0.4,-0.35015116442844735,60,shallow
LAT50.7_LON-0.5,-0.34748705929170265,60,shallow
LAT50.7_LON-0.6,-0.3504341859437981,60,shallow
LAT50.7_LON-0.7,-0.35008712609810816,60,shallow
LAT50.7_LON-0.8,-0.349050149023584,60,shallow
LAT50.7_LON-0.9,-0.3508130751960953,60,shallow
LAT50.7_LON-1.0,-0.34892336717208616,60,shallow
LAT50.7_LON-1.1,-0.3500761214195531,60,shallow
LAT50.7_LON-1.2,-0.3486211920844674,60,shallow
LAT50.7_LON-1.4,-0.348772034291807,60,shallow
LAT50.7_LON-1.5,-0.34962457665234503,60,shallow
LAT50.7_LON-1.6,-0.3483912553516572,60,shallow
LAT50.7_LON-1.7,-0.3508474068677721,60,shallow
LAT50.7_LON-1.8,-0.3456022448088852,60,shallow
LAT50.7_LON-1.9,-0.350150648969957,60,shallow
LAT50.7_LON-2.0,-0.34705435049066136,60,shallow
LAT50.7_LON-2.6,-0.34755406389925825,60,shallow
LAT50.7_LON-2.7,-0.3504202506889776,60,shallow
LAT50.7_LON-2.8,-0.35031987897458494,60,shallow
LAT50.7_LON-2.9,-0.3499046667518313,60,shallow
LAT50.7_LON-3.0,-0.3477304060419028,60,shallow
LAT50.7_LON-3.1,-0.34949616693841373,60,shallow
LAT50.7_LON-3.2,-0.3487609377885604,60,shallow
LAT50.7_LON-3.3,-0.3490462827294767,60,shallow
LAT50.7_LON-4.7,-0.3488096093246984,60,shallow
LAT50.7_LON-4.8,-0.3465039103712006,60,shallow
LAT50.7_LON-4.9,-0.3479054691056083,60,shallow
LAT50.7_LON-5.0,-0.34831778462950663,60,shallow
LAT50.7_LON0.0,-0.34744453157383837,60,shallow
LAT50.7_LON0.1,-0.34986416040287455,60,shallow
LAT50.7_LON0.2,-0.35051630654623117,60,shallow
LAT50.7_LON0.3,-0.34780432680339224,60,shallow
LAT50.7_LON0.4,-0.3503243446091481,60,shallow
LAT50.7_LON0.5,-0.34836999824508724,60,shallow
LAT50.7_LON0.6,-0.34933877380290773,60,shallow
LAT50.7_LON0.7,-0.3486646786756734,60,shallow
LAT50.7_LON0.8,-0.35019801882913254,60,shallow
LAT50.7_LON0.9,-0.3475524261940148,60,shallow
LAT50.7_LON1.0,-0.3483533271576679,60,shallow
LAT50.7_LON1.1,-0.34850902631304725,60,shallow
LAT50.7_LON1.2,-0.3489582666764072,60,shallow
LAT50.7_LON1.3,-0.34976355530332515,60,shallow
LAT50.7_LON1.4,-0.34710923110513975,60,shallow
LAT50.7_LON1.5,-0.34885558470590566,60,shallow
LAT50.7_LON1.6,-0.34941848767680506,60,shallow
LAT50.8_LON-0.1,-0.34874104377333415,60,shallow
LAT50.8_LON-0.2,-0.3478792359693092,60,shallow
LAT50.8_LON-0.3,-0.3497995907275372,60,shallow
LAT50.8_LON-0.4,-0.34998647681721956,60,shallow
LAT50.8_LON-0.5,-0.35047754175749835,60,shallow
LAT50.8_LON-0.6,-0.350650702613588,60,shallow
LAT50.8_LON-0.7,-0.351581802264417,60,shallow
LAT50.8_LON-0.9,-0.34672472554511036,60,shallow
LAT50.8_LON-1.0,-0.3463821451391234,60,shallow
LAT50.8_LON-1.1,-0.34755834484380377,60,shallow
LAT50.8_LON-1.2,-0.34858818985218265,60,shallow
LAT50.8_LON-1.3,-0.3495860628775568,60,shallow
LAT50.8_LON-1.4,-0.3490831386165615,60,shallow
LAT50.8_LON-1.5,-0.3497257442178163,60,shallow
LAT50.8_LON-4.6,-0.3504304854306465,60,shallow
LAT50.8_LON-4.7,-0.35276383974072767,60,shallow
LAT50.8_LON-4.8,-0.34888929382962636,60,shallow
LAT50.8_LON-4.9,-0.3494015177195323,60,shallow
LAT50.8_LON-5.0,-0.3496781976702428,60,shallow
LAT50.8_LON0.0,-0.34831414894043156,60,shallow
LAT50.8_LON0.1,-0.3493442867584401,60,shallow
LAT50.8_LON0.3,-0.3490476702766715,60,shallow
LAT50.8_LON0.4,-0.34874730898218637,60,shallow
LAT50.8_LON0.5,-0.3476228266428516,60,shallow
LAT50.8_LON0.6,-0.3491872564862573,60,shallow
LAT50.8_LON0.7,-0.34992193027681445,60,shallow
LAT50.8_LON0.8,-0.3498145563327771,60,shallow
LAT50.8_LON0.9,-0.3470251392023635,60,shallow
LAT50.8_LON1.0,-0.3493720738375303,60,shallow
LAT50.8_LON1.1,-0.3507837819855913,60,shallow
LAT50.8_LON1.2,-0.3489997559000128,60,shallow
LAT50.8_LON1.3,-0.34770361242668746,60,shallow
LAT50.8_LON1.4,-0.3495467470584211,60,shallow
LAT50.8_LON1.5,-0.3498493184812331,60,shallow
LAT50.8_LON1.6,-0.3510637795387086,60,shallow
LAT50.9_LON-1.3,-0.34849355317542635,60,shallow
LAT50.9_LON-1.4,-0.34677564637139147,60,shallow
LAT50.9_LON-1.5,-0.34825143512985984,60,shallow
LAT50.9_LON-4.7,-0.3475336135825704,60,shallow
LAT50.9_LON-4.8,-0.34874337237968345,60,shallow
LAT50.9_LON-4.9,-0.35052979255620736,60,shallow
LAT50.9_LON-5.0,-0.350340353523404,60,shallow
LAT50.9_LON0.6,-0.34911850313374526,60,shallow
LAT50.9_LON0.7,-0.34890281402548046,60,shallow
LAT50.9_LON0.8,-0.34827027647242353,60,shallow
LAT50.9_LON0.9,-0.34785188667624306,60,shallow
LAT50.9_LON1.0,-0.3483900015521077,60,shallow
LAT50.9_LON1.1,-0.3486554994479916,60,shallow
LAT50.9_LON1.2,-0.34825659609229626,60,shallow
LAT50.9_LON1.3,-0.3483075154064321,60,shallow
LAT50.9_LON1.4,-0.3476141652568839,60,shallow
LAT50.9_LON1.5,-0.34948758737504454,60,shallow
LAT50.9_LON1.6,-0.34898196853568336,60,shallow
LAT50.9_LON1.7,-0.3463939748840434,60,shallow
LAT51.0_LON-4.2,-0.34761230958872413,60,shallow
LAT51.0_LON-4.3,-0.35000140295388216,60,shallow
LAT51.0_LON-4.4,-0.3501967194431285,60,shallow
LAT51.0_LON-4.5,-0.34813088522036384,60,shallow
LAT51.0_LON-4.6,-0.3479562767163254,60,shallow
LAT51.0_LON-4.7,-0.3484845464804425,60,shallow
LAT51.0_LON-4.8,-0.34975854605497564,60,shallow
LAT51.0_LON-4.9,-0.34979855812277005,60,shallow
LAT51.0_LON-5.0,-0.3463453478131253,60,shallow
LAT51.0_LON0.7,-0.3461691438449514,60,shallow
LAT51.0_LON1.0,-0.34891825040561736,60,shallow
LAT51.0_LON1.1,-0.34825682022965637,60,shallow
LAT51.0_LON1.2,-0.34870789201019486,60,shallow
LAT51.0_LON1.3,-0.34942025731491816,60,shallow
LAT51.0_LON1.4,-0.35101121761790355,60,shallow
LAT51.0_LON1.5,-0.35030029439227717,60,shallow
LAT51.0_LON1.6,-0.34832397058768033,60,shallow
LAT51.0_LON1.7,-0.3508138548088092,60,shallow
LAT51.0_LON1.8,-0.34813470070068475,60,shallow
LAT51.0_LON1.9,-0.34914771721330223,60,shallow
LAT51.0_LON2.0,-0.35197799593100165,60,shallow
LAT51.1_LON-4.2,-0.35003905196960866,60,shallow
LAT51.1_LON-4.3,-0.3510047920198006,60,shallow
LAT51.1_LON-4.4,-0.35114643164439724,60,shallow
LAT51.1_LON-4.5,-0.3473894123516361,60,shallow
LAT51.1_LON-4.6,-0.34987041341939895,60,shallow
LAT51.1_LON-4.7,-0.35012574055912093,60,shallow
LAT51.1_LON-4.8,-0.3482215058109235,60,shallow
LAT51.1_LON-4.9,-0.34858588076448443,60,shallow
LAT51.1_LON-5.0,-0.3488929853570593,60,shallow
LAT51.1_LON1.1,-0.3492721186420688,60,shallow
LAT51.1_LON1.2,-0.3497056701596528,60,shallow
LAT51.1_LON1.3,-0.34851104664698596,60,shallow
LAT51.1_LON1.4,-0.3497729063507847,60,shallow
LAT51.1_LON1.5,-0.34891382634038753,60,shallow
LAT51.1_LON1.6,-0.3458976741732316,60,shallow
LAT51.1_LON1.7,-0.3501495811088646,60,shallow
LAT51.1_LON1.8,-0.34932032116361045,60,shallow
LAT51.1_LON1.9,-0.35059841449903867,60,shallow
LAT51.1_LON2.0,-0.3476108874656678,60,shallow
LAT51.2_LON-3.1,-0.3461693320314373,60,shallow
LAT51.2_LON-3.2,-0.34875763090304684,60,shallow
LAT51.2_LON-3.8,-0.35118664009230943,60,shallow
LAT51.2_LON-3.9,-0.3474694318945673,60,shallow
LAT51.2_LON-4.0,-0.3465390036807877,60,shallow
LAT51.2_LON-4.1,-0.351423260485918,60,shallow
LAT51.2_LON-4.2,-0.34947913632273664,60,shallow
LAT51.2_LON-4.3,-0.34819238500388844,60,shallow
LAT51.2_LON-4.4,-0.34735389832291036,60,shallow
LAT51.2_LON-4.5,-0.35030751027799184,60,shallow
LAT51.2_LON-4.6,-0.34622221832703715,60,shallow
LAT51.2_LON-4.7,-0.3448753330499447,60,shallow
LAT51.2_LON-4.8,-0.35132851793262376,60,shallow
LAT51.2_LON-4.9,-0.3474405431101701,60,shallow
LAT51.2_LON-5.0,-0.3486858977093429,60,shallow
LAT51.2_LON1.4,-0.34680717004115325,60,shallow
LAT51.2_LON1.5,-0.3483465445141132,60,shallow
LAT51.2_LON1.6,-0.34909464913624083,60,shallow
LAT51.2_LON1.7,-0.34988802231830995,60,shallow
LAT51.2_LON1.8,-0.3471934949708277,60,shallow
LAT51.2_LON1.9,-0.35188864948518156,60,shallow
LAT51.2_LON2.0,-0.34966824282551245,60,shallow
LAT51.3_LON-3.2,-0.34706793336138964,60,shallow
LAT51.3_LON-3.4,-0.348166436639035,60,shallow
LAT51.3_LON-4.1,-0.3476212636798781,60,shallow
LAT51.3_LON-4.2,-0.34888764547192236,60,shallow
LAT51.3_LON-4.3,-0.35114331714867086,60,shallow
LAT51.3_LON-4.4,-0.351159681512087,60,shallow
LAT51.3_LON-4.5,-0.3505931212059669,60,shallow
LAT51.3_LON-4.6,-0.3459284581428406,60,shallow
LAT51.3_LON-4.7,-0.34980220617298047,60,shallow
LAT51.3_LON-4.8,-0.34884637871723617,60,shallow
LAT51.3_LON-4.9,-0.3501517415585013,60,shallow
LAT51.3_LON-5.0,-0.34581508210655815,60,shallow
LAT51.3_LON1.4,-0.34949358626598837,60,shallow
LAT51.3_LON1.5,-0.3487654635180351,60,shallow
LAT51.3_LON1.6,-0.3491566268993666,60,shallow
LAT51.3_LON1.7,-0.3489987379092604,60,shallow
LAT51.3_LON1.8,-0.3497379666372705,60,shallow
LAT51.3_LON1.9,-0.34850708421801285,60,shallow
LAT51.3_LON2.0,-0.34812986424688813,60,shallow
LAT51.4_LON-3.7,-0.3485014163537232,60,shallow
LAT51.4_LON-3.8,-0.35287477099757636,60,shallow
LAT51.4_LON-3.9,-0.3492492784042412,60,shallow
LAT51.4_LON-4.0,-0.3486124066343514,60,shallow
LAT51.4_LON-4.2,-0.3551824511571965,60,shallow
LAT51.4_LON-4.3,-0.3449249143209466,60,shallow
LAT51.4_LON-4.6,-0.3531881573702288,60,shallow
LAT51.4_LON-4.7,-0.34922429178302616,60,shallow
LAT51.4_LON-4.8,-0.347779999544784,60,shallow
LAT51.4_LON-4.9,-0.3483103266955488,60,shallow
LAT51.4_LON-5.0,-0.3511372062635296,60,shallow
LAT51.4_LON0.6,-0.347742395146546,60,shallow
LAT51.4_LON0.7,-0.34949922123140825,60,shallow
LAT51.4_LON0.9,-0.35167588941215544,60,shallow
LAT51.4_LON1.0,-0.34753983013633727,60,shallow
LAT51.4_LON1.1,-0.3511144038842753,60,shallow
LAT51.4_LON1.2,-0.3480104199563209,60,shallow
LAT51.4_LON1.4,-0.349272714071422,60,shallow
LAT51.4_LON1.5,-0.3510942644565029,60,shallow
LAT51.4_LON1.6,-0.348317353934405,60,shallow
LAT51.4_LON1.7,-0.34761962073416325,60,shallow
LAT51.4_LON1.8,-0.34849263421139576,60,shallow
LAT51.4_LON1.9,-0.35013735171242555,60,shallow
LAT51.4_LON2.0,-0.3511335506868195,60,shallow
LAT51.5_LON-0.1,-0.35169879276345845,60,shallow
LAT51.5_LON-3.7,-0.3485720158441787,60,shallow
LAT51.5_LON-3.8,-0.348518648388403,60,shallow
LAT51.5_LON-3.9,-0.3490693403735416,60,shallow
LAT51.5_LON-4.0,-0.3521121411803886,60,shallow
LAT51.5_LON-4.1,-0.35233602944035614,60,shallow
LAT51.5_LON-4.2,-0.3474611304514133,60,shallow
LAT51.5_LON-4.3,-0.3479409644888593,60,shallow
LAT51.5_LON-4.5,-0.3503772699594268,60,shallow
LAT51.5_LON-4.6,-0.3503458145239186,60,shallow
LAT51.5_LON-4.7,-0.3528420115183771,60,shallow
LAT51.5_LON-4.8,-0.34952523517071477,60,shallow
LAT51.5_LON-4.9,-0.34917701980293847,60,shallow
LAT51.5_LON-5.0,-0.3485837469006508,60,shallow
LAT51.5_LON0.5,-0.34976018542424847,60,shallow
LAT51.5_LON0.6,-0.3532455353650957,60,shallow
LAT51.5_LON0.7,-0.34654000910713806,60,shallow
LAT51.5_LON0.8,-0.3494466104103808,60,shallow
LAT51.5_LON0.9,-0.34923915678616146,60,shallow
LAT51.5_LON1.0,-0.35005422660899227,60,shallow
LAT51.5_LON1.1,-0.34686205534215353,60,shallow
LAT51.5_LON1.2,-0.3509017598417746,60,shallow
LAT51.5_LON1.3,-0.3500370116576214,60,shallow
LAT51.5_LON1.4,-0.3492325224662214,60,shallow
LAT51.5_LON1.5,-0.34759204790561005,60,shallow
LAT51.5_LON1.6,-0.34812225351719095,60,shallow
LAT51.5_LON1.7,-0.3484903127198685,60,shallow
LAT51.5_LON1.8,-0.34887789930976565,60,shallow
LAT51.5_LON1.9,-0.3497274831030368,60,shallow
LAT51.5_LON2.0,-0.35116257163504105,60,shallow
LAT51.6_LON-4.5,-0.35026989582057927,60,shallow
LAT51.6_LON-4.6,-0.3475522902289219,60,shallow
LAT51.6_LON-4.7,-0.3558090033092727,60,shallow
LAT51.6_LON-4.8,-0.3474566385159281,60,shallow
LAT51.6_LON-4.9,-0.34832920307553056,60,shallow
LAT51.6_LON-5.0,-0.34991607449034007,60,shallow
LAT51.6_LON0.8,-0.35683857274942693,60,shallow
LAT51.6_LON1.1,-0.3559829911398328,60,shallow
LAT51.6_LON1.2,-0.3528412793674728,60,shallow
LAT51.6_LON1.3,-0.3492624864789739,60,shallow
LAT51.6_LON1.4,-0.34930755685755793,60,shallow
LAT51.6_LON1.5,-0.3503456835043461,60,shallow
LAT51.6_LON1.6,-0.3488927210703216,60,shallow
LAT51.6_LON1.7,-0.34776727086020204,60,shallow
LAT51.6_LON1.8,-0.346964414526979,60,shallow
LAT51.6_LON1.9,-0.3466914278153618,60,shallow
LAT51.6_LON2.0,-0.3508990360738394,60,shallow
LAT51.7_LON-4.6,-0.3554331942237693,60,shallow
LAT51.7_LON-4.7,-0.34758564227764044,60,shallow
LAT51.7_LON0.7,-0.34533155049119474,60,shallow
LAT51.7_LON0.8,-0.35000252065462545,60,shallow
LAT51.7_LON0.9,-0.3455609502478681,60,shallow
LAT51.7_LON1.0,-0.35018106061272847,60,shallow
LAT51.7_LON1.1,-0.34911796744113505,60,shallow
LAT51.7_LON1.2,-0.346722287874465,60,shallow
LAT51.7_LON1.3,-0.3483311595828649,60,shallow
LAT51.7_LON1.4,-0.3494240724040626,60,shallow
LAT51.7_LON1.5,-0.35003639263287045,60,shallow
LAT51.7_LON1.6,-0.3496259520438878,60,shallow
LAT51.7_LON1.7,-0.3477569082837101,60,shallow
LAT51.7_LON1.8,-0.3489301127405626,60,shallow
LAT51.7_LON1.9,-0.35025308444076647,60,shallow
LAT51.7_LON2.0,-0.351911252863724,60,shallow
LAT51.8_LON0.9,-0.34858087486484346,60,shallow
LAT51.8_LON1.0,-0.34962096762723044,60,shallow
LAT51.8_LON1.1,-0.35683857274942693,60,shallow
LAT51.8_LON1.2,-0.3481105190564247,60,shallow
LAT51.8_LON1.3,-0.34836469902960726,60,shallow
LAT51.8_LON1.4,-0.34852650286228554,60,shallow
LAT51.8_LON1.5,-0.3466800174158264,60,shallow
LAT51.8_LON1.6,-0.35109759863895357,60,shallow
LAT51.8_LON1.7,-0.3476529031994354,60,shallow
LAT51.8_LON1.8,-0.34938980180383716,60,shallow
LAT51.8_LON1.9,-0.34919474510580434,60,shallow
LAT51.9_LON1.2,-0.34555328226238324,60,shallow
LAT51.9_LON1.3,-0.3478283648219776,60,shallow
LAT51.9_LON1.4,-0.3475031168045615,60,shallow
LAT51.9_LON1.5,-0.34959208613789483,60,shallow
LAT51.9_LON1.6,-0.34736238554273463,60,shallow
LAT51.9_LON1.7,-0.3471459183452481,60,shallow
LAT51.9_LON1.8,-0.3485690142890406,60,shallow
LAT51.9_LON1.9,-0.35441296962102065,60,shallow
LAT51.9_LON2.0,-0.34735592216239497,60,shallow
LAT52.0_LON1.2,-0.3502186676585035,60,shallow
LAT52.0_LON1.3,-0.3477849464981323,60,shallow
LAT52.0_LON1.4,-0.35252859753804255,60,shallow
LAT52.0_LON1.5,-0.3504990282790893,60,shallow
LAT52.0_LON1.6,-0.3494480091491601,60,shallow
LAT52.0_LON1.7,-0.35118689732221386,60,shallow
LAT52.0_LON1.8,-0.3509695886526168,60,shallow
LAT52.0_LON1.9,-0.3496565855136689,60,shallow
LAT52.0_LON2.0,-0.34893269966893664,95,shallow
LAT52.0_LON2.1,-0.34696554373834587,95,shallow
LAT52.0_LON2.2,-0.3476660041230143,95,shallow
LAT52.0_LON2.3,-0.3530452777554076,95,shallow
LAT52.0_LON2.4,-0.3472837257860848,95,shallow
LAT52.0_LON2.5,-0.3453159961792671,95,shallow
LAT52.0_LON2.6,-0.3464730146514147,95,shallow
LAT52.0_LON2.7,-0.34824557545439566,95,shallow
LAT52.0_LON2.8,-0.3483113715634859,95,shallow
LAT52.0_LON2.9,-0.3479856712512316,95,shallow
LAT52.0_LON3.0,-0.34722879575097615,95,shallow
LAT52.0_LON3.1,-0.3513035727605918,95,shallow
LAT52.0_LON3.2,-0.34665807412824323,95,shallow
LAT52.0_LON3.3,-0.34776266927124233,95,shallow
LAT52.0_LON3.4,-0.34667285496896283,95,shallow
LAT52.0_LON3.5,-0.34837968093657873,95,shallow
LAT52.0_LON3.6,-0.35094174450275023,95,shallow
LAT52.0_LON3.7,-0.3465061041825689,95,shallow
LAT52.0_LON3.8,-0.34920371378991755,95,shallow
LAT52.0_LON3.9,-0.34610852825545174,95,shallow
LAT52.0_LON4.0,-0.34768485356611173,95,shallow
LAT52.0_LON4.1,-0.3475895138364488,95,shallow
LAT52.0_LON4.2,-0.3505181237376467,95,shallow
LAT52.0_LON4.3,-0.3441383937881498,95,shallow
LAT52.0_LON4.4,-0.3483411573584537,95,shallow
LAT52.0_LON4.7,-0.3480618494571351,95,shallow
LAT52.0_LON5.1,-0.34839549735362557,95,shallow
LAT52.0_LON6.1,-0.3482249206820384,95,shallow
LAT52.1_LON2.0,-0.34872847481672015,95,shallow
LAT52.1_LON2.1,-0.34915558928281376,95,shallow
LAT52.1_LON2.2,-0.3431215130798458,95,shallow
LAT52.1_LON2.3,-0.3482300276252021,95,shallow
LAT52.1_LON2.4,-0.3486975447233564,95,shallow
LAT52.1_LON2.5,-0.3462581163156638,95,shallow
LAT52.1_LON2.6,-0.3474259925423995,95,shallow
LAT52.1_LON2.7,-0.34771666022449116,95,shallow
LAT52.1_LON2.8,-0.3486076990240541,95,shallow
LAT52.1_LON2.9,-0.34787510823328693,95,shallow
LAT52.1_LON3.0,-0.34554518468985,95,shallow
LAT52.1_LON3.1,-0.34398031451886063,95,shallow
LAT52.1_LON3.2,-0.3466912691221282,95,shallow
LAT52.1_LON3.3,-0.3491484358968255,95,shallow
LAT52.1_LON3.4,-0.34859441533079755,95,shallow
LAT52.1_LON3.5,-0.34622670087338875,95,shallow
LAT52.1_LON3.6,-0.3475720783467646,95,shallow
LAT52.1_LON3.7,-0.3444340913102833,95,shallow
LAT52.1_LON3.8,-0.3488002703009675,95,shallow
LAT52.1_LON3.9,-0.34833108729850715,95,shallow
LAT52.1_LON4.0,-0.34794676703359506,95,shallow
LAT52.1_LON4.1,-0.3444725020800699,95,shallow
LAT52.1_LON4.2,-0.346055403127001,95,shallow
LAT52.1_LON4.3,-0.34499346915032675,95,shallow
LAT52.1_LON4.4,-0.34951288343104775,95,shallow
LAT52.1_LON4.5,-0.3454609280349759,95,shallow
LAT52.1_LON4.6,-0.35061852203355914,95,shallow
LAT52.1_LON4.7,-0.3487073784068352,95,shallow
LAT52.1_LON5.0,-0.3489662302143139,95,shallow
LAT52.2_LON2.0,-0.34611929737523556,95,shallow
LAT52.2_LON2.1,-0.3458416178257058,95,shallow
LAT52.2_LON2.2,-0.34804071373198914,95,shallow
LAT52.2_LON2.3,-0.34829384275962144,95,shallow
LAT52.2_LON2.4,-0.34682556737675313,95,shallow
LAT52.2_LON2.5,-0.3485895218186688,95,shallow
LAT52.2_LON2.6,-0.349095163752658,95,shallow
LAT52.2_LON2.7,-0.3485061287121756,95,shallow
LAT52.2_LON2.8,-0.349360557936331,95,shallow
LAT52.2_LON2.9,-0.3501333288018399,95,shallow
LAT52.2_LON3.0,-0.35143599918387813,95,shallow
LAT52.2_LON3.1,-0.3484032545616775,95,shallow
LAT52.2_LON3.2,-0.34970322419686967,95,shallow
LAT52.2_LON3.3,-0.34749783174456705,95,shallow
LAT52.2_LON3.4,-0.34760283554841553,95,shallow
LAT52.2_LON3.5,-0.3460211375778478,95,shallow
LAT52.2_LON3.6,-0.34762039688262164,95,shallow
LAT52.2_LON3.7,-0.35004922746704137,95,shallow
LAT52.2_LON3.8,-0.34889661057168564,95,shallow
LAT52.2_LON3.9,-0.3480320663578449,95,shallow
LAT52.2_LON4.0,-0.3484834680830232,95,shallow
LAT52.2_LON4.1,-0.3454943676764689,95,shallow
LAT52.2_LON4.2,-0.3463172480277865,95,shallow
LAT52.2_LON4.3,-0.3491179158690442,95,shallow
LAT52.2_LON4.4,-0.34829926897642266,95,shallow
LAT52.2_LON4.5,-0.3464043343282701,95,shallow
LAT52.2_LON4.6,-0.34866714598332954,95,shallow
LAT52.2_LON4.8,-0.346953201040066,95,shallow
LAT52.2_LON5.3,-0.34817173425543657,95,shallow
LAT52.2_LON5.4,-0.34636444744097494,95,shallow
LAT52.3_LON2.0,-0.3546733659808336,95,shallow
LAT52.3_LON2.1,-0.3429333887027884,95,shallow
LAT52.3_LON2.2,-0.34495395384333466,95,shallow
LAT52.3_LON2.3,-0.3470124743641101,95,shallow
LAT52.3_LON2.4,-0.3454162759452153,95,shallow
LAT52.3_LON2.5,-0.34770074101260817,95,shallow
LAT52.3_LON2.6,-0.345629826501291,95,shallow
LAT52.3_LON2.7,-0.3459354318148016,95,shallow
LAT52.3_LON2.8,-0.3442383911156381,95,shallow
LAT52.3_LON2.9,-0.34981369061556594,95,shallow
LAT52.3_LON3.0,-0.3466900677626545,95,shallow
LAT52.3_LON3.1,-0.34879411715911524,95,shallow
LAT52.3_LON3.2,-0.34722705087549094,95,shallow
LAT52.3_LON3.3,-0.34628583526688056,95,shallow
LAT52.3_LON3.4,-0.3459926067541294,95,shallow
LAT52.3_LON3.5,-0.34522511947828705,95,shallow
LAT52.3_LON3.6,-0.3461476375300789,95,shallow
LAT52.3_LON3.7,-0.3483580833107981,95,shallow
LAT52.3_LON3.8,-0.34744682160900986,95,shallow
LAT52.3_LON3.9,-0.34851128997950237,95,shallow
LAT52.3_LON4.0,-0.34891773313192925,95,shallow
LAT52.3_LON4.1,-0.34632579615568815,95,shallow
LAT52.3_LON4.2,-0.34736115237726395,95,shallow
LAT52.3_LON4.3,-0.3461961376597946,95,shallow
LAT52.3_LON4.4,-0.34473053802883574,95,shallow
LAT52.3_LON4.5,-0.34729716252156767,95,shallow
LAT52.3_LON4.6,-0.34931033757809293,95,shallow
LAT52.3_LON4.7,-0.3509439963773827,95,shallow
LAT52.3_LON4.8,-0.34501991689090955,95,shallow
LAT52.3_LON4.9,-0.34670064339572465,95,shallow
LAT52.3_LON5.0,-0.34610570832639703,95,shallow
LAT52.3_LON5.1,-0.34820403965505187,95,shallow
LAT52.3_LON5.2,-0.3450007116713488,95,shallow
LAT52.3_LON5.3,-0.34830273801293393,95,shallow
LAT52.3_LON5.4,-0.34856880665723655,95,shallow
LAT52.3_LON5.5,-0.34648460822001076,95,shallow
LAT52.4_LON2.0,-0.3495681759673468,95,shallow
LAT52.4_LON2.1,-0.34855731993754396,95,shallow
LAT52.4_LON2.2,-0.3475192242880444,95,shallow
LAT52.4_LON2.3,-0.348794647806387,95,shallow
LAT52.4_LON2.4,-0.3475471329798442,95,shallow
LAT52.4_LON2.5,-0.3458814698998704,95,shallow
LAT52.4_LON2.6,-0.3490587230038712,95,shallow
LAT52.4_LON2.7,-0.34508000487017193,95,shallow
LAT52.4_LON2.8,-0.34608269694373517,95,shallow
LAT52.4_LON2.9,-0.34871369259267004,95,shallow
LAT52.4_LON3.0,-0.347348914125683,95,shallow
LAT52.4_LON3.1,-0.34966847588573674,95,shallow
LAT52.4_LON3.2,-0.34873351844248274,95,shallow
LAT52.4_LON3.3,-0.3449051493447703,95,shallow
LAT52.4_LON3.4,-0.3469407830740284,95,shallow
LAT52.4_LON3.5,-0.3463952382917708,95,shallow
LAT52.4_LON3.6,-0.3445315299640695,95,shallow
LAT52.4_LON3.7,-0.3446844139199154,95,shallow
LAT52.4_LON3.8,-0.3476978102185238,95,shallow
LAT52.4_LON3.9,-0.34736576278444803,95,shallow
LAT52.4_LON4.0,-0.34696989627786157,95,shallow
LAT52.4_LON4.1,-0.3444678644318866,95,shallow
LAT52.4_LON4.2,-0.3457837384252501,95,shallow
LAT52.4_LON4.3,-0.34602931385930374,95,shallow
LAT52.4_LON4.4,-0.34686428821883364,95,shallow
LAT52.4_LON4.5,-0.34886573918077424,95,shallow
LAT52.4_LON4.6,-0.3467070610874299,95,shallow
LAT52.4_LON4.7,-0.3457526686310544,95,shallow
LAT52.4_LON4.8,-0.34588853191708413,95,shallow
LAT52.4_LON4.9,-0.34942000107302057,95,shallow
LAT52.4_LON5.0,-0.34678380414378396,95,shallow
LAT52.4_LON5.1,-0.3467958130417211,95,shallow
LAT52.4_LON5.2,-0.34966102637399976,95,shallow
LAT52.4_LON5.3,-0.3474995611834902,95,shallow
LAT52.4_LON5.6,-0.3493298174367389,95,shallow
LAT52.5_LON2.0,-0.3468877862939002,95,shallow
LAT52.5_LON2.1,-0.3475059796971591,95,shallow
LAT52.5_LON2.2,-0.34502748277869927,95,shallow
LAT52.5_LON2.3,-0.34775092602372193,95,shallow
LAT52.5_LON2.4,-0.3464182496975376,95,shallow
LAT52.5_LON2.5,-0.3476331504635636,95,shallow
LAT52.5_LON2.6,-0.34628794602597623,95,shallow
LAT52.5_LON2.7,-0.3486798238438405,95,shallow
LAT52.5_LON2.8,-0.3471132188877906,95,shallow
LAT52.5_LON2.9,-0.34736353102146744,95,shallow
LAT52.5_LON3.0,-0.3491849280211631,95,shallow
LAT52.5_LON3.1,-0.347503016743011,95,shallow
LAT52.5_LON3.2,-0.34968486331138326,95,shallow
LAT52.5_LON3.3,-0.3472806708909609,95,shallow
LAT52.5_LON3.4,-0.3446737715087771,95,shallow
LAT52.5_LON3.5,-0.34960563262855265,95,shallow
LAT52.5_LON3.6,-0.34440226378523003,95,shallow
LAT52.5_LON3.7,-0.3489009686945158,95,shallow
LAT52.5_LON3.8,-0.347529441879913,95,shallow
LAT52.5_LON3.9,-0.3475656615851472,95,shallow
LAT52.5_LON4.0,-0.35149920556545466,95,shallow
LAT52.5_LON4.1,-0.3463151257610132,95,shallow
LAT52.5_LON4.2,-0.34619269975806016,95,shallow
LAT52.5_LON4.3,-0.34899015247245263,95,shallow
LAT52.5_LON4.4,-0.34745713303458653,95,shallow
LAT52.5_LON4.5,-0.34784405841715277,95,shallow
LAT52.5_LON4.6,-0.3466735466088341,95,shallow
LAT52.5_LON5.0,-0.35417915020564356,95,shallow
LAT52.5_LON5.1,-0.3469113917175937,95,shallow
LAT52.5_LON5.2,-0.346897111943067,95,shallow
LAT52.5_LON5.3,-0.34765383282782725,95,shallow
LAT52.5_LON5.4,-0.34869909375694536,95,shallow
LAT52.5_LON5.5,-0.3460728732014786,95,shallow
LAT52.5_LON5.8,-0.3531315958918288,95,shallow
LAT52.5_LON5.9,-0.345485444056687,95,shallow
LAT52.5_LON6.0,-0.34209147973669063,95,shallow
LAT52.5_LON6.1,-0.3506594333621233,95,shallow
LAT52.6_LON2.1,-0.3466782460334525,95,shallow
LAT52.6_LON2.2,-0.34776368721233425,95,shallow
LAT52.6_LON2.3,-0.342909416760381,95,shallow
LAT52.6_LON2.4,-0.34932809135175347,95,shallow
LAT52.6_LON2.5,-0.3482293067626432,95,shallow
LAT52.6_LON2.6,-0.3423396219036284,95,shallow
LAT52.6_LON2.7,-0.34613908656055364,95,shallow
LAT52.6_LON2.8,-0.3454027688287404,95,shallow
LAT52.6_LON2.9,-0.346725058164173,95,shallow
LAT52.6_LON3.0,-0.3462014041855226,95,shallow
LAT52.6_LON3.1,-0.34659954284982614,95,shallow
LAT52.6_LON3.2,-0.3457689764305744,95,shallow
LAT52.6_LON3.3,-0.3461253000242616,95,shallow
LAT52.6_LON3.4,-0.34665832445568184,95,shallow
LAT52.6_LON3.5,-0.35047620960278697,95,shallow
LAT52.6_LON3.6,-0.3461650974200991,95,shallow
LAT52.6_LON3.7,-0.35012126586737624,95,shallow
LAT52.6_LON3.8,-0.3467515557455129,95,shallow
LAT52.6_LON3.9,-0.3471692325083047,95,shallow
LAT52.6_LON4.0,-0.3502378381694327,95,shallow
LAT52.6_LON4.1,-0.3485902797192967,95,shallow
LAT52.6_LON4.2,-0.348847352130459,95,shallow
LAT52.6_LON4.3,-0.3452926298229456,95,shallow
LAT52.6_LON4.4,-0.34705712224687146,95,shallow
LAT52.6_LON4.5,-0.34299976704773916,95,shallow
LAT52.6_LON4.6,-0.3478069777264343,95,shallow
LAT52.6_LON5.0,-0.3447644848154516,95,shallow
LAT52.6_LON5.1,-0.348085336199185,95,shallow
LAT52.6_LON5.2,-0.3490991566651032,95,shallow
LAT52.6_LON5.3,-0.3473365619418502,95,shallow
LAT52.6_LON5.4,-0.347852207277472,95,shallow
LAT52.6_LON5.5,-0.3468352265640233,95,shallow
LAT52.6_LON5.6,-0.3453396260903911,95,shallow
LAT52.6_LON5.7,-0.34867129247191375,95,shallow
LAT52.6_LON5.8,-0.34598705577458067,95,shallow
LAT52.7_LON2.1,-0.34508047572185774,95,shallow
LAT52.7_LON2.2,-0.35315701613281225,95,shallow
LAT52.7_LON2.3,-0.3471764842896929,95,shallow
LAT52.7_LON2.4,-0.34789119430377546,95,shallow
LAT52.7_LON2.5,-0.34824019050864674,95,shallow
LAT52.7_LON2.6,-0.34664282138465424,95,shallow
LAT52.7_LON2.7,-0.3500191920660745,95,shallow
LAT52.7_LON2.8,-0.3483846307466655,95,shallow
LAT52.7_LON2.9,-0.34566734869559484,95,shallow
LAT52.7_LON3.0,-0.34297408922189515,95,shallow
LAT52.7_LON3.1,-0.35022396251276233,95,shallow
LAT52.7_LON3.2,-0.3482231473077254,95,shallow
LAT52.7_LON3.3,-0.34858054643137937,95,shallow
LAT52.7_LON3.4,-0.34829584289088084,95,shallow
LAT52.7_LON3.5,-0.3454167108357133,95,shallow
LAT52.7_LON3.6,-0.34674146812309425,95,shallow
LAT52.7_LON3.7,-0.3435230400673682,95,shallow
LAT52.7_LON3.8,-0.34684526383670483,95,shallow
LAT52.7_LON3.9,-0.34785006182608613,95,shallow
LAT52.7_LON4.0,-0.34752548646706743,95,shallow
LAT52.7_LON4.1,-0.3454097092800784,95,shallow
LAT52.7_LON4.2,-0.3481411213530926,95,shallow
LAT52.7_LON4.3,-0.34769607039089523,95,shallow
LAT52.7_LON4.4,-0.34601542748967906,95,shallow
LAT52.7_LON4.5,-0.34793026348516576,95,shallow
LAT52.7_LON4.6,-0.34863032260288523,95,shallow
LAT52.7_LON5.2,-0.34780754484175785,95,shallow
LAT52.7_LON5.3,-0.3487027027728953,95,shallow
LAT52.7_LON5.4,-0.3472778525371126,95,shallow
LAT52.7_LON5.5,-0.35049537194417685,95,shallow
LAT52.7_LON5.6,-0.3473361965535701,95,shallow
LAT52.8_LON2.0,-0.3443927366482419,95,shallow
LAT52.8_LON2.2,-0.34561595006781315,95,shallow
LAT52.8_LON2.3,-0.34641121160507593,95,shallow
LAT52.8_LON2.4,-0.347056131710833,95,shallow
LAT52.8_LON2.5,-0.3493235608820995,95,shallow
LAT52.8_LON2.6,-0.3461865815366013,95,shallow
LAT52.8_LON2.7,-0.348012559701985,95,shallow
LAT52.8_LON2.8,-0.3494023837493923,95,shallow
LAT52.8_LON2.9,-0.3501636314766915,95,shallow
LAT52.8_LON3.0,-0.3476873552236661,95,shallow
LAT52.8_LON3.1,-0.3493285219689687,95,shallow
LAT52.8_LON3.2,-0.3477692922805586,95,shallow
LAT52.8_LON3.3,-0.3475951992137385,95,shallow
LAT52.8_LON3.4,-0.34765660295754763,95,shallow
LAT52.8_LON3.5,-0.3469386015129576,95,shallow
LAT52.8_LON3.6,-0.3477486220337217,95,shallow
LAT52.8_LON3.7,-0.34802649726934964,95,shallow
LAT52.8_LON3.8,-0.34437521052143444,95,shallow
LAT52.8_LON3.9,-0.34826015023713003,95,shallow
LAT52.8_LON4.0,-0.347926582377487,95,shallow
LAT52.8_LON4.1,-0.3478722885819044,95,shallow
LAT52.8_LON4.2,-0.34682267385121845,95,shallow
LAT52.8_LON4.3,-0.34803327832861025,95,shallow
LAT52.8_LON4.4,-0.3474784374487216,95,shallow
LAT52.8_LON4.5,-0.3490809104320836,95,shallow
LAT52.8_LON4.6,-0.3480961426032839,95,shallow
LAT52.8_LON4.7,-0.3460333307729775,95,shallow
LAT52.8_LON5.1,-0.34618097459235775,95,shallow
LAT52.8_LON5.2,-0.3467786042006383,95,shallow
LAT52.8_LON5.3,-0.34783854534675007,95,shallow
LAT52.8_LON5.4,-0.34534000280913146,95,shallow
LAT52.8_LON5.5,-0.3429287370243622,95,shallow
LAT52.8_LON5.6,-0.3460650772855215,95,shallow
LAT52.8_LON5.7,-0.3483826540124508,95,shallow
LAT52.8_LON5.9,-0.33983561324204636,95,shallow
LAT52.9_LON2.1,-0.3436100317005712,95,shallow
LAT52.9_LON2.2,-0.3482089171449126,95,shallow
LAT52.9_LON2.3,-0.3482308808843426,95,shallow
LAT52.9_LON2.4,-0.3472935231938626,95,shallow
LAT52.9_LON2.5,-0.34568809112074833,95,shallow
LAT52.9_LON2.6,-0.34335200750392647,95,shallow
LAT52.9_LON2.7,-0.3464583053253291,95,shallow
LAT52.9_LON2.8,-0.3461011125514516,95,shallow
LAT52.9_LON2.9,-0.3464300109439697,95,shallow
LAT52.9_LON3.0,-0.3490104372323799,95,shallow
LAT52.9_LON3.1,-0.3475878074958332,95,shallow
LAT52.9_LON3.2,-0.34765917980794125,95,shallow
LAT52.9_LON3.3,-0.3503318114630923,95,shallow
LAT52.9_LON3.4,-0.34431520841594554,95,shallow
LAT52.9_LON3.5,-0.3465196692789231,95,shallow
LAT52.9_LON3.6,-0.3486028598444897,95,shallow
LAT52.9_LON3.7,-0.3479823863425349,95,shallow
LAT52.9_LON3.8,-0.34764838955888594,95,shallow
LAT52.9_LON3.9,-0.34986268636848167,95,shallow
LAT52.9_LON4.0,-0.3439624379653644,95,shallow
LAT52.9_LON4.1,-0.3448579697669682,95,shallow
LAT52.9_LON4.2,-0.34924319230547934,95,shallow
LAT52.9_LON4.3,-0.34851830454395194,95,shallow
LAT52.9_LON4.4,-0.3468607888925426,95,shallow
LAT52.9_LON4.5,-0.3479430035583146,95,shallow
LAT52.9_LON4.6,-0.3483056463499585,95,shallow
LAT52.9_LON4.7,-0.3445471469910394,95,shallow
LAT52.9_LON4.8,-0.3499028709320455,95,shallow
LAT52.9_LON4.9,-0.34489942297233817,95,shallow
LAT52.9_LON5.0,-0.34847923486314863,95,shallow
LAT52.9_LON5.1,-0.3476439827528763,95,shallow
LAT52.9_LON5.2,-0.344670334512214,95,shallow
LAT52.9_LON5.3,-0.3459938790356133,95,shallow
LAT52.9_LON5.4,-0.34678308939146085,95,shallow
LAT52.9_LON5.5,-0.3430430793461827,95,shallow
LAT52.9_LON5.7,-0.3466971584696748,95,shallow
LAT52.9_LON5.9,-0.3347053585488657,95,shallow
LAT53.0_LON2.0,-0.34745264912939067,95,shallow
LAT53.0_LON2.1,-0.3459561689049206,95,shallow
LAT53.0_LON2.2,-0.34658607392789553,95,shallow
LAT53.0_LON2.3,-0.34831187260484037,95,shallow
LAT53.0_LON2.4,-0.34789530480001696,95,shallow
LAT53.0_LON2.5,-0.3469610908985045,95,shallow
LAT53.0_LON2.6,-0.34766442819148785,95,shallow
LAT53.0_LON2.7,-0.34723919367125694,95,shallow
LAT53.0_LON2.8,-0.34821687399287055,95,shallow
LAT53.0_LON2.9,-0.34553384954194666,95,shallow
LAT53.0_LON3.0,-0.3484066276884286,95,shallow
LAT53.0_LON3.1,-0.34693879258177435,95,shallow
LAT53.0_LON3.2,-0.34852702170301075,95,shallow
LAT53.0_LON3.3,-0.349202320373121,95,shallow
LAT53.0_LON3.4,-0.3489215694744294,95,shallow
LAT53.0_LON3.5,-0.3471378124475872,95,shallow
LAT53.0_LON3.6,-0.3435958765218848,95,shallow
LAT53.0_LON3.7,-0.34498330931971466,95,shallow
LAT53.0_LON3.8,-0.3472493462191284,95,shallow
LAT53.0_LON3.9,-0.34717845997447433,95,shallow
LAT53.0_LON4.0,-0.3469165845226298,95,shallow
LAT53.0_LON4.1,-0.344926373254425,95,shallow
LAT53.0_LON4.2,-0.3489192892032542,95,shallow
LAT53.0_LON4.3,-0.34627862131445775,95,shallow
LAT53.0_LON4.4,-0.34784324007684375,95,shallow
LAT53.0_LON4.5,-0.3453803229295293,95,shallow
LAT53.0_LON4.6,-0.3452399866230042,95,shallow
LAT53.0_LON4.7,-0.344440630749674,95,shallow
LAT53.0_LON4.8,-0.34702865105982394,95,shallow
LAT53.0_LON4.9,-0.34442285531433775,95,shallow
LAT53.0_LON5.0,-0.3462816235437115,95,shallow
LAT53.0_LON5.1,-0.34835832987582355,95,shallow
LAT53.0_LON5.2,-0.34872073813252824,95,shallow
LAT53.0_LON5.3,-0.34812557060725996,95,shallow
LAT53.0_LON5.4,-0.34697085358822327,95,shallow
LAT53.0_LON5.5,-0.33704427703401196,95,shallow
LAT53.0_LON5.7,-0.3449652873592966,95,shallow
LAT53.0_LON5.8,-0.34451091589830085,95,shallow
LAT53.0_LON5.9,-0.343357942943532,95,shallow
LAT53.1_LON2.1,-0.3510948908880611,95,shallow
LAT53.1_LON2.2,-0.34892323318532786,95,shallow
LAT53.1_LON2.3,-0.34395926338353483,95,shallow
LAT53.1_LON2.4,-0.3428073027531894,95,shallow
LAT53.1_LON2.5,-0.3466233095948059,95,shallow
LAT53.1_LON2.6,-0.3479508515422492,95,shallow
LAT53.1_LON2.7,-0.3439399230116302,95,shallow
LAT53.1_LON2.8,-0.3430876817117,95,shallow
LAT53.1_LON2.9,-0.34612783836149774,95,shallow
LAT53.1_LON3.0,-0.3470639637536966,95,shallow
LAT53.1_LON3.1,-0.34733341084587377,95,shallow
LAT53.1_LON3.2,-0.34815963738339206,95,shallow
LAT53.1_LON3.3,-0.3486518607130587,95,shallow
LAT53.1_LON3.4,-0.34483128053606277,95,shallow
LAT53.1_LON3.5,-0.3470180519143025,95,shallow
LAT53.1_LON3.6,-0.3478421881273851,95,shallow
LAT53.1_LON3.7,-0.3480410474130904,95,shallow
LAT53.1_LON3.8,-0.34784407398959977,95,shallow
LAT53.1_LON3.9,-0.34740787892473485,95,shallow
LAT53.1_LON4.0,-0.34554577948683235,95,shallow
LAT53.1_LON4.1,-0.3469224719565965,95,shallow
LAT53.1_LON4.2,-0.3497060249026022,95,shallow
LAT53.1_LON4.3,-0.34936350378727415,95,shallow
LAT53.1_LON4.4,-0.34421119325337807,95,shallow
LAT53.1_LON4.5,-0.348154864865086,95,shallow
LAT53.1_LON4.6,-0.34777480051669213,95,shallow
LAT53.1_LON4.7,-0.3494905436947686,95,shallow
LAT53.1_LON4.8,-0.3423469265366076,95,shallow
LAT53.1_LON4.9,-0.34391837021901017,95,shallow
LAT53.1_LON5.0,-0.3453810511184929,95,shallow
LAT53.1_LON5.1,-0.3411268786068441,95,shallow
LAT53.1_LON5.2,-0.3484253126479873,95,shallow
LAT53.1_LON5.3,-0.3495518545472074,95,shallow
LAT53.1_LON5.4,-0.345907480921974,95,shallow
LAT53.1_LON5.8,-0.3472350881632653,95,shallow
LAT53.1_LON5.9,-0.3368949235260319,95,shallow
LAT53.2_LON2.0,-0.3468375836396513,95,shallow
LAT53.2_LON2.1,-0.3501093490675492,95,shallow
LAT53.2_LON2.2,-0.3494415851192111,95,shallow
LAT53.2_LON2.3,-0.3482245435359436,95,shallow
LAT53.2_LON2.4,-0.34196087699761746,95,shallow
LAT53.2_LON2.5,-0.3481074885286461,95,shallow
LAT53.2_LON2.6,-0.3458095043577156,95,shallow
LAT53.2_LON2.7,-0.34625750393160265,95,shallow
LAT53.2_LON2.8,-0.34823659293355175,95,shallow
LAT53.2_LON2.9,-0.34642381066172934,95,shallow
LAT53.2_LON3.0,-0.34783442548872434,95,shallow
LAT53.2_LON3.1,-0.3478789827535728,95,shallow
LAT53.2_LON3.2,-0.34328497638813377,95,shallow
LAT53.2_LON3.3,-0.3479686518136071,95,shallow
LAT53.2_LON3.4,-0.3501597370751603,95,shallow
LAT53.2_LON3.5,-0.34903614943673855,95,shallow
LAT53.2_LON3.6,-0.34798761104687487,95,shallow
LAT53.2_LON3.7,-0.3457387477137621,95,shallow
LAT53.2_LON3.8,-0.3464964629305083,95,shallow
LAT53.2_LON3.9,-0.35397565041294365,95,shallow
LAT53.2_LON4.0,-0.34851522295861787,95,shallow
LAT53.2_LON4.1,-0.34776305150986886,95,shallow
LAT53.2_LON4.2,-0.3497793786076365,95,shallow
LAT53.2_LON4.3,-0.34784849452615996,95,shallow
LAT53.2_LON4.4,-0.34729724077797997,95,shallow
LAT53.2_LON4.5,-0.34477028049204583,95,shallow
LAT53.2_LON4.6,-0.3479823370211453,95,shallow
LAT53.2_LON4.7,-0.34793662728347363,95,shallow
LAT53.2_LON4.8,-0.3481492305933111,95,shallow
LAT53.2_LON4.9,-0.3487317248988367,95,shallow
LAT53.2_LON5.0,-0.3497726827595374,95,shallow
LAT53.2_LON5.1,-0.3453408025686823,95,shallow
LAT53.2_LON5.2,-0.3487610883169182,95,shallow
LAT53.2_LON5.3,-0.3479730262419371,95,shallow
LAT53.2_LON5.4,-0.3509847167800502,95,shallow
LAT53.2_LON5.5,-0.34635273059309923,95,shallow
LAT53.2_LON5.6,-0.34566540645411326,95,shallow
LAT53.2_LON5.7,-0.34740269945358576,95,shallow
LAT53.2_LON5.8,-0.3494991610858744,95,shallow
LAT53.2_LON6.3,-0.34963953773087747,95,shallow
LAT53.2_LON6.5,-0.35361990954218925,95,shallow
LAT53.2_LON6.6,-0.34576027531825543,95,shallow
LAT53.3_LON2.0,-0.34999878581798166,95,shallow
LAT53.3_LON2.1,-0.3470628298698033,95,shallow
LAT53.3_LON2.2,-0.3463019947386492,95,shallow
LAT53.3_LON2.3,-0.3438512830828748,95,shallow
LAT53.3_LON2.4,-0.34716649584722675,95,shallow
LAT53.3_LON2.5,-0.34733497789695567,95,shallow
LAT53.3_LON2.6,-0.34615639784697233,95,shallow
LAT53.3_LON2.7,-0.34756736602219446,95,shallow
LAT53.3_LON2.8,-0.34528084546594084,95,shallow
LAT53.3_LON2.9,-0.3512480570676508,95,shallow
LAT53.3_LON3.0,-0.3498261502609383,95,shallow
LAT53.3_LON3.1,-0.34841292426468023,95,shallow
LAT53.3_LON3.2,-0.34626035380277365,95,shallow
LAT53.3_LON3.3,-0.3468665255315437,95,shallow
LAT53.3_LON3.4,-0.3476632333870805,95,shallow
LAT53.3_LON3.5,-0.3456227389163541,95,shallow
LAT53.3_LON3.6,-0.34758260764698073,95,shallow
LAT53.3_LON3.7,-0.3441254077045599,95,shallow
LAT53.3_LON3.8,-0.35005676938277497,95,shallow
LAT53.3_LON3.9,-0.3513251419222506,95,shallow
LAT53.3_LON4.0,-0.34942508458171884,95,shallow
LAT53.3_LON4.1,-0.3483977493849036,95,shallow
LAT53.3_LON4.2,-0.3460223958328126,95,shallow
LAT53.3_LON4.3,-0.3488635283552348,95,shallow
LAT53.3_LON4.4,-0.3506726998247575,95,shallow
LAT53.3_LON4.5,-0.34575245938507193,95,shallow
LAT53.3_LON4.6,-0.34751679715415157,95,shallow
LAT53.3_LON4.7,-0.3480283849027645,95,shallow
LAT53.3_LON4.8,-0.3458302743284959,95,shallow
LAT53.3_LON4.9,-0.34558412697273877,95,shallow
LAT53.3_LON5.0,-0.3454512224263774,95,shallow
LAT53.3_LON5.1,-0.3443479676828691,95,shallow
LAT53.3_LON5.2,-0.3482080361262155,95,shallow
LAT53.3_LON5.3,-0.351695983651298,95,shallow
LAT53.3_LON5.4,-0.34795347369208174,95,shallow
LAT53.3_LON5.5,-0.34516516895275773,95,shallow
LAT53.3_LON5.6,-0.35028540816004483,95,shallow
LAT53.3_LON5.7,-0.3544323854786259,95,shallow
LAT53.3_LON5.8,-0.35089719471330105,95,shallow
LAT53.3_LON5.9,-0.348826537915628,95,shallow
LAT53.3_LON6.0,-0.35005966711141484,95,shallow
LAT53.3_LON6.1,-0.3458914370937798,95,shallow
LAT53.3_LON6.2,-0.34662300499845544,95,shallow
LAT53.3_LON6.3,-0.3433362990825602,95,shallow
LAT53.3_LON6.4,-0.349092386585504,95,shallow
LAT53.3_LON6.5,-0.34617616974462057,95,shallow
LAT53.3_LON6.7,-0.34747139375812786,95,shallow
LAT53.3_LON6.9,-0.34522890696673364,95,shallow
LAT53.3_LON7.0,-0.3457040464553423,95,shallow
LAT53.3_LON7.1,-0.3460053273672919,95,shallow
LAT53.3_LON7.2,-0.3505121847139335,95,shallow
LAT53.4_LON2.0,-0.34642184501064427,95,shallow
LAT53.4_LON2.1,-0.34662401936225934,95,shallow
LAT53.4_LON2.2,-0.3465143283516478,95,shallow
LAT53.4_LON2.3,-0.3495172427559651,95,shallow
LAT53.4_LON2.4,-0.343543203687225,95,shallow
LAT53.4_LON2.5,-0.34448425586155607,95,shallow
LAT53.4_LON2.6,-0.34640929248307795,95,shallow
LAT53.4_LON2.7,-0.3412783697234385,95,shallow
LAT53.4_LON2.8,-0.34423509453736745,95,shallow
LAT53.4_LON2.9,-0.3496612568143929,95,shallow
LAT53.4_LON3.0,-0.3476709904172238,95,shallow
LAT53.4_LON3.1,-0.34620585082169036,95,shallow
LAT53.4_LON3.2,-0.3413039979131878,95,shallow
LAT53.4_LON3.3,-0.34621729856950473,95,shallow
LAT53.4_LON3.4,-0.34553407996647373,95,shallow
LAT53.4_LON3.5,-0.346530025663087,95,shallow
LAT53.4_LON3.6,-0.34831419917143236,95,shallow
LAT53.4_LON3.7,-0.34824428445212147,95,shallow
LAT53.4_LON3.8,-0.3451385799849878,95,shallow
LAT53.4_LON3.9,-0.3506658506187872,95,shallow
LAT53.4_LON4.0,-0.3487632926162056,95,shallow
LAT53.4_LON4.1,-0.3466259098427545,95,shallow
LAT53.4_LON4.2,-0.3491831149334358,95,shallow
LAT53.4_LON4.3,-0.3458918898768274,95,shallow
LAT53.4_LON4.4,-0.34874080587334166,95,shallow
LAT53.4_LON4.5,-0.34787624216666235,95,shallow
LAT53.4_LON4.6,-0.3458264698455866,95,shallow
LAT53.4_LON4.7,-0.3480019632726842,95,shallow
LAT53.4_LON4.8,-0.34421119325337807,95,shallow
LAT53.4_LON4.9,-0.3455789648157705,95,shallow
LAT53.4_LON5.0,-0.3462000907537284,95,shallow
LAT53.4_LON5.1,-0.3454413863013542,95,shallow
LAT53.4_LON5.2,-0.3477277595370929,95,shallow
LAT53.4_LON5.3,-0.34843990451023876,95,shallow
LAT53.4_LON5.4,-0.34444936217435906,95,shallow
LAT53.4_LON5.5,-0.3457061697055305,95,shallow
LAT53.4_LON5.6,-0.34825793429017143,95,shallow
LAT53.4_LON5.7,-0.34815659498987706,95,shallow
LAT53.4_LON5.8,-0.34681960127388717,95,shallow
LAT53.4_LON5.9,-0.3462577940881097,95,shallow
LAT53.4_LON6.0,-0.34389798371506913,95,shallow
LAT53.4_LON6.1,-0.34782648726630766,95,shallow
LAT53.4_LON6.2,-0.34842629107657996,95,shallow
LAT53.4_LON6.3,-0.346366259709462,95,shallow
LAT53.4_LON6.4,-0.34635404397976366,95,shallow
LAT53.4_LON6.5,-0.34832161176330534,95,shallow
LAT53.4_LON6.8,-0.35019624093812585,95,shallow
LAT53.4_LON6.9,-0.34731945864179464,95,shallow
LAT53.4_LON7.0,-0.3485735662604001,95,shallow
LAT53.4_LON7.2,-0.3498443412591611,95,shallow
LAT53.5_LON2.0,-0.34823968881626566,95,shallow
LAT53.5_LON2.1,-0.3447450829149151,95,shallow
LAT53.5_LON2.2,-0.348214824867452,95,shallow
LAT53.5_LON2.3,-0.3459381710944958,95,shallow
LAT53.5_LON2.4,-0.34654646734821204,95,shallow
LAT53.5_LON2.5,-0.34983119350896974,95,shallow
LAT53.5_LON2.6,-0.33977572272996437,95,shallow
LAT53.5_LON2.7,-0.3429762387500633,95,shallow
LAT53.5_LON2.8,-0.34375136488659314,95,shallow
LAT53.5_LON2.9,-0.3420599862171462,95,shallow
LAT53.5_LON3.0,-0.34290370593129066,95,shallow
LAT53.5_LON3.1,-0.34903038020340493,95,shallow
LAT53.5_LON3.2,-0.3419643109872402,95,shallow
LAT53.5_LON3.3,-0.3466696788283617,95,shallow
LAT53.5_LON3.4,-0.3460197269715618,95,shallow
LAT53.5_LON3.5,-0.34212237119517086,95,shallow
LAT53.5_LON3.6,-0.346040913571168,95,shallow
LAT53.5_LON3.7,-0.3438577042313582,95,shallow
LAT53.5_LON3.8,-0.34362322294258707,95,shallow
LAT53.5_LON3.9,-0.34710413123031925,95,shallow
LAT53.5_LON4.0,-0.34685692267675305,95,shallow
LAT53.5_LON4.1,-0.34845611274732324,95,shallow
LAT53.5_LON4.2,-0.346983305654443,95,shallow
LAT53.5_LON4.3,-0.347325072058061,95,shallow
LAT53.5_LON4.4,-0.34778554396876116,95,shallow
LAT53.5_LON4.5,-0.35045693242146414,95,shallow
LAT53.5_LON4.6,-0.35300650491190133,95,shallow
LAT53.5_LON4.7,-0.34655255796113066,95,shallow
LAT53.5_LON4.8,-0.3505631836648681,95,shallow
LAT53.5_LON4.9,-0.34612203012520754,95,shallow
LAT53.5_LON5.0,-0.3473611054473263,95,shallow
LAT53.5_LON5.1,-0.3494662037806949,95,shallow
LAT53.5_LON5.2,-0.34680967348838826,95,shallow
LAT53.5_LON5.3,-0.34659032014874064,95,shallow
LAT53.5_LON5.4,-0.3486569005989602,95,shallow
LAT53.5_LON5.5,-0.34576364989283825,95,shallow
LAT53.5_LON5.6,-0.34746316426402024,95,shallow
LAT53.5_LON5.7,-0.3470803590507882,95,shallow
LAT53.5_LON5.8,-0.34608740338191035,95,shallow
LAT53.5_LON5.9,-0.34795622689303,95,shallow
LAT53.5_LON6.0,-0.3448740413124986,95,shallow
LAT53.5_LON6.1,-0.34707235593992974,95,shallow
LAT53.5_LON6.2,-0.3458849784120682,95,shallow
LAT53.5_LON6.3,-0.34313731695469807,95,shallow
LAT53.5_LON6.4,-0.3449692196893119,95,shallow
LAT53.5_LON6.5,-0.3488799167119129,95,shallow
LAT53.5_LON6.6,-0.34666243680722675,95,shallow
LAT53.5_LON6.7,-0.34787419968554556,95,shallow
LAT53.5_LON6.8,-0.34216556607669985,95,shallow
LAT53.5_LON6.9,-0.34738001329081747,95,shallow
LAT53.5_LON7.0,-0.34907306147098466,95,shallow
LAT53.5_LON7.1,-0.34722416306860227,95,shallow
LAT53.6_LON2.0,-0.344523573958749,95,shallow
LAT53.6_LON2.1,-0.34473300831613035,95,shallow
LAT53.6_LON2.2,-0.3491529415074902,95,shallow
LAT53.6_LON2.4,-0.3454033763802719,95,shallow
LAT53.6_LON2.5,-0.3503959051527958,95,shallow
LAT53.6_LON2.6,-0.34891377045261956,95,shallow
LAT53.6_LON2.7,-0.3429752699777363,95,shallow
LAT53.6_LON2.8,-0.3461215550989525,95,shallow
LAT53.6_LON2.9,-0.3454949757214052,95,shallow
LAT53.6_LON3.0,-0.34578821415988353,95,shallow
LAT53.6_LON3.1,-0.34354044799220185,95,shallow
LAT53.6_LON3.2,-0.35255994879132396,95,shallow
LAT53.6_LON3.3,-0.34421560006262625,95,shallow
LAT53.6_LON3.4,-0.344894317440049,95,shallow
LAT53.6_LON3.5,-0.3472975386793376,95,shallow
LAT53.6_LON3.6,-0.34375836100529783,95,shallow
LAT53.6_LON3.7,-0.3504355476684412,95,shallow
LAT53.6_LON3.8,-0.3488149526854678,95,shallow
LAT53.6_LON3.9,-0.3495087175683858,95,shallow
LAT53.6_LON4.0,-0.3485530400239379,95,shallow
LAT53.6_LON4.1,-0.3469770453034217,95,shallow
LAT53.6_LON4.2,-0.34670930360816654,95,shallow
LAT53.6_LON4.3,-0.34553818209131626,95,shallow
LAT53.6_LON4.4,-0.3481073908039533,95,shallow
LAT53.6_LON4.5,-0.3459501913182062,95,shallow
LAT53.6_LON4.6,-0.35219471242656847,95,shallow
LAT53.6_LON4.7,-0.3475762577025074,95,shallow
LAT53.6_LON4.8,-0.34811962689186826,95,shallow
LAT53.6_LON4.9,-0.3475436705229632,95,shallow
LAT53.6_LON5.0,-0.34438626561409574,95,shallow
LAT53.6_LON5.1,-0.3437214909054998,95,shallow
LAT53.6_LON5.2,-0.34678337212454596,95,shallow
LAT53.6_LON5.3,-0.3450534139972904,95,shallow
LAT53.6_LON5.5,-0.3479720908008986,95,shallow
LAT53.6_LON5.6,-0.3456335609317028,95,shallow
LAT53.6_LON5.7,-0.3514452927476636,95,shallow
LAT53.6_LON5.8,-0.34475467470155596,95,shallow
LAT53.6_LON5.9,-0.34884054635992756,95,shallow
LAT53.6_LON6.0,-0.3473229831128368,95,shallow
LAT53.6_LON6.1,-0.3490178431115296,95,shallow
LAT53.6_LON6.2,-0.34714448105264156,95,shallow
LAT53.6_LON6.3,-0.34835438599612734,95,shallow
LAT53.6_LON6.4,-0.3485945131767288,95,shallow
LAT53.6_LON6.5,-0.3471245685318329,95,shallow
LAT53.6_LON6.6,-0.34797174918595786,95,shallow
LAT53.6_LON6.7,-0.3493985618559518,95,shallow
LAT53.6_LON6.8,-0.34774487865248677,95,shallow
LAT53.6_LON6.9,-0.34404132959766276,95,shallow
LAT53.6_LON7.0,-0.3471701045073937,95,shallow
LAT53.6_LON7.1,-0.34659877213740875,95,shallow
LAT53.6_LON7.2,-0.34857630118355853,95,shallow
LAT53.7_LON2.0,-0.3466329086186923,95,shallow
LAT53.7_LON2.1,-0.3483183403088952,95,shallow
LAT53.7_LON2.2,-0.34901077293723676,95,shallow
LAT53.7_LON2.3,-0.3497200827522564,95,shallow
LAT53.7_LON2.4,-0.3467234326337305,95,shallow
LAT53.7_LON2.5,-0.3485626304911938,95,shallow
LAT53.7_LON2.6,-0.3452431845054844,95,shallow
LAT53.7_LON2.7,-0.3438769754215918,95,shallow
LAT53.7_LON2.8,-0.34608781823674617,95,shallow
LAT53.7_LON2.9,-0.3447326038375902,95,shallow
LAT53.7_LON3.0,-0.3438492995864816,95,shallow
LAT53.7_LON3.1,-0.3433180975688834,95,shallow
LAT53.7_LON3.2,-0.3452356845264173,95,shallow
LAT53.7_LON3.3,-0.34758207776523986,95,shallow
LAT53.7_LON3.4,-0.35034844271930443,95,shallow
LAT53.7_LON3.6,-0.3453974051907406,95,shallow
LAT53.7_LON3.7,-0.34633258143181017,95,shallow
LAT53.7_LON3.8,-0.3491726673684111,95,shallow
LAT53.7_LON3.9,-0.34683781398895625,95,shallow
LAT53.7_LON4.0,-0.348965493695303,95,shallow
LAT53.7_LON4.1,-0.34587960434204895,95,shallow
LAT53.7_LON4.2,-0.3496452585667821,95,shallow
LAT53.7_LON4.3,-0.35152226896970806,95,shallow
LAT53.7_LON4.4,-0.34540717212757927,95,shallow
LAT53.7_LON4.5,-0.34710565811455213,95,shallow
LAT53.7_LON4.6,-0.34746459882172137,95,shallow
LAT53.7_LON4.7,-0.34670298489145773,95,shallow
LAT53.7_LON4.8,-0.35150698886777043,95,shallow
LAT53.7_LON4.9,-0.34731994845167197,95,shallow
LAT53.7_LON5.0,-0.34673612772347995,95,shallow
LAT53.7_LON5.1,-0.3489898741906219,95,shallow
LAT53.7_LON5.2,-0.34644287094738235,95,shallow
LAT53.7_LON5.3,-0.35087262999624613,95,shallow
LAT53.7_LON5.4,-0.33681769642711423,95,shallow
LAT53.7_LON5.6,-0.3429465155518267,95,shallow
LAT53.7_LON5.9,-0.34761647266412854,95,shallow
LAT53.7_LON6.0,-0.34726731833578206,95,shallow
LAT53.7_LON6.1,-0.3465462886255591,95,shallow
LAT53.7_LON6.2,-0.34769394815911264,95,shallow
LAT53.7_LON6.3,-0.347995162946615,95,shallow
LAT53.7_LON6.4,-0.34810307698981136,95,shallow
LAT53.7_LON6.5,-0.3444312852322996,95,shallow
LAT53.7_LON6.6,-0.3483502236721029,95,shallow
LAT53.7_LON6.7,-0.3435429643177772,95,shallow
LAT53.7_LON6.8,-0.34628622546019067,95,shallow
LAT53.7_LON6.9,-0.345732725427397,95,shallow
LAT53.7_LON7.0,-0.34670086339144013,95,shallow
LAT53.7_LON7.1,-0.3481267868302091,95,shallow
LAT53.7_LON7.2,-0.347034375448969,95,shallow
LAT53.7_LON7.3,-0.3467685577549,95,shallow
LAT53.7_LON7.4,-0.3466242887714059,95,shallow
LAT53.7_LON7.5,-0.34692285887746066,95,shallow
LAT53.7_LON7.6,-0.34952291983965367,95,shallow
LAT53.7_LON7.7,-0.3447692342336408,95,shallow
LAT53.7_LON7.8,-0.3475241490919005,95,shallow
LAT53.7_LON7.9,-0.34808218502914484,95,shallow
LAT53.8_LON2.0,-0.34876671339660614,95,shallow
LAT53.8_LON2.1,-0.34870772123812294,95,shallow
LAT53.8_LON2.2,-0.3464572403131451,95,shallow
LAT53.8_LON2.3,-0.3486306194565951,95,shallow
LAT53.8_LON2.4,-0.3441607954851144,95,shallow
LAT53.8_LON2.5,-0.34855623206869746,95,shallow
LAT53.8_LON2.6,-0.3494055246419363,95,shallow
LAT53.8_LON2.7,-0.3470622879963104,95,shallow
LAT53.8_LON2.8,-0.34593201865660345,95,shallow
LAT53.8_LON2.9,-0.3479886310015608,95,shallow
LAT53.8_LON3.0,-0.3429641783119155,95,shallow
LAT53.8_LON3.1,-0.3479310830209392,95,shallow
LAT53.8_LON3.2,-0.34674028943494317,95,shallow
LAT53.8_LON3.3,-0.34375155516652217,95,shallow
LAT53.8_LON3.4,-0.341394163233635,95,shallow
LAT53.8_LON3.5,-0.3423670812466182,95,shallow
LAT53.8_LON3.6,-0.3429077253354042,95,shallow
LAT53.8_LON3.7,-0.34809499306758296,95,shallow
LAT53.8_LON3.9,-0.34196541131495356,95,shallow
LAT53.8_LON4.0,-0.34077269366292817,95,shallow
LAT53.8_LON4.1,-0.3513575467628478,95,shallow
LAT53.8_LON4.2,-0.34907345041656346,95,shallow
LAT53.8_LON4.3,-0.34999878581798166,95,shallow
LAT53.8_LON4.4,-0.34910429496488277,95,shallow
LAT53.8_LON4.5,-0.34410700776245123,95,shallow
LAT53.8_LON4.6,-0.3467485816381462,95,shallow
LAT53.8_LON4.7,-0.3492397191224161,95,shallow
LAT53.8_LON4.8,-0.34929506391467763,95,shallow
LAT53.8_LON4.9,-0.3479460794176703,95,shallow
LAT53.8_LON5.0,-0.34777277621748653,95,shallow
LAT53.8_LON5.1,-0.3453516715845579,95,shallow
LAT53.8_LON5.2,-0.35071142050393844,95,shallow
LAT53.8_LON5.3,-0.3482319232662497,95,shallow
LAT53.8_LON5.4,-0.346553642432963,95,shallow
LAT53.8_LON5.5,-0.34711304847395175,95,shallow
LAT53.8_LON5.6,-0.3429403581623929,95,shallow
LAT53.8_LON5.7,-0.3406679551182211,95,shallow
LAT53.8_LON5.8,-0.3426017441900551,95,shallow
LAT53.8_LON5.9,-0.34730832542686124,95,shallow
LAT53.8_LON6.0,-0.3450584520380164,95,shallow
LAT53.8_LON6.1,-0.34942155790425455,95,shallow
LAT53.8_LON6.2,-0.34561789410952054,95,shallow
LAT53.8_LON6.3,-0.3468747817949515,95,shallow
LAT53.8_LON6.4,-0.3453788662158618,95,shallow
LAT53.8_LON6.5,-0.3470914196989175,95,shallow
LAT53.8_LON6.6,-0.347383986577911,95,shallow
LAT53.8_LON6.7,-0.34924588227613335,95,shallow
LAT53.8_LON6.8,-0.3450139426277747,95,shallow
LAT53.8_LON6.9,-0.3445933193978754,95,shallow
LAT53.8_LON7.0,-0.34826416340747035,95,shallow
LAT53.8_LON7.1,-0.3482513026646846,95,shallow
LAT53.8_LON7.2,-0.34780523526655005,95,shallow
LAT53.8_LON7.3,-0.34633293048083497,95,shallow
LAT53.8_LON7.4,-0.34841065675780025,95,shallow
LAT53.8_LON7.5,-0.3463497461806375,95,shallow
LAT53.8_LON7.6,-0.3487966111067341,95,shallow
LAT53.8_LON7.7,-0.3470660785148931,95,shallow
LAT53.8_LON7.8,-0.34785539079926786,95,shallow
LAT53.8_LON7.9,-0.34822431061322634,95,shallow
LAT53.8_LON8.0,-0.34566173397825206,95,shallow
LAT53.9_LON2.1,-0.34963403932727044,95,shallow
LAT53.9_LON2.2,-0.3483329416218091,95,shallow
LAT53.9_LON2.3,-0.34862189156836665,95,shallow
LAT53.9_LON2.4,-0.3442579810593372,95,shallow
LAT53.9_LON2.5,-0.3451699091821414,95,shallow
LAT53.9_LON2.6,-0.34622525072308075,95,shallow
LAT53.9_LON2.7,-0.3464269144818381,95,shallow
LAT53.9_LON2.9,-0.3444352138823787,95,shallow
LAT53.9_LON3.0,-0.343925391601835,95,shallow
LAT53.9_LON3.1,-0.34666835103642263,95,shallow
LAT53.9_LON3.2,-0.34779941169159334,95,shallow
LAT53.9_LON3.3,-0.34754574742344485,95,shallow
LAT53.9_LON3.5,-0.3441495704689518,95,shallow
LAT53.9_LON3.6,-0.34769871893851473,95,shallow
LAT53.9_LON3.7,-0.3472160857604506,95,shallow
LAT53.9_LON3.9,-0.34666781040801725,95,shallow
LAT53.9_LON4.0,-0.3386699547965231,95,shallow
LAT53.9_LON4.1,-0.3454914733521378,95,shallow
LAT53.9_LON4.2,-0.3500319592097552,95,shallow
LAT53.9_LON4.3,-0.3485179456534846,95,shallow
LAT53.9_LON4.4,-0.3449958847537924,95,shallow
LAT53.9_LON4.5,-0.3491932524483068,95,shallow
LAT53.9_LON4.6,-0.351959825548096,95,shallow
LAT53.9_LON4.7,-0.3477261220370083,95,shallow
LAT53.9_LON4.8,-0.3474664978593309,95,shallow
LAT53.9_LON4.9,-0.3471400197706149,95,shallow
LAT53.9_LON5.0,-0.3467217305407007,95,shallow
LAT53.9_LON5.1,-0.3490543170666203,95,shallow
LAT53.9_LON5.2,-0.3505431574410858,95,shallow
LAT53.9_LON5.3,-0.3413591031035963,95,shallow
LAT53.9_LON5.4,-0.33885151732752294,95,shallow
LAT53.9_LON5.6,-0.3467927410733185,95,shallow
LAT53.9_LON5.7,-0.35393791455346274,95,shallow
LAT53.9_LON5.8,-0.3508718776689682,95,shallow
LAT53.9_LON5.9,-0.3484800969902481,95,shallow
LAT53.9_LON6.0,-0.34632026289005796,95,shallow
LAT53.9_LON6.1,-0.3464240915494642,95,shallow
LAT53.9_LON6.2,-0.34703413359984137,95,shallow
LAT53.9_LON6.3,-0.3479353170496838,95,shallow
LAT53.9_LON6.4,-0.34779005063931784,95,shallow
LAT53.9_LON6.5,-0.3489419804812863,95,shallow
LAT53.9_LON6.6,-0.3464063841624611,95,shallow
LAT53.9_LON6.7,-0.34378163056181876,95,shallow
LAT53.9_LON6.8,-0.35189302828511865,95,shallow
LAT53.9_LON6.9,-0.34543153676005645,95,shallow
LAT53.9_LON7.0,-0.34929541150723764,95,shallow
LAT53.9_LON7.1,-0.34864084783494764,95,shallow
LAT53.9_LON7.2,-0.3490136916765256,95,shallow
LAT53.9_LON7.3,-0.3491641594418131,95,shallow
LAT53.9_LON7.4,-0.3470677705788673,95,shallow
LAT53.9_LON7.5,-0.3457677969842199,95,shallow
LAT53.9_LON7.6,-0.34881998906520795,95,shallow
LAT53.9_LON7.7,-0.3490920159962276,95,shallow
LAT53.9_LON7.8,-0.3471950213749296,95,shallow
LAT53.9_LON7.9,-0.348046251113998,95,shallow
LAT53.9_LON8.0,-0.3471809928000393,95,shallow
LAT54.0_LON2.0,-0.34743275177186383,95,shallow
LAT54.0_LON2.1,-0.34755737308031937,95,shallow
LAT54.0_LON2.2,-0.3467779271920974,95,shallow
LAT54.0_LON2.3,-0.3481798158846915,95,shallow
LAT54.0_LON2.4,-0.34618335903518,95,shallow
LAT54.0_LON2.5,-0.3484765048180952,95,shallow
LAT54.0_LON2.6,-0.3463176462756969,95,shallow
LAT54.0_LON2.7,-0.3447031062592933,95,shallow
LAT54.0_LON2.8,-0.34856197834195923,95,shallow
LAT54.0_LON2.9,-0.3479831499168179,95,shallow
LAT54.0_LON3.0,-0.3464924251854143,95,shallow
LAT54.0_LON3.2,-0.34870322822761723,95,shallow
LAT54.0_LON3.3,-0.34214476368246777,95,shallow
LAT54.0_LON3.4,-0.3426685410355331,95,shallow
LAT54.0_LON3.6,-0.3438450536490694,95,shallow
LAT54.0_LON3.7,-0.3449196473699947,95,shallow
LAT54.0_LON3.8,-0.3453818638689293,95,shallow
LAT54.0_LON3.9,-0.3552458163516065,95,shallow
LAT54.0_LON4.0,-0.3408052931571559,95,shallow
LAT54.0_LON4.1,-0.34365330587520565,95,shallow
LAT54.0_LON4.2,-0.3437632264434542,95,shallow
LAT54.0_LON4.3,-0.34283614072759155,95,shallow
LAT54.0_LON4.4,-0.34379317304953494,95,shallow
LAT54.0_LON4.5,-0.34404226126448734,95,shallow
LAT54.0_LON4.6,-0.34873794141405356,95,shallow
LAT54.0_LON4.7,-0.3494750073031937,95,shallow
LAT54.0_LON4.8,-0.3442328307684039,95,shallow
LAT54.0_LON4.9,-0.35082273742561265,95,shallow
LAT54.0_LON5.0,-0.34655279947795975,95,shallow
LAT54.0_LON5.1,-0.3477173172404495,95,shallow
LAT54.0_LON5.2,-0.3487923447926917,95,shallow
LAT54.0_LON5.3,-0.3468452370256396,95,shallow
LAT54.0_LON5.4,-0.34745264912939067,95,shallow
LAT54.0_LON5.5,-0.34663355158019055,95,shallow
LAT54.0_LON5.6,-0.3454873677471179,95,shallow
LAT54.0_LON5.7,-0.34777609484507205,95,shallow
LAT54.0_LON5.8,-0.3453961779999135,95,shallow
LAT54.0_LON5.9,-0.3454611410615545,95,shallow
LAT54.0_LON6.0,-0.3477011154064088,95,shallow
LAT54.0_LON6.1,-0.34778979987534164,95,shallow
LAT54.0_LON6.2,-0.34953391324088184,95,shallow
LAT54.0_LON6.3,-0.34778913188280935,95,shallow
LAT54.0_LON6.4,-0.3492960366763757,95,shallow
LAT54.0_LON6.5,-0.33640728012233273,95,shallow
LAT54.0_LON6.6,-0.3375242315787137,95,shallow
LAT54.0_LON6.7,-0.34640272014255774,95,shallow
LAT54.0_LON6.8,-0.33843600000874907,95,shallow
LAT54.0_LON6.9,-0.3468040858970169,95,shallow
LAT54.0_LON7.0,-0.3468964964969658,95,shallow
LAT54.0_LON7.1,-0.34156491643147713,95,shallow
LAT54.0_LON7.2,-0.3472200760250867,95,shallow
LAT54.0_LON7.3,-0.34322005820091317,95,shallow
LAT54.0_LON7.4,-0.34948751926764066,95,shallow
LAT54.0_LON7.5,-0.3459486749548167,95,shallow
LAT54.0_LON7.6,-0.34557654404317273,95,shallow
LAT54.0_LON7.7,-0.34706763825375875,95,shallow
LAT54.0_LON7.9,-0.3478813133054584,95,shallow
LAT54.0_LON8.0,-0.34658587475042946,95,shallow
LAT54.1_LON2.0,-0.34468261945918804,95,shallow
LAT54.1_LON2.1,-0.34302177474020706,95,shallow
LAT54.1_LON2.2,-0.3451150204896905,95,shallow
LAT54.1_LON2.3,-0.34313172667018393,95,shallow
LAT54.1_LON2.4,-0.34470968972036165,95,shallow
LAT54.1_LON2.5,-0.347751382234377,95,shallow
LAT54.1_LON2.6,-0.3479433195590967,95,shallow
LAT54.1_LON2.7,-0.3461003450210898,95,shallow
LAT54.1_LON2.8,-0.349234554035299,95,shallow
LAT54.1_LON2.9,-0.3462399620192221,95,shallow
LAT54.1_LON3.0,-0.34026389020011616,95,shallow
LAT54.1_LON3.2,-0.3489662302143139,95,shallow
LAT54.1_LON3.4,-0.3452881493500242,95,shallow
LAT54.1_LON3.7,-0.3443877891277859,95,shallow
LAT54.1_LON3.8,-0.34421119325337807,95,shallow
LAT54.1_LON3.9,-0.3419564711450431,95,shallow
LAT54.1_LON4.1,-0.35067359570066176,95,shallow
LAT54.1_LON4.2,-0.34510914417902927,95,shallow
LAT54.1_LON4.3,-0.3383458572574208,95,shallow
LAT54.1_LON4.4,-0.34273092264484123,95,shallow
LAT54.1_LON4.5,-0.3517985253398384,95,shallow
LAT54.1_LON4.6,-0.3441720137875022,95,shallow
LAT54.1_LON4.7,-0.3502746634629237,95,shallow
LAT54.1_LON4.8,-0.34746041645914627,95,shallow
LAT54.1_LON4.9,-0.3497108134024257,95,shallow
LAT54.1_LON5.0,-0.34896935002473395,95,shallow
LAT54.1_LON5.1,-0.3455431102576801,95,shallow
LAT54.1_LON5.2,-0.347947359945381,95,shallow
LAT54.1_LON5.3,-0.3463435571984006,95,shallow
LAT54.1_LON5.4,-0.3462503924604576,95,shallow
LAT54.1_LON5.5,-0.34607041760261065,95,shallow
LAT54.1_LON5.6,-0.34103043765266217,95,shallow
LAT54.1_LON5.7,-0.34753935609813047,95,shallow
LAT54.1_LON5.8,-0.3464342926672239,95,shallow
LAT54.1_LON5.9,-0.3487530029265492,95,shallow
LAT54.1_LON6.0,-0.3484724713868736,95,shallow
LAT54.1_LON6.1,-0.3433973693813387,95,shallow
LAT54.1_LON6.2,-0.3485178412058792,95,shallow
LAT54.1_LON6.3,-0.344487375227275,95,shallow
LAT54.1_LON6.4,-0.34679524668756856,95,shallow
LAT54.1_LON6.5,-0.34297537580283727,95,shallow
LAT54.1_LON6.6,-0.34519300931730534,95,shallow
LAT54.1_LON6.7,-0.34742403714953973,95,shallow
LAT54.1_LON6.8,-0.34344668557246216,95,shallow
LAT54.1_LON6.9,-0.3475832464424923,95,shallow
LAT54.1_LON7.0,-0.34267621211604893,95,shallow
LAT54.1_LON7.1,-0.3446065278908383,95,shallow
LAT54.1_LON7.2,-0.34601164196920325,95,shallow
LAT54.1_LON7.3,-0.34587424331063427,95,shallow
LAT54.1_LON7.4,-0.3444099625401137,95,shallow
LAT54.1_LON7.5,-0.34773197793794486,95,shallow
LAT54.1_LON7.6,-0.34765916303161143,95,shallow
LAT54.1_LON7.7,-0.34648679210209943,95,shallow
LAT54.1_LON7.8,-0.3507600351679162,95,shallow
LAT54.1_LON7.9,-0.34788261589675107,95,shallow
LAT54.1_LON8.0,-0.3462683654278262,95,shallow
LAT54.2_LON2.0,-0.34513798933104906,95,shallow
LAT54.2_LON2.1,-0.34465758850657113,95,shallow
LAT54.2_LON2.2,-0.34688234804298373,95,shallow
LAT54.2_LON2.4,-0.3481267218115036,95,shallow
LAT54.2_LON2.5,-0.343171001553962,95,shallow
LAT54.2_LON2.6,-0.34495697780259044,95,shallow
LAT54.2_LON2.7,-0.34654938628642157,95,shallow
LAT54.2_LON2.8,-0.34497390191296295,95,shallow
LAT54.2_LON2.9,-0.3517500457446271,95,shallow
LAT54.2_LON3.0,-0.34329277040124084,95,shallow
LAT54.2_LON3.1,-0.33964595292530403,95,shallow
LAT54.2_LON3.3,-0.34903633330893996,95,shallow
LAT54.2_LON3.8,-0.3445020738020794,95,shallow
LAT54.2_LON3.9,-0.33869050734583733,95,shallow
LAT54.2_LON4.0,-0.3527102064446471,95,shallow
LAT54.2_LON4.1,-0.3440341202740161,95,shallow
LAT54.2_LON4.2,-0.34480475674769195,95,shallow
LAT54.2_LON4.3,-0.34906842437376456,95,shallow
LAT54.2_LON4.4,-0.3438969944563747,95,shallow
LAT54.2_LON4.5,-0.348266319648602,95,shallow
LAT54.2_LON4.6,-0.3492166196419733,95,shallow
LAT54.2_LON4.7,-0.34360952828684593,95,shallow
LAT54.2_LON4.8,-0.3476390776417518,95,shallow
LAT54.2_LON4.9,-0.345445406944225,95,shallow
LAT54.2_LON5.0,-0.3480831716382621,95,shallow
LAT54.2_LON5.1,-0.3385012500628322,95,shallow
LAT54.2_LON5.2,-0.34975568373238286,95,shallow
LAT54.2_LON5.3,-0.3515376376125884,95,shallow
LAT54.2_LON5.4,-0.34995318883695425,95,shallow
LAT54.2_LON5.5,-0.3437128417093718,95,shallow
LAT54.2_LON5.6,-0.34503526016791525,95,shallow
LAT54.2_LON5.7,-0.34869537858968314,95,shallow
LAT54.2_LON5.8,-0.3439627886043418,95,shallow
LAT54.2_LON5.9,-0.34595297116017537,95,shallow
LAT54.2_LON6.0,-0.34457357857897525,95,shallow
LAT54.2_LON6.1,-0.3444348940625045,95,shallow
LAT54.2_LON6.2,-0.3486444095816025,95,shallow
LAT54.2_LON6.3,-0.34522346621516026,95,shallow
LAT54.2_LON6.4,-0.34869733279961074,95,shallow
LAT54.2_LON6.5,-0.3454220197491012,95,shallow
LAT54.2_LON6.6,-0.34403676408896844,95,shallow
LAT54.2_LON6.7,-0.34635471401573803,95,shallow
LAT54.2_LON6.8,-0.34655826043702126,95,shallow
LAT54.2_LON6.9,-0.3459168388324715,95,shallow
LAT54.2_LON7.0,-0.34688074818770664,95,shallow
LAT54.2_LON7.1,-0.3477156761138796,95,shallow
LAT54.2_LON7.2,-0.348773356923526,95,shallow
LAT54.2_LON7.3,-0.34384739067983144,95,shallow
LAT54.2_LON7.4,-0.34492977039486655,95,shallow
LAT54.2_LON7.5,-0.34417345242167086,95,shallow
LAT54.2_LON7.6,-0.34786050838055677,95,shallow
LAT54.2_LON7.7,-0.3448671158987903,95,shallow
LAT54.2_LON7.8,-0.34795501588289524,95,shallow
LAT54.2_LON7.9,-0.35008779862990114,95,shallow
LAT54.2_LON8.0,-0.34469398254673456,95,shallow
LAT54.3_LON2.0,-0.34873135879686473,95,shallow
LAT54.3_LON2.1,-0.35376413511383353,95,shallow
LAT54.3_LON2.5,-0.350776632603805,95,shallow
LAT54.3_LON2.6,-0.342110423779106,95,shallow
LAT54.3_LON2.7,-0.3480159859447933,95,shallow
LAT54.3_LON2.8,-0.349655439097623,95,shallow
LAT54.3_LON2.9,-0.3403062096263391,95,shallow
LAT54.3_LON3.0,-0.3460053273672919,95,shallow
LAT54.3_LON3.1,-0.3463471341497062,95,shallow
LAT54.3_LON3.3,-0.349231327656564,95,shallow
LAT54.3_LON3.4,-0.3481267218115036,95,shallow
LAT54.3_LON3.5,-0.3444309117862891,95,shallow
LAT54.3_LON3.6,-0.3483589182596755,95,shallow
LAT54.3_LON3.8,-0.3416480930953081,95,shallow
LAT54.3_LON4.0,-0.34360695006401315,95,shallow
LAT54.3_LON4.1,-0.341316254777562,95,shallow
LAT54.3_LON4.2,-0.3464530100456781,95,shallow
LAT54.3_LON4.4,-0.34867863734940147,95,shallow
LAT54.3_LON4.5,-0.34348407185239765,95,shallow
LAT54.3_LON4.6,-0.34619537827193647,95,shallow
LAT54.3_LON4.7,-0.34593844961264597,95,shallow
LAT54.3_LON4.8,-0.34731459039321494,95,shallow
LAT54.3_LON4.9,-0.3469618660342089,95,shallow
LAT54.3_LON5.0,-0.3491734327879844,95,shallow
LAT54.3_LON5.1,-0.3474349833940987,95,shallow
LAT54.3_LON5.2,-0.349125917171407,95,shallow
LAT54.3_LON5.3,-0.34788145612401516,95,shallow
LAT54.3_LON5.4,-0.3474905036821483,95,shallow
LAT54.3_LON5.5,-0.34772005001337053,95,shallow
LAT54.3_LON5.6,-0.34593232977735383,95,shallow
LAT54.3_LON5.7,-0.3487199644158604,95,shallow
LAT54.3_LON5.8,-0.3472945188024765,95,shallow
LAT54.3_LON5.9,-0.3479820961252423,95,shallow
LAT54.3_LON6.0,-0.34723353617756025,95,shallow
LAT54.3_LON6.1,-0.3479886978215429,95,shallow
LAT54.3_LON6.2,-0.34512342456735146,95,shallow
LAT54.3_LON6.3,-0.3491652478899906,95,shallow
LAT54.3_LON6.4,-0.345602011733431,95,shallow
LAT54.3_LON6.5,-0.3483223496605585,95,shallow
LAT54.3_LON6.6,-0.34263138860306797,95,shallow
LAT54.3_LON6.7,-0.345788433081295,95,shallow
LAT54.3_LON6.8,-0.34870232939564305,95,shallow
LAT54.3_LON6.9,-0.34746459882172137,95,shallow
LAT54.3_LON7.0,-0.3441979759506095,95,shallow
LAT54.3_LON7.1,-0.340187553041258,95,shallow
LAT54.3_LON7.2,-0.3434642684004207,95,shallow
LAT54.3_LON7.3,-0.34168070387907656,95,shallow
LAT54.3_LON7.4,-0.346387218009954,95,shallow
LAT54.3_LON7.5,-0.3479718196927628,95,shallow
LAT54.3_LON7.6,-0.34671673339367254,95,shallow
LAT54.3_LON7.7,-0.34987828952645544,95,shallow
LAT54.3_LON7.8,-0.34731545001693437,95,shallow
LAT54.3_LON7.9,-0.35127132562849844,95,shallow
LAT54.3_LON8.0,-0.3507345012040484,95,shallow
LAT54.4_LON2.0,-0.3510450750353514,95,shallow
LAT54.4_LON2.1,-0.3484393142959143,95,shallow
LAT54.4_LON2.4,-0.34918322160171694,95,shallow
LAT54.4_LON2.5,-0.34851287024733824,95,shallow
LAT54.4_LON2.6,-0.346591510746429,95,shallow
LAT54.4_LON2.7,-0.35382257693477565,95,shallow
LAT54.4_LON2.9,-0.34306727680912225,95,shallow
LAT54.4_LON3.0,-0.34402259624646214,95,shallow
LAT54.4_LON3.1,-0.347475439403164,95,shallow
LAT54.4_LON3.2,-0.34638532709670145,95,shallow
LAT54.4_LON3.3,-0.34675661573719835,95,shallow
LAT54.4_LON3.5,-0.34842130976496594,95,shallow
LAT54.4_LON3.6,-0.3520481657936602,95,shallow
LAT54.4_LON3.7,-0.34210141045975384,95,shallow
LAT54.4_LON3.9,-0.3423926353867589,95,shallow
LAT54.4_LON4.1,-0.34697707630980174,95,shallow
LAT54.4_LON4.2,-0.34195220007025534,95,shallow
LAT54.4_LON4.5,-0.34325133111236145,95,shallow
LAT54.4_LON4.6,-0.3434929630197916,95,shallow
LAT54.4_LON4.7,-0.3380325843126444,95,shallow
LAT54.4_LON4.8,-0.3495551302534053,95,shallow
LAT54.4_LON4.9,-0.34608474864250854,95,shallow
LAT54.4_LON5.0,-0.34748173423431056,95,shallow
LAT54.4_LON5.1,-0.3478798581404151,95,shallow
LAT54.4_LON5.2,-0.34939426674929286,95,shallow
LAT54.4_LON5.3,-0.3492801450484607,95,shallow
LAT54.4_LON5.4,-0.3461423109186214,95,shallow
LAT54.4_LON5.5,-0.3474615436724901,95,shallow
LAT54.4_LON5.6,-0.3485350917755388,95,shallow
LAT54.4_LON5.7,-0.34788450460974096,95,shallow
LAT54.4_LON5.8,-0.3465241991481773,95,shallow
LAT54.4_LON5.9,-0.34826144842878726,95,shallow
LAT54.4_LON6.0,-0.34808117775312636,95,shallow
LAT54.4_LON6.1,-0.34909500333153803,95,shallow
LAT54.4_LON6.2,-0.3466123997754857,95,shallow
LAT54.4_LON6.3,-0.34641911827229804,95,shallow
LAT54.4_LON6.4,-0.34800785071765616,95,shallow
LAT54.4_LON6.5,-0.3374930977011267,95,shallow
LAT54.4_LON6.6,-0.3461106808025888,95,shallow
LAT54.4_LON6.7,-0.33769943556548765,95,shallow
LAT54.4_LON6.8,-0.34269143215999004,95,shallow
LAT54.4_LON6.9,-0.3477368088342763,95,shallow
LAT54.4_LON7.0,-0.3377424404509954,95,shallow
LAT54.4_LON7.1,-0.3457950880811911,95,shallow
LAT54.4_LON7.2,-0.35371433007997016,95,shallow
LAT54.4_LON7.3,-0.34710736754308535,95,shallow
LAT54.4_LON7.4,-0.34976642742662145,95,shallow
LAT54.4_LON7.5,-0.34657633527733755,95,shallow
LAT54.4_LON7.6,-0.34337315596686135,95,shallow
LAT54.4_LON7.7,-0.3461419839541562,95,shallow
LAT54.4_LON7.8,-0.3458658068346712,95,shallow
LAT54.4_LON7.9,-0.34769124447909705,95,shallow
LAT54.4_LON8.0,-0.35014433721038374,95,shallow
LAT54.5_LON2.0,-0.3520481657936602,95,shallow
LAT54.5_LON2.1,-0.350168067897878,95,shallow
LAT54.5_LON2.2,-0.34867964830134496,95,shallow
LAT54.5_LON2.3,-0.34688623190243933,95,shallow
LAT54.5_LON2.4,-0.3523480698312754,95,shallow
LAT54.5_LON2.5,-0.35081723829893074,95,shallow
LAT54.5_LON2.7,-0.3482308785565205,95,shallow
LAT54.5_LON2.8,-0.3499066317870323,95,shallow
LAT54.5_LON2.9,-0.34853246634708845,95,shallow
LAT54.5_LON3.1,-0.3471764533338382,95,shallow
LAT54.5_LON3.2,-0.34363106909689023,95,shallow
LAT54.5_LON3.6,-0.33778313968768614,95,shallow
LAT54.5_LON3.7,-0.33763986232757554,95,shallow
LAT54.5_LON4.1,-0.3453410560842599,95,shallow
LAT54.5_LON4.3,-0.34690292453822646,95,shallow
LAT54.5_LON4.4,-0.3422454492782324,95,shallow
LAT54.5_LON4.5,-0.3461817530020637,95,shallow
LAT54.5_LON4.6,-0.35092201748818436,95,shallow
LAT54.5_LON4.7,-0.35033378346948796,95,shallow
LAT54.5_LON4.8,-0.34612459049330935,95,shallow
LAT54.5_LON4.9,-0.34243615165682456,95,shallow
LAT54.5_LON5.0,-0.3508765990707319,95,shallow
LAT54.5_LON5.1,-0.3454514217367533,95,shallow
LAT54.5_LON5.2,-0.3468218390285887,95,shallow
LAT54.5_LON5.3,-0.3472177472275733,95,shallow
LAT54.5_LON5.4,-0.3475761610104911,95,shallow
LAT54.5_LON5.5,-0.34831880536557447,95,shallow
LAT54.5_LON5.6,-0.3466655997123094,95,shallow
LAT54.5_LON5.7,-0.34524055520253544,95,shallow
LAT54.5_LON5.8,-0.34853707532059314,95,shallow
LAT54.5_LON5.9,-0.34883246916482075,95,shallow
LAT54.5_LON6.0,-0.3456824852579199,95,shallow
LAT54.5_LON6.1,-0.348783975427171,95,shallow
LAT54.5_LON6.2,-0.34854109856505916,95,shallow
LAT54.5_LON6.3,-0.3459612288827446,95,shallow
LAT54.5_LON6.4,-0.3488069854772914,95,shallow
LAT54.5_LON6.5,-0.3440519963252097,95,shallow
LAT54.5_LON6.6,-0.34623446700919375,95,shallow
LAT54.5_LON6.7,-0.34476459755339334,95,shallow
LAT54.5_LON6.9,-0.34879362468842834,95,shallow
LAT54.5_LON7.0,-0.34619630690771813,95,shallow
LAT54.5_LON7.1,-0.34646783812156434,95,shallow
LAT54.5_LON7.2,-0.3448863375713466,95,shallow
LAT54.5_LON7.3,-0.34705943243427717,95,shallow
LAT54.5_LON7.4,-0.346527401443162,95,shallow
LAT54.5_LON7.5,-0.34544013136146307,95,shallow
LAT54.5_LON7.6,-0.34839913298996067,95,shallow
LAT54.5_LON7.7,-0.3370662956145749,95,shallow
LAT54.5_LON7.8,-0.34928434084317556,95,shallow
LAT54.5_LON7.9,-0.34805610065088827,95,shallow
LAT54.5_LON8.0,-0.34925491140199955,95,shallow
LAT54.6_LON2.2,-0.3454835033315539,95,shallow
LAT54.6_LON2.5,-0.3452992972234617,95,shallow
LAT54.6_LON2.6,-0.3468882264066162,95,shallow
LAT54.6_LON2.7,-0.3498346426158805,95,shallow
LAT54.6_LON2.8,-0.34394327082290194,95,shallow
LAT54.6_LON2.9,-0.3490009301944495,95,shallow
LAT54.6_LON3.0,-0.34765660295754763,95,shallow
LAT54.6_LON3.1,-0.3451720835669061,95,shallow
LAT54.6_LON3.2,-0.33748132672595604,95,shallow
LAT54.6_LON3.4,-0.3399841896629679,95,shallow
LAT54.6_LON3.5,-0.33843600000874907,95,shallow
LAT54.6_LON3.7,-0.3426347038757462,95,shallow
LAT54.6_LON3.8,-0.34485638639495614,95,shallow
LAT54.6_LON3.9,-0.34800910165544496,95,shallow
LAT54.6_LON4.0,-0.34524574928887775,95,shallow
LAT54.6_LON4.2,-0.34777141902110753,95,shallow
LAT54.6_LON4.3,-0.34677235587533994,95,shallow
LAT54.6_LON4.4,-0.34680965093930183,95,shallow
LAT54.6_LON4.5,-0.34547446027294837,95,shallow
LAT54.6_LON4.6,-0.346134170032551,95,shallow
LAT54.6_LON4.7,-0.343265370107301,95,shallow
LAT54.6_LON4.9,-0.34756015930833284,95,shallow
LAT54.6_LON5.0,-0.34477172627536323,95,shallow
LAT54.6_LON5.1,-0.3487604957005295,95,shallow
LAT54.6_LON5.3,-0.34318000518585173,95,shallow
LAT54.6_LON5.4,-0.34716388870900483,95,shallow
LAT54.6_LON5.5,-0.34663461420642405,95,shallow
LAT54.6_LON5.6,-0.34815519495093866,95,shallow
LAT54.6_LON5.7,-0.35016746840118185,95,shallow
LAT54.6_LON5.8,-0.3432186241351848,95,shallow
LAT54.6_LON5.9,-0.34759174705758167,95,shallow
LAT54.6_LON6.0,-0.3467223888218593,95,shallow
LAT54.6_LON6.1,-0.3426781277938777,95,shallow
LAT54.6_LON6.2,-0.3554403215887139,95,shallow
LAT54.6_LON6.3,-0.3488028539954627,95,shallow
LAT54.6_LON6.4,-0.3465253134330283,95,shallow
LAT54.6_LON6.5,-0.3453980898401842,95,shallow
LAT54.6_LON6.6,-0.3466530731534918,95,shallow
LAT54.6_LON6.7,-0.3435966749972449,95,shallow
LAT54.6_LON6.8,-0.3422796936081996,95,shallow
LAT54.6_LON6.9,-0.34539221373189555,95,shallow
LAT54.6_LON7.0,-0.3418834118468369,95,shallow
LAT54.6_LON7.1,-0.3464483326716121,95,shallow
LAT54.6_LON7.2,-0.34884074284463723,95,shallow
LAT54.6_LON7.3,-0.3463192524844703,95,shallow
LAT54.6_LON7.4,-0.3480447039861863,95,shallow
LAT54.6_LON7.5,-0.34842632894164544,95,shallow
LAT54.6_LON7.6,-0.3478479081902801,95,shallow
LAT54.6_LON7.7,-0.3502226622793463,95,shallow
LAT54.6_LON7.8,-0.34708229010011893,95,shallow
LAT54.6_LON7.9,-0.3471066635724095,95,shallow
LAT54.6_LON8.0,-0.348976145148356,95,shallow
LAT54.7_LON2.1,-0.3483203487109917,95,shallow
LAT54.7_LON2.2,-0.34339720102761456,95,shallow
LAT54.7_LON2.3,-0.35149218772870316,95,shallow
LAT54.7_LON2.4,-0.3518062142272976,95,shallow
LAT54.7_LON2.5,-0.35039870646837507,95,shallow
LAT54.7_LON2.6,-0.33674874389707615,95,shallow
LAT54.7_LON2.7,-0.3465011262689903,95,shallow
LAT54.7_LON2.9,-0.3482308785565205,95,shallow
LAT54.7_LON3.0,-0.3486809664718353,95,shallow
LAT54.7_LON3.1,-0.3488268820894862,95,shallow
LAT54.7_LON3.2,-0.3527969876244701,95,shallow
LAT54.7_LON3.3,-0.34907868974404,95,shallow
LAT54.7_LON3.4,-0.3386143445695999,95,shallow
LAT54.7_LON3.5,-0.3475999981473823,95,shallow
LAT54.7_LON3.6,-0.34826254081018837,95,shallow
LAT54.7_LON3.7,-0.34686541226437556,95,shallow
LAT54.7_LON3.8,-0.34330873434006265,95,shallow
LAT54.7_LON3.9,-0.3441203838043855,95,shallow
LAT54.7_LON4.0,-0.352631229390078,95,shallow
LAT54.7_LON4.1,-0.34284106522920965,95,shallow
LAT54.7_LON4.3,-0.34884034420175447,95,shallow
LAT54.7_LON4.4,-0.34486337905094955,95,shallow
LAT54.7_LON4.5,-0.3422931268763608,95,shallow
LAT54.7_LON4.6,-0.3489711499507268,95,shallow
LAT54.7_LON4.7,-0.3409388065865776,95,shallow
LAT54.7_LON4.8,-0.3464502312025898,95,shallow
LAT54.7_LON4.9,-0.34391196412595526,95,shallow
LAT54.7_LON5.0,-0.35371433007997016,95,shallow
LAT54.7_LON5.1,-0.3419945458659559,95,shallow
LAT54.7_LON5.2,-0.34555798598810133,95,shallow
LAT54.7_LON5.3,-0.34655739789747625,95,shallow
LAT54.7_LON5.4,-0.3489759846339698,95,shallow
LAT54.7_LON5.5,-0.3458265194652747,95,shallow
LAT54.7_LON5.6,-0.3434010020064415,95,shallow
LAT54.7_LON5.7,-0.3482886679359127,95,shallow
LAT54.7_LON5.8,-0.34875610608401825,95,shallow
LAT54.7_LON5.9,-0.34699496540962727,95,shallow
LAT54.7_LON6.0,-0.3447919747318514,95,shallow
LAT54.7_LON6.1,-0.3461435328754075,95,shallow
LAT54.7_LON6.2,-0.3471209229456514,95,shallow
LAT54.7_LON6.3,-0.3443834129877463,95,shallow
LAT54.7_LON6.4,-0.34385647251295826,95,shallow
LAT54.7_LON6.5,-0.3425351207080848,95,shallow
LAT54.7_LON6.6,-0.33988876105664617,95,shallow
LAT54.7_LON6.7,-0.34534885552590355,95,shallow
LAT54.7_LON6.8,-0.34021281561906286,95,shallow
LAT54.7_LON6.9,-0.3479013488669425,95,shallow
LAT54.7_LON7.0,-0.3475685044005463,95,shallow
LAT54.7_LON7.1,-0.34681904997387525,95,shallow
LAT54.7_LON7.2,-0.34665351073637973,95,shallow
LAT54.7_LON7.3,-0.349052403952734,95,shallow
LAT54.7_LON7.4,-0.3483932513331685,95,shallow
LAT54.7_LON7.5,-0.3440019252197106,95,shallow
LAT54.7_LON7.6,-0.34804651245250096,95,shallow
LAT54.7_LON7.7,-0.34934760883161514,95,shallow
LAT54.7_LON7.8,-0.34889038742500017,95,shallow
LAT54.7_LON7.9,-0.34731030291370174,95,shallow
LAT54.7_LON8.0,-0.34793845059041817,95,shallow
LAT54.8_LON2.0,-0.34900569259293424,95,shallow
LAT54.8_LON2.1,-0.3494494398114301,95,shallow
LAT54.8_LON2.2,-0.344853875536959,95,shallow
LAT54.8_LON2.3,-0.3454318356913778,95,shallow
LAT54.8_LON2.4,-0.34171665974273796,95,shallow
LAT54.8_LON2.5,-0.35005327452117546,95,shallow
LAT54.8_LON2.6,-0.35579855819987105,95,shallow
LAT54.8_LON2.7,-0.35027527917322676,95,shallow
LAT54.8_LON2.9,-0.34287209862368995,95,shallow
LAT54.8_LON3.1,-0.3450234844078312,95,shallow
LAT54.8_LON3.2,-0.3532425258979988,95,shallow
LAT54.8_LON3.3,-0.3483884263295981,95,shallow
LAT54.8_LON3.4,-0.3525223230573432,95,shallow
LAT54.8_LON3.5,-0.3460138794468746,95,shallow
LAT54.8_LON3.6,-0.3481282817564771,95,shallow
LAT54.8_LON3.7,-0.3485409072637021,95,shallow
LAT54.8_LON3.8,-0.34725296731248345,95,shallow
LAT54.8_LON3.9,-0.3401925420422329,95,shallow
LAT54.8_LON4.0,-0.3417371216514085,95,shallow
LAT54.8_LON4.1,-0.34822017097153457,95,shallow
LAT54.8_LON4.2,-0.3469212785620927,95,shallow
LAT54.8_LON4.3,-0.34465716825703263,95,shallow
LAT54.8_LON4.4,-0.3473595831385381,95,shallow
LAT54.8_LON4.5,-0.345419549208999,95,shallow
LAT54.8_LON4.6,-0.35226159352938013,95,shallow
LAT54.8_LON4.7,-0.34370610624709164,95,shallow
LAT54.8_LON4.9,-0.3438808672322058,95,shallow
LAT54.8_LON5.0,-0.3454692288838724,95,shallow
LAT54.8_LON5.2,-0.3452356845264173,95,shallow
LAT54.8_LON5.3,-0.3463593670568815,95,shallow
LAT54.8_LON5.4,-0.3458845374632917,95,shallow
LAT54.8_LON5.5,-0.34446441177897824,95,shallow
LAT54.8_LON5.6,-0.34745116877825877,95,shallow
LAT54.8_LON5.7,-0.3422212700353025,95,shallow
LAT54.8_LON5.8,-0.3506035970457698,95,shallow
LAT54.8_LON5.9,-0.349705003175983,95,shallow
LAT54.8_LON6.0,-0.3447098346608164,95,shallow
LAT54.8_LON6.1,-0.34588736593954417,95,shallow
LAT54.8_LON6.2,-0.3480670965635463,95,shallow
LAT54.8_LON6.3,-0.3460537235037572,95,shallow
LAT54.8_LON6.4,-0.34331468107720153,95,shallow
LAT54.8_LON6.5,-0.3434774455901849,95,shallow
LAT54.8_LON6.7,-0.34712535597849864,95,shallow
LAT54.8_LON6.8,-0.3480983103638145,95,shallow
LAT54.8_LON6.9,-0.34665024961576124,95,shallow
LAT54.8_LON7.0,-0.3474320604928493,95,shallow
LAT54.8_LON7.1,-0.3448908756412522,95,shallow
LAT54.8_LON7.2,-0.3456595097804365,95,shallow
LAT54.8_LON7.3,-0.34673055219572024,95,shallow
LAT54.8_LON7.4,-0.34995721345486747,95,shallow
LAT54.8_LON7.5,-0.3461537648233881,95,shallow
LAT54.8_LON7.6,-0.34872774076595836,95,shallow
LAT54.8_LON7.7,-0.34936046088604256,95,shallow
LAT54.8_LON7.8,-0.34762100537831925,95,shallow
LAT54.8_LON7.9,-0.3504999730556649,95,shallow
LAT54.8_LON8.0,-0.3524971748881137,95,shallow
LAT54.9_LON2.0,-0.34879362468842834,95,shallow
LAT54.9_LON2.1,-0.3532425258979988,95,shallow
LAT54.9_LON2.2,-0.35417915020564356,95,shallow
LAT54.9_LON2.3,-0.3453381078730108,95,shallow
LAT54.9_LON2.5,-0.3472355727434747,95,shallow
LAT54.9_LON2.6,-0.3471988516593481,95,shallow
LAT54.9_LON2.7,-0.33843600000874907,95,shallow
LAT54.9_LON2.8,-0.3478553549333381,95,shallow
LAT54.9_LON2.9,-0.3512919566679492,95,shallow
LAT54.9_LON3.0,-0.3465641179413563,95,shallow
LAT54.9_LON3.2,-0.3490473825005436,95,shallow
LAT54.9_LON3.4,-0.33750958793126196,95,shallow
LAT54.9_LON3.5,-0.3489029076112591,95,shallow
LAT54.9_LON3.7,-0.3463735345782305,95,shallow
LAT54.9_LON3.8,-0.3521108253450013,95,shallow
LAT54.9_LON3.9,-0.34368078788449685,95,shallow
LAT54.9_LON4.0,-0.3475466362109249,95,shallow
LAT54.9_LON4.1,-0.34162335087611556,95,shallow
LAT54.9_LON4.2,-0.3471237667984517,95,shallow
LAT54.9_LON4.3,-0.345225242851205,95,shallow
LAT54.9_LON4.4,-0.3431275453717181,95,shallow
LAT54.9_LON4.5,-0.3413687022633825,95,shallow
LAT54.9_LON4.6,-0.3461338495339905,95,shallow
LAT54.9_LON4.7,-0.34594427328901206,95,shallow
LAT54.9_LON4.8,-0.35090920228660716,95,shallow
LAT54.9_LON4.9,-0.34034739067578273,95,shallow
LAT54.9_LON5.0,-0.3414912075271199,95,shallow
LAT54.9_LON5.1,-0.3449224396094314,95,shallow
LAT54.9_LON5.3,-0.3432140755954118,95,shallow
LAT54.9_LON5.4,-0.34383579996197366,95,shallow
LAT54.9_LON5.6,-0.34838540438244625,95,shallow
LAT54.9_LON5.7,-0.3432962034695475,95,shallow
LAT54.9_LON5.8,-0.35099439761623313,95,shallow
LAT54.9_LON5.9,-0.3426653628296269,95,shallow
LAT54.9_LON6.1,-0.34848165916337964,95,shallow
LAT54.9_LON6.2,-0.3462267432240144,95,shallow
LAT54.9_LON6.3,-0.34352117440899194,95,shallow
LAT54.9_LON6.4,-0.34688300352189627,95,shallow
LAT54.9_LON6.5,-0.34944644590169904,95,shallow
LAT54.9_LON6.6,-0.34631537014809444,95,shallow
LAT54.9_LON6.7,-0.3476470429942812,95,shallow
LAT54.9_LON6.8,-0.34619628961979715,95,shallow
LAT54.9_LON6.9,-0.34722966597178667,95,shallow
LAT54.9_LON7.0,-0.34205229388838987,95,shallow
LAT54.9_LON7.1,-0.34916906554031585,95,shallow
LAT54.9_LON7.2,-0.3467926235011121,95,shallow
LAT54.9_LON7.3,-0.3374104997396306,95,shallow
LAT54.9_LON7.4,-0.33623583609505275,95,shallow
LAT54.9_LON7.5,-0.3459030316337161,95,shallow
LAT54.9_LON7.7,-0.33977866011031643,95,shallow
LAT54.9_LON7.8,-0.3480848630434741,95,shallow
LAT54.9_LON7.9,-0.3502488518494044,95,shallow
LAT54.9_LON8.0,-0.34748554269241233,95,shallow
LAT55.0_LON2.0,-0.3502772613547634,95,shallow
LAT55.0_LON2.1,-0.34313392886295796,95,shallow
LAT55.0_LON2.2,-0.34602526302174125,95,shallow
LAT55.0_LON2.3,-0.3494595311096795,95,shallow
LAT55.0_LON2.4,-0.341605230818499,95,shallow
LAT55.0_LON2.6,-0.34787137172430116,95,shallow
LAT55.0_LON2.7,-0.3490294129960428,95,shallow
LAT55.0_LON2.9,-0.3465825303807589,95,shallow
LAT55.0_LON3.0,-0.3498572289075067,95,shallow
LAT55.0_LON3.1,-0.3464919047115702,95,shallow
LAT55.0_LON3.2,-0.34999668508564374,95,shallow
LAT55.0_LON3.3,-0.3484536076176428,95,shallow
LAT55.0_LON3.5,-0.35336416892563827,95,shallow
LAT55.0_LON3.6,-0.3457001642627106,95,shallow
LAT55.0_LON3.8,-0.342577774228098,95,shallow
LAT55.0_LON3.9,-0.34481504821486025,95,shallow
LAT55.0_LON4.0,-0.35214299122452863,95,shallow
LAT55.0_LON4.1,-0.3527412629954995,95,shallow
LAT55.0_LON4.2,-0.3501293408491767,95,shallow
LAT55.0_LON4.3,-0.3443941458025351,95,shallow
LAT55.0_LON4.4,-0.3442969766875887,95,shallow
LAT55.0_LON4.5,-0.3421243864796999,95,shallow
LAT55.0_LON4.7,-0.34058046176936013,95,shallow
LAT55.0_LON4.8,-0.3469521223664076,95,shallow
LAT55.0_LON4.9,-0.34421119325337807,95,shallow
LAT55.0_LON5.0,-0.3464873813936624,95,shallow
LAT55.0_LON5.1,-0.3491547081972617,95,shallow
LAT55.0_LON5.2,-0.3462996790357238,95,shallow
LAT55.0_LON5.3,-0.340660719722557,95,shallow
LAT55.0_LON5.4,-0.3464194837985726,95,shallow
LAT55.0_LON5.5,-0.3432373102605685,95,shallow
LAT55.0_LON5.6,-0.3383704544892876,95,shallow
LAT55.0_LON5.7,-0.3442812556238066,95,shallow
LAT55.0_LON5.8,-0.3497142160689842,95,shallow
LAT55.0_LON5.9,-0.3443766983105226,95,shallow
LAT55.0_LON6.0,-0.34969397218772613,95,shallow
LAT55.0_LON6.1,-0.3474434952956298,95,shallow
LAT55.0_LON6.2,-0.34461462824748906,95,shallow
LAT55.0_LON6.3,-0.348108442330984,95,shallow
LAT55.0_LON6.4,-0.3505307618409063,95,shallow
LAT55.0_LON6.5,-0.3483588340193058,95,shallow
LAT55.0_LON6.6,-0.3480535906461503,95,shallow
LAT55.0_LON6.7,-0.3480415362057914,95,shallow
LAT55.0_LON6.8,-0.3523050136133615,95,shallow
LAT55.0_LON6.9,-0.3488381766581467,95,shallow
LAT55.0_LON7.0,-0.3489000400827381,95,shallow
LAT55.0_LON7.1,-0.3482023290065249,95,shallow
LAT55.0_LON7.2,-0.35001693778913,95,shallow
LAT55.0_LON7.3,-0.3488426180546497,95,shallow
LAT55.0_LON7.4,-0.3503510728485277,95,shallow
LAT55.0_LON7.5,-0.3442419965123887,95,shallow
LAT55.0_LON7.6,-0.3491399341006439,95,shallow
LAT55.0_LON7.7,-0.3488582150722442,95,shallow
LAT55.0_LON7.8,-0.3502505626099297,95,shallow
LAT55.0_LON7.9,-0.3505319498077389,95,shallow
LAT55.0_LON8.0,-0.3532425258979988,95,shallow
LAT55.1_LON2.0,-0.34873135879686473,95,shallow
LAT55.1_LON2.1,-0.34745264912939067,95,shallow
LAT55.1_LON2.2,-0.35393791455346274,95,shallow
LAT55.1_LON2.3,-0.34971261855237623,95,shallow
LAT55.1_LON2.4,-0.3460223958328126,95,shallow
LAT55.1_LON2.6,-0.35075924680405546,95,shallow
LAT55.1_LON2.7,-0.34479714867405803,95,shallow
LAT55.1_LON2.8,-0.3451414719331166,95,shallow
LAT55.1_LON2.9,-0.3527412629954995,95,shallow
LAT55.1_LON3.0,-0.3488204072176779,95,shallow
LAT55.1_LON3.1,-0.3473225008403377,95,shallow
LAT55.1_LON3.2,-0.3423977246861534,95,shallow
LAT55.1_LON3.3,-0.3386394393919582,95,shallow
LAT55.1_LON3.5,-0.34913978735033263,95,shallow
LAT55.1_LON3.6,-0.34451091589830085,95,shallow
LAT55.1_LON3.7,-0.3490774890786787,95,shallow
LAT55.1_LON3.8,-0.3484837270603709,95,shallow
LAT55.1_LON3.9,-0.3486146222964972,95,shallow
LAT55.1_LON4.0,-0.35229116908298713,95,shallow
LAT55.1_LON4.1,-0.35105864866350245,95,shallow
LAT55.1_LON4.2,-0.34642217857750496,95,shallow
LAT55.1_LON4.3,-0.3448818917710827,95,shallow
LAT55.1_LON4.4,-0.3473379491901343,95,shallow
LAT55.1_LON4.5,-0.348334219202802,95,shallow
LAT55.1_LON4.6,-0.3452924912220817,95,shallow
LAT55.1_LON4.7,-0.34747508110800984,95,shallow
LAT55.1_LON4.8,-0.3431255474025633,95,shallow
LAT55.1_LON4.9,-0.3470813285232377,95,shallow
LAT55.1_LON5.0,-0.33940828047263427,95,shallow
LAT55.1_LON5.1,-0.3410849064618834,95,shallow
LAT55.1_LON5.2,-0.34807383753257487,95,shallow
LAT55.1_LON5.3,-0.3513186460334667,95,shallow
LAT55.1_LON5.4,-0.35136295456241756,95,shallow
LAT55.1_LON5.5,-0.3442892119605009,95,shallow
LAT55.1_LON5.6,-0.34591987013087594,95,shallow
LAT55.1_LON5.7,-0.34413901820710296,95,shallow
LAT55.1_LON5.8,-0.34356338412727166,95,shallow
LAT55.1_LON5.9,-0.3424563233053313,95,shallow
LAT55.1_LON6.0,-0.3491535648565104,95,shallow
LAT55.1_LON6.1,-0.3467302454191342,95,shallow
LAT55.1_LON6.2,-0.34964034926688004,95,shallow
LAT55.1_LON6.3,-0.3501822100743167,95,shallow
LAT55.1_LON6.4,-0.34763329310863833,95,shallow
LAT55.1_LON6.5,-0.3464030695281898,95,shallow
LAT55.1_LON6.6,-0.34749797599686816,95,shallow
LAT55.1_LON6.7,-0.3443951065619173,95,shallow
LAT55.1_LON6.8,-0.34879362468842834,95,shallow
LAT55.1_LON6.9,-0.3484246732940876,95,shallow
LAT55.1_LON7.0,-0.3457094573734481,95,shallow
LAT55.1_LON7.1,-0.3489474001972665,95,shallow
LAT55.1_LON7.2,-0.34601109092766535,95,shallow
LAT55.1_LON7.3,-0.34938608240896835,95,shallow
LAT55.1_LON7.4,-0.34904615744096085,95,shallow
LAT55.1_LON7.5,-0.34567857701356486,95,shallow
LAT55.1_LON7.6,-0.3511033205502009,95,shallow
LAT55.1_LON7.7,-0.3464412389605134,95,shallow
LAT55.1_LON7.8,-0.3521906638507212,95,shallow
LAT55.1_LON7.9,-0.3455653081743356,95,shallow
LAT55.1_LON8.0,-0.34765373515091336,95,shallow
LAT55.2_LON2.1,-0.34602098299787043,95,shallow
LAT55.2_LON2.2,-0.3441068431220264,95,shallow
LAT55.2_LON2.6,-0.3521163611730036,95,shallow
LAT55.2_LON2.7,-0.35310324448391156,95,shallow
LAT55.2_LON2.8,-0.34836983724031473,95,shallow
LAT55.2_LON2.9,-0.34931085116319416,95,shallow
LAT55.2_LON3.0,-0.3493814565576545,95,shallow
LAT55.2_LON3.2,-0.34639724690184875,95,shallow
LAT55.2_LON3.3,-0.334046096235353,95,shallow
LAT55.2_LON3.4,-0.3459677971855375,95,shallow
LAT55.2_LON3.5,-0.3452080608318195,95,shallow
LAT55.2_LON3.6,-0.3458471737170293,95,shallow
LAT55.2_LON3.8,-0.34962008798643507,95,shallow
LAT55.2_LON3.9,-0.34622941466978313,95,shallow
LAT55.2_LON4.0,-0.3438301356838307,95,shallow
LAT55.2_LON4.1,-0.3501911078284299,95,shallow
LAT55.2_LON4.2,-0.34597123108949696,95,shallow
LAT55.2_LON4.3,-0.3440115083668027,95,shallow
LAT55.2_LON4.4,-0.35069483750360275,95,shallow
LAT55.2_LON4.5,-0.3490232006814267,95,shallow
LAT55.2_LON4.6,-0.3480328172855224,95,shallow
LAT55.2_LON4.7,-0.3446194540885937,95,shallow
LAT55.2_LON4.8,-0.34609462265036395,95,shallow
LAT55.2_LON4.9,-0.3460156109758116,95,shallow
LAT55.2_LON5.0,-0.345694618637631,95,shallow
LAT55.2_LON5.1,-0.34611108307489635,95,shallow
LAT55.2_LON5.2,-0.34690679572733996,95,shallow
LAT55.2_LON5.3,-0.3420330847823417,95,shallow
LAT55.2_LON5.4,-0.3478516578062556,95,shallow
LAT55.2_LON5.5,-0.34801276793801633,95,shallow
LAT55.2_LON5.7,-0.3475828166074264,95,shallow
LAT55.2_LON5.8,-0.34655693126694764,95,shallow
LAT55.2_LON5.9,-0.34914432727230144,95,shallow
LAT55.2_LON6.0,-0.34620088312390246,95,shallow
LAT55.2_LON6.1,-0.34711774649707267,95,shallow
LAT55.2_LON6.2,-0.34739157547248195,95,shallow
LAT55.2_LON6.3,-0.34784796043491406,95,shallow
LAT55.2_LON6.4,-0.3493209016690832,95,shallow
LAT55.2_LON6.5,-0.34954168644588,95,shallow
LAT55.2_LON6.6,-0.3507692332176682,95,shallow
LAT55.2_LON6.7,-0.3434492671452444,95,shallow
LAT55.2_LON6.8,-0.34400070307606545,95,shallow
LAT55.2_LON6.9,-0.34560910522376964,95,shallow
LAT55.2_LON7.0,-0.3476192130215988,95,shallow
LAT55.2_LON7.1,-0.34753805013635514,95,shallow
LAT55.2_LON7.2,-0.34555634720964934,95,shallow
LAT55.2_LON7.3,-0.35134683233416747,95,shallow
LAT55.2_LON7.4,-0.3486273062653501,95,shallow
LAT55.2_LON7.5,-0.35338867806517327,95,shallow
LAT55.2_LON7.6,-0.35024277417073807,95,shallow
LAT55.2_LON7.7,-0.34744959009025006,95,shallow
LAT55.2_LON7.8,-0.3449743136562937,95,shallow
LAT55.2_LON7.9,-0.3470790596161047,95,shallow
LAT55.2_LON8.0,-0.3468754215389399,95,shallow
LAT55.3_LON2.0,-0.34966690574142295,95,shallow
LAT55.3_LON2.1,-0.3458823553107334,95,shallow
LAT55.3_LON2.2,-0.3511377101378333,95,shallow
LAT55.3_LON2.3,-0.3508718776689682,95,shallow
LAT55.3_LON2.4,-0.34735524939832274,95,shallow
LAT55.3_LON2.5,-0.34636444744097494,95,shallow
LAT55.3_LON2.7,-0.3418800965367839,95,shallow
LAT55.3_LON2.9,-0.3472309220532062,95,shallow
LAT55.3_LON3.0,-0.35185850363412735,95,shallow
LAT55.3_LON3.1,-0.3511762879628175,95,shallow
LAT55.3_LON3.2,-0.3463050062955764,95,shallow
LAT55.3_LON3.3,-0.3493172564379471,95,shallow
LAT55.3_LON3.4,-0.3467805801905765,95,shallow
LAT55.3_LON3.5,-0.3416950945792098,95,shallow
LAT55.3_LON3.6,-0.3470231586950656,95,shallow
LAT55.3_LON3.7,-0.3438997318543503,95,shallow
LAT55.3_LON3.8,-0.34767452965046475,95,shallow
LAT55.3_LON3.9,-0.34706241812438526,95,shallow
LAT55.3_LON4.0,-0.3473336342489495,95,shallow
LAT55.3_LON4.1,-0.3464069671526476,95,shallow
LAT55.3_LON4.2,-0.3459087540486352,95,shallow
LAT55.3_LON4.3,-0.34634877127430325,95,shallow
LAT55.3_LON4.4,-0.34779389120084164,95,shallow
LAT55.3_LON4.5,-0.3462642892167295,95,shallow
LAT55.3_LON4.6,-0.34546006483003006,95,shallow
LAT55.3_LON4.7,-0.344415765496406,95,shallow
LAT55.3_LON4.8,-0.3484703331405914,95,shallow
LAT55.3_LON4.9,-0.3448070561227811,95,shallow
LAT55.3_LON5.0,-0.3478381759747166,95,shallow
LAT55.3_LON5.1,-0.34442325145862496,95,shallow
LAT55.3_LON5.2,-0.3462414593929875,95,shallow
LAT55.3_LON5.3,-0.34788950315716916,95,shallow
LAT55.3_LON5.4,-0.34271163383882347,95,shallow
LAT55.3_LON5.5,-0.35005716901123474,95,shallow
LAT55.3_LON5.6,-0.34553236779964847,95,shallow
LAT55.3_LON5.7,-0.3516429440654113,95,shallow
LAT55.3_LON5.8,-0.3443317783090864,95,shallow
LAT55.3_LON5.9,-0.34882063143427133,95,shallow
LAT55.3_LON6.0,-0.34756380305222395,95,shallow
LAT55.3_LON6.1,-0.3475696738676236,95,shallow
LAT55.3_LON6.2,-0.3473908237986206,95,shallow
LAT55.3_LON6.3,-0.3474529528125032,95,shallow
LAT55.3_LON6.4,-0.3496632517586666,95,shallow
LAT55.3_LON6.5,-0.3477134655611537,95,shallow
LAT55.3_LON6.6,-0.34243475132845347,95,shallow
LAT55.3_LON6.7,-0.34553705070715873,95,shallow
LAT55.3_LON6.8,-0.3447164597499068,95,shallow
LAT55.3_LON6.9,-0.3476322179166458,95,shallow
LAT55.3_LON7.0,-0.3447501062353633,95,shallow
LAT55.3_LON7.1,-0.35141350761888734,95,shallow
LAT55.3_LON7.2,-0.3540343939374535,95,shallow
LAT55.3_LON7.3,-0.34927609982835145,95,shallow
LAT55.3_LON7.4,-0.3462855641936214,95,shallow
LAT55.3_LON7.5,-0.35055192641912675,95,shallow
LAT55.3_LON7.6,-0.3469136611183937,95,shallow
LAT55.3_LON7.8,-0.34866639675934097,95,shallow
LAT55.3_LON7.9,-0.3454835033315539,95,shallow
LAT55.3_LON8.0,-0.34599604207873685,95,shallow
LAT55.4_LON2.0,-0.3508081087779784,95,shallow
LAT55.4_LON2.1,-0.34989428924354715,95,shallow
LAT55.4_LON2.2,-0.3496797902803821,95,shallow
LAT55.4_LON2.3,-0.3495026997253513,95,shallow
LAT55.4_LON2.4,-0.34879362468842834,95,shallow
LAT55.4_LON2.5,-0.3489898741906219,95,shallow
LAT55.4_LON2.6,-0.3480249962631558,95,shallow
LAT55.4_LON3.0,-0.35194190056352903,95,shallow
LAT55.4_LON3.1,-0.35290196943842617,95,shallow
LAT55.4_LON3.4,-0.3501958241513113,95,shallow
LAT55.4_LON3.5,-0.3490101116103892,95,shallow
LAT55.4_LON3.6,-0.3514538122782986,95,shallow
LAT55.4_LON3.7,-0.35022918841664646,95,shallow
LAT55.4_LON3.8,-0.34047987640244437,95,shallow
LAT55.4_LON3.9,-0.3484733919990889,95,shallow
LAT55.4_LON4.0,-0.34842035884527045,95,shallow
LAT55.4_LON4.1,-0.35073170556686584,95,shallow
LAT55.4_LON4.2,-0.34832226081770334,95,shallow
LAT55.4_LON4.3,-0.3476144775439166,95,shallow
LAT55.4_LON4.4,-0.35254846420396996,95,shallow
LAT55.4_LON4.5,-0.3477269063490715,95,shallow
LAT55.4_LON4.6,-0.34885143545940656,95,shallow
LAT55.4_LON4.7,-0.34650617502884673,95,shallow
LAT55.4_LON4.8,-0.3475418828162166,95,shallow
LAT55.4_LON4.9,-0.34805842942979054,95,shallow
LAT55.4_LON5.0,-0.34944797165049213,95,shallow
LAT55.4_LON5.1,-0.3477842437294447,95,shallow
LAT55.4_LON5.2,-0.3457863198656291,95,shallow
LAT55.4_LON5.3,-0.34597578179333116,95,shallow
LAT55.4_LON5.4,-0.3479488106380315,95,shallow
LAT55.4_LON5.5,-0.34905881529129806,95,shallow
LAT55.4_LON5.6,-0.34621765955366535,95,shallow
LAT55.4_LON5.7,-0.3464587830707557,95,shallow
LAT55.4_LON5.8,-0.3481823962031988,95,shallow
LAT55.4_LON5.9,-0.3495399712222351,95,shallow
LAT55.4_LON6.0,-0.34544275049584855,95,shallow
LAT55.4_LON6.1,-0.34656890288024766,95,shallow
LAT55.4_LON6.2,-0.34950695402192167,95,shallow
LAT55.4_LON6.3,-0.3458674026908454,95,shallow
LAT55.4_LON6.4,-0.3450052464815514,95,shallow
LAT55.4_LON6.5,-0.342849383481284,95,shallow
LAT55.4_LON6.6,-0.3502200917026109,95,shallow
LAT55.4_LON6.7,-0.34203324335386287,95,shallow
LAT55.4_LON6.8,-0.3438854227730786,95,shallow
LAT55.4_LON6.9,-0.3507397166512123,95,shallow
LAT55.4_LON7.0,-0.34682125204773123,95,shallow
LAT55.4_LON7.1,-0.3425407665519228,95,shallow
LAT55.4_LON7.2,-0.34704859264501803,95,shallow
LAT55.4_LON7.3,-0.3435637597416751,95,shallow
LAT55.4_LON7.4,-0.34619454657168136,95,shallow
LAT55.4_LON7.5,-0.34282533243874125,95,shallow
LAT55.4_LON7.6,-0.348678144371802,95,shallow
LAT55.4_LON7.7,-0.34814565113618745,95,shallow
LAT55.4_LON7.8,-0.34751229341221873,95,shallow
LAT55.4_LON7.9,-0.3484891650012014,95,shallow
LAT55.4_LON8.0,-0.34785077758698796,95,shallow
LAT55.5_LON2.2,-0.3484443457474695,95,shallow
LAT55.5_LON2.4,-0.349092386585504,95,shallow
LAT55.5_LON2.5,-0.3487435649171519,95,shallow
LAT55.5_LON2.6,-0.35139440357454477,95,shallow
LAT55.5_LON2.7,-0.3496528123192723,95,shallow
LAT55.5_LON2.8,-0.34931085116319416,95,shallow
LAT55.5_LON2.9,-0.3532694746299272,95,shallow
LAT55.5_LON3.1,-0.3492527152362823,95,shallow
LAT55.5_LON3.2,-0.3529472727421976,95,shallow
LAT55.5_LON3.3,-0.33698264603691347,95,shallow
LAT55.5_LON3.4,-0.35106161835220484,95,shallow
LAT55.5_LON3.5,-0.34496051999989263,95,shallow
LAT55.5_LON3.6,-0.3449965777017299,95,shallow
LAT55.5_LON3.7,-0.34829435401476566,95,shallow
LAT55.5_LON3.8,-0.3471975368824051,95,shallow
LAT55.5_LON3.9,-0.34728102974296626,95,shallow
LAT55.5_LON4.0,-0.3439587224484456,95,shallow
LAT55.5_LON4.1,-0.3483855881706859,95,shallow
LAT55.5_LON4.2,-0.3441241300469655,95,shallow
LAT55.5_LON4.3,-0.34771659500870494,95,shallow
LAT55.5_LON4.4,-0.3459759203179253,95,shallow
LAT55.5_LON4.5,-0.3477864447364472,95,shallow
LAT55.5_LON4.6,-0.3452141493528947,95,shallow
LAT55.5_LON4.7,-0.3453746862156608,95,shallow
LAT55.5_LON4.8,-0.3469640354395828,95,shallow
LAT55.5_LON4.9,-0.3479811267111329,95,shallow
LAT55.5_LON5.0,-0.3495237921978642,95,shallow
LAT55.5_LON5.1,-0.3490441510613377,95,shallow
LAT55.5_LON5.2,-0.3499066911143043,95,shallow
LAT55.5_LON5.3,-0.35130237857460056,95,shallow
LAT55.5_LON5.4,-0.3459752647776284,95,shallow
LAT55.5_LON5.5,-0.3466217117012978,95,shallow
LAT55.5_LON5.6,-0.3475487823331686,95,shallow
LAT55.5_LON5.7,-0.348425031980892,95,shallow
LAT55.5_LON5.8,-0.3464118874928478,95,shallow
LAT55.5_LON5.9,-0.3487513479582084,95,shallow
LAT55.5_LON6.0,-0.34767277608243147,95,shallow
LAT55.5_LON6.1,-0.3503030553218549,95,shallow
LAT55.5_LON6.2,-0.3482553295559359,95,shallow
LAT55.5_LON6.3,-0.35078633178353297,95,shallow
LAT55.5_LON6.4,-0.3446759394403942,95,shallow
LAT55.5_LON6.5,-0.350027319555543,95,shallow
LAT55.5_LON6.6,-0.3486872063249309,95,shallow
LAT55.5_LON6.7,-0.3427368202120878,95,shallow
LAT55.5_LON6.8,-0.3468937885332644,95,shallow
LAT55.5_LON6.9,-0.34891280822404525,95,shallow
LAT55.5_LON7.0,-0.3498604693104703,95,shallow
LAT55.5_LON7.1,-0.3449766666835963,95,shallow
LAT55.5_LON7.2,-0.34633890076632473,95,shallow
LAT55.5_LON7.3,-0.34042197671214924,95,shallow
LAT55.5_LON7.4,-0.35308156139349456,95,shallow
LAT55.5_LON7.5,-0.350349840460202,95,shallow
LAT55.5_LON7.6,-0.34360901337298255,95,shallow
LAT55.5_LON7.7,-0.3480996490735071,95,shallow
LAT55.5_LON7.8,-0.3446253484259956,95,shallow
LAT55.5_LON7.9,-0.34541204044669477,95,shallow
LAT55.5_LON8.0,-0.34873233863638153,95,shallow
LAT55.6_LON2.1,-0.3499778789382348,95,shallow
LAT55.6_LON2.3,-0.3443506431921186,95,shallow
LAT55.6_LON2.4,-0.3474678527929797,95,shallow
LAT55.6_LON2.5,-0.34793220219804855,95,shallow
LAT55.6_LON2.6,-0.3481625976555014,95,shallow
LAT55.6_LON2.7,-0.3488014199841664,95,shallow
LAT55.6_LON3.0,-0.34538435628739683,95,shallow
LAT55.6_LON3.1,-0.35376413511383353,95,shallow
LAT55.6_LON3.4,-0.3520481657936602,95,shallow
LAT55.6_LON3.5,-0.34679849725105827,95,shallow
LAT55.6_LON3.6,-0.3490843207763039,95,shallow
LAT55.6_LON3.7,-0.3464915055093386,95,shallow
LAT55.6_LON3.8,-0.35046013439566415,95,shallow
LAT55.6_LON3.9,-0.34819015435664197,95,shallow
LAT55.6_LON4.0,-0.3421505916990873,95,shallow
LAT55.6_LON4.1,-0.3488334247654448,95,shallow
LAT55.6_LON4.2,-0.34645265948849596,95,shallow
LAT55.6_LON4.3,-0.3461395561663831,95,shallow
LAT55.6_LON4.4,-0.35103284777844557,95,shallow
LAT55.6_LON4.5,-0.3462156844721219,95,shallow
LAT55.6_LON4.6,-0.34591722496584154,95,shallow
LAT55.6_LON4.7,-0.3483256655951905,95,shallow
LAT55.6_LON4.8,-0.34770467815075284,95,shallow
LAT55.6_LON4.9,-0.3471389652120407,95,shallow
LAT55.6_LON5.0,-0.34562801473656546,95,shallow
LAT55.6_LON5.1,-0.3469156832317496,95,shallow
LAT55.6_LON5.2,-0.34693468297401964,95,shallow
LAT55.6_LON5.3,-0.3459515348952131,95,shallow
LAT55.6_LON5.4,-0.3476461862421419,95,shallow
LAT55.6_LON5.5,-0.3486611999517623,95,shallow
LAT55.6_LON5.6,-0.3465593047073655,95,shallow
LAT55.6_LON5.7,-0.3480514832180571,95,shallow
LAT55.6_LON5.8,-0.34843871450305214,95,shallow
LAT55.6_LON5.9,-0.3475365408711761,95,shallow
LAT55.6_LON6.0,-0.3500089424939145,95,shallow
LAT55.6_LON6.1,-0.3470205625643163,95,shallow
LAT55.6_LON6.2,-0.34477378931593367,95,shallow
LAT55.6_LON6.3,-0.33739682502870677,95,shallow
LAT55.6_LON6.4,-0.3470173666081923,95,shallow
LAT55.6_LON6.5,-0.3458002939218069,95,shallow
LAT55.6_LON6.6,-0.34913226176691653,95,shallow
LAT55.6_LON6.7,-0.34681992135818135,95,shallow
LAT55.6_LON6.8,-0.34440383580761863,95,shallow
LAT55.6_LON6.9,-0.34928960208676835,95,shallow
LAT55.6_LON7.0,-0.34632047862422355,95,shallow
LAT55.6_LON7.1,-0.34293718590130107,95,shallow
LAT55.6_LON7.2,-0.348320402362032,95,shallow
LAT55.6_LON7.3,-0.3503541387559054,95,shallow
LAT55.6_LON7.4,-0.34745995760169834,95,shallow
LAT55.6_LON7.5,-0.3496668026218261,95,shallow
LAT55.6_LON7.6,-0.3471864627989424,95,shallow
LAT55.6_LON7.7,-0.34892075179647675,95,shallow
LAT55.6_LON7.8,-0.34908656177020986,95,shallow
LAT55.6_LON7.9,-0.3467723847189789,95,shallow
LAT55.6_LON8.0,-0.3476889453321153,95,shallow
LAT55.7_LON2.4,-0.3499973032263285,95,shallow
LAT55.7_LON2.5,-0.3456150293069999,95,shallow
LAT55.7_LON2.6,-0.34915391516196875,95,shallow
LAT55.7_LON2.7,-0.34871887746067826,95,shallow
LAT55.7_LON2.8,-0.3485321665368293,95,shallow
LAT55.7_LON2.9,-0.3474241331394495,95,shallow
LAT55.7_LON3.0,-0.3492721600531061,95,shallow
LAT55.7_LON3.1,-0.352468804046975,95,shallow
LAT55.7_LON3.2,-0.3533173219067587,95,shallow
LAT55.7_LON3.3,-0.3505489410066617,95,shallow
LAT55.7_LON3.4,-0.347585135946913,95,shallow
LAT55.7_LON3.5,-0.3508718776689682,95,shallow
LAT55.7_LON3.6,-0.3505599401128322,95,shallow
LAT55.7_LON3.7,-0.3497107375919404,95,shallow
LAT55.7_LON3.8,-0.34892630167649324,95,shallow
LAT55.7_LON3.9,-0.33887824484644613,95,shallow
LAT55.7_LON4.0,-0.3480547329777572,95,shallow
LAT55.7_LON4.1,-0.34801922174145544,95,shallow
LAT55.7_LON4.2,-0.344488546682949,95,shallow
LAT55.7_LON4.3,-0.34826044198292705,95,shallow
LAT55.7_LON4.4,-0.3489053657007137,95,shallow
LAT55.7_LON4.5,-0.3441818333353123,95,shallow
LAT55.7_LON4.6,-0.3497386908645298,95,shallow
LAT55.7_LON4.7,-0.3472521597414786,95,shallow
LAT55.7_LON4.8,-0.3449193237976216,95,shallow
LAT55.7_LON4.9,-0.3450676161573694,95,shallow
LAT55.7_LON5.0,-0.3486623591588355,95,shallow
LAT55.7_LON5.1,-0.3493757709479113,95,shallow
LAT55.7_LON5.2,-0.3477583750559695,95,shallow
LAT55.7_LON5.3,-0.3485037295575484,95,shallow
LAT55.7_LON5.4,-0.3487974733954408,95,shallow
LAT55.7_LON5.5,-0.3435482741535752,95,shallow
LAT55.7_LON5.6,-0.3503333946315859,95,shallow
LAT55.7_LON5.7,-0.3511071866490891,95,shallow
LAT55.7_LON5.8,-0.3444012946709833,95,shallow
LAT55.7_LON5.9,-0.3456576801885977,95,shallow
LAT55.7_LON6.0,-0.34940984602588676,95,shallow
LAT55.7_LON6.1,-0.34539366268280597,95,shallow
LAT55.7_LON6.2,-0.3454396309832591,95,shallow
LAT55.7_LON6.3,-0.34235266954468546,95,shallow
LAT55.7_LON6.4,-0.34732924002138155,95,shallow
LAT55.7_LON6.5,-0.34483028928493886,95,shallow
LAT55.7_LON6.6,-0.34686679928440967,95,shallow
LAT55.7_LON6.7,-0.34524502204428653,95,shallow
LAT55.7_LON6.8,-0.3373318887269303,95,shallow
LAT55.7_LON6.9,-0.3419341180610342,95,shallow
LAT55.7_LON7.0,-0.34826082901125616,95,shallow
LAT55.7_LON7.1,-0.3466650266620724,95,shallow
LAT55.7_LON7.2,-0.34612488068142533,95,shallow
LAT55.7_LON7.3,-0.35075588635755717,95,shallow
LAT55.7_LON7.4,-0.34953364759031097,95,shallow
LAT55.7_LON7.5,-0.349531957915186,95,shallow
LAT55.7_LON7.6,-0.34765021567118276,95,shallow
LAT55.7_LON7.7,-0.35003546408332203,95,shallow
LAT55.7_LON7.8,-0.34997180809565903,95,shallow
LAT55.7_LON7.9,-0.3477507465241979,95,shallow
LAT55.7_LON8.0,-0.3462713587116178,95,shallow
LAT55.8_LON2.7,-0.3493400766912683,95,shallow
LAT55.8_LON2.8,-0.3483468119441726,95,shallow
LAT55.8_LON2.9,-0.34879362468842834,95,shallow
LAT55.8_LON3.0,-0.35132117496491216,95,shallow
LAT55.8_LON3.1,-0.3452915281887178,95,shallow
LAT55.8_LON3.2,-0.3527377679630572,95,shallow
LAT55.8_LON3.3,-0.3476451810126995,95,shallow
LAT55.8_LON3.5,-0.34819015435664197,95,shallow
LAT55.8_LON3.7,-0.3531187295911433,95,shallow
LAT55.8_LON3.8,-0.3493299684253866,95,shallow
LAT55.8_LON3.9,-0.352014895239907,95,shallow
LAT55.8_LON4.1,-0.34809313004663994,95,shallow
LAT55.8_LON4.2,-0.34835792668548754,95,shallow
LAT55.8_LON4.3,-0.3515433986240842,95,shallow
LAT55.8_LON4.4,-0.3457191266106598,95,shallow
LAT55.8_LON4.5,-0.34295157168211166,95,shallow
LAT55.8_LON4.6,-0.3460736184178099,95,shallow
LAT55.8_LON4.7,-0.34884584643825833,95,shallow
LAT55.8_LON4.8,-0.3464994730343551,95,shallow
LAT55.8_LON4.9,-0.3485663493377437,95,shallow
LAT55.8_LON5.0,-0.34611409700884843,95,shallow
LAT55.8_LON5.1,-0.347636924620069,95,shallow
LAT55.8_LON5.2,-0.3483441935794618,95,shallow
LAT55.8_LON5.3,-0.34925984354859396,95,shallow
LAT55.8_LON5.4,-0.345243284179246,95,shallow
LAT55.8_LON5.5,-0.34404389811527836,95,shallow
LAT55.8_LON5.6,-0.3455256771436444,95,shallow
LAT55.8_LON5.7,-0.3452876033722412,95,shallow
LAT55.8_LON5.8,-0.3464487611152602,95,shallow
LAT55.8_LON5.9,-0.35032742550462603,95,shallow
LAT55.8_LON6.0,-0.34626100737040166,95,shallow
LAT55.8_LON6.1,-0.3461684106454624,95,shallow
LAT55.8_LON6.2,-0.3496968523448362,95,shallow
LAT55.8_LON6.3,-0.34490345656840854,95,shallow
LAT55.8_LON6.4,-0.3496606641329506,95,shallow
LAT55.8_LON6.5,-0.34916566052922265,95,shallow
LAT55.8_LON6.7,-0.3473277999547148,95,shallow
LAT55.8_LON6.8,-0.3499666028890942,95,shallow
LAT55.8_LON6.9,-0.3434099446601388,95,shallow
LAT55.8_LON7.0,-0.34771847892446917,95,shallow
LAT55.8_LON7.1,-0.34634872578591314,95,shallow
LAT55.8_LON7.2,-0.3494298476332101,95,shallow
LAT55.8_LON7.3,-0.3451036763775193,95,shallow
LAT55.8_LON7.4,-0.34931656004317935,95,shallow
LAT55.8_LON7.5,-0.3496209259559528,95,shallow
LAT55.8_LON7.6,-0.34795746728441107,95,shallow
LAT55.8_LON7.7,-0.3474922350907119,95,shallow
LAT55.8_LON7.8,-0.3480709436050222,95,shallow
LAT55.8_LON7.9,-0.3471297257868695,95,shallow
LAT55.8_LON8.0,-0.34425342548202054,95,shallow
LAT55.9_LON2.5,-0.34508047572185774,95,shallow
LAT55.9_LON2.9,-0.3445978945654609,95,shallow
LAT55.9_LON3.1,-0.3481722779831642,95,shallow
LAT55.9_LON3.2,-0.3500824167375293,95,shallow
LAT55.9_LON3.3,-0.3480448861116574,95,shallow
LAT55.9_LON3.6,-0.3531900988525163,95,shallow
LAT55.9_LON3.7,-0.3453883978076209,95,shallow
LAT55.9_LON3.8,-0.3513935570094867,95,shallow
LAT55.9_LON3.9,-0.3453363178311817,95,shallow
LAT55.9_LON4.0,-0.35084313463118844,95,shallow
LAT55.9_LON4.1,-0.3505309287350929,95,shallow
LAT55.9_LON4.2,-0.34916315107067813,95,shallow
LAT55.9_LON4.3,-0.3500932434524957,95,shallow
LAT55.9_LON4.4,-0.34456678619448255,95,shallow
LAT55.9_LON4.5,-0.3478754458138492,95,shallow
LAT55.9_LON4.6,-0.34615804069328665,95,shallow
LAT55.9_LON4.7,-0.347876087078182,95,shallow
LAT55.9_LON4.8,-0.3477779335709725,95,shallow
LAT55.9_LON4.9,-0.3466282265733756,95,shallow
LAT55.9_LON5.0,-0.34979322808377067,95,shallow
LAT55.9_LON5.1,-0.3459204082352754,95,shallow
LAT55.9_LON5.2,-0.34592210844754967,95,shallow
LAT55.9_LON5.3,-0.34704084382513284,95,shallow
LAT55.9_LON5.4,-0.3478578694795749,95,shallow
LAT55.9_LON5.5,-0.34728219139537575,95,shallow
LAT55.9_LON5.6,-0.3484204017679991,95,shallow
LAT55.9_LON5.7,-0.3453599455581274,95,shallow
LAT55.9_LON5.8,-0.3482018830634926,95,shallow
LAT55.9_LON5.9,-0.3497651421816527,95,shallow
LAT55.9_LON6.0,-0.3479461675895317,95,shallow
LAT55.9_LON6.1,-0.3485335359634858,95,shallow
LAT55.9_LON6.2,-0.34698327823246056,95,shallow
LAT55.9_LON6.3,-0.34753802126112354,95,shallow
LAT55.9_LON6.4,-0.34402918007062316,95,shallow
LAT55.9_LON6.5,-0.3467052915918092,95,shallow
LAT55.9_LON6.6,-0.3472485692012007,95,shallow
LAT55.9_LON6.7,-0.34699834807047103,95,shallow
LAT55.9_LON6.8,-0.34976284610149655,95,shallow
LAT55.9_LON6.9,-0.3446167676283803,95,shallow
LAT55.9_LON7.0,-0.3442235617864263,95,shallow
LAT55.9_LON7.1,-0.3489976395127181,95,shallow
LAT55.9_LON7.2,-0.3475205793227981,95,shallow
LAT55.9_LON7.3,-0.3465797346295006,95,shallow
LAT55.9_LON7.4,-0.3458473428936686,95,shallow
LAT55.9_LON7.5,-0.348898143017608,95,shallow
LAT55.9_LON7.6,-0.350845177517704,95,shallow
LAT55.9_LON7.7,-0.34756986525454026,95,shallow
LAT55.9_LON7.8,-0.3506704141632528,95,shallow
LAT55.9_LON7.9,-0.3474664978593309,95,shallow
LAT55.9_LON8.0,-0.3460602389937595,95,shallow
LAT56.0_LON2.6,-0.34451867337468,95,shallow
LAT56.0_LON2.7,-0.3491903755847196,95,shallow
LAT56.0_LON2.9,-0.3451720835669061,95,shallow
LAT56.0_LON3.0,-0.35253297281424195,95,shallow
LAT56.0_LON3.1,-0.34323852399192445,95,shallow
LAT56.0_LON3.2,-0.3488903421739447,95,shallow
LAT56.0_LON3.3,-0.3484256520146337,95,shallow
LAT56.0_LON3.4,-0.3490171777133332,95,shallow
LAT56.0_LON3.5,-0.3516094522143721,95,shallow
LAT56.0_LON3.7,-0.3494134297055721,95,shallow
LAT56.0_LON3.8,-0.3502772613547634,95,shallow
LAT56.0_LON3.9,-0.34826254081018837,95,shallow
LAT56.0_LON4.0,-0.35172055732628205,95,shallow
LAT56.0_LON4.1,-0.34308134678952923,95,shallow
LAT56.0_LON4.2,-0.3508803281366939,95,shallow
LAT56.0_LON4.3,-0.3472759236333415,95,shallow
LAT56.0_LON4.4,-0.3458912428287763,95,shallow
LAT56.0_LON4.5,-0.3461782256116746,95,shallow
LAT56.0_LON4.6,-0.34512770678437105,95,shallow
LAT56.0_LON4.7,-0.34780067221442296,95,shallow
LAT56.0_LON4.8,-0.3457739165893246,95,shallow
LAT56.0_LON4.9,-0.34615606114833314,95,shallow
LAT56.0_LON5.0,-0.346694463010418,95,shallow
LAT56.0_LON5.1,-0.34822196530525307,95,shallow
LAT56.0_LON5.2,-0.34605710538358514,95,shallow
LAT56.0_LON5.3,-0.3472153798689336,95,shallow
LAT56.0_LON5.4,-0.34967772385092066,95,shallow
LAT56.0_LON5.5,-0.350743242743425,95,shallow
LAT56.0_LON5.6,-0.34588827999788313,95,shallow
LAT56.0_LON5.7,-0.34606842025660395,95,shallow
LAT56.0_LON5.8,-0.34925514744976527,95,shallow
LAT56.0_LON5.9,-0.34516204252605825,95,shallow
LAT56.0_LON6.0,-0.3516955977995441,95,shallow
LAT56.0_LON6.1,-0.34695774933055873,95,shallow
LAT56.0_LON6.2,-0.35037158895221465,95,shallow
LAT56.0_LON6.3,-0.3478939411379473,95,shallow
LAT56.0_LON6.4,-0.34370233929149296,95,shallow
LAT56.0_LON6.5,-0.3450619460480017,95,shallow
LAT56.0_LON6.6,-0.3482399118716186,95,shallow
LAT56.0_LON6.7,-0.3454193346932184,95,shallow
LAT56.0_LON6.8,-0.34535040364771524,95,shallow
LAT56.0_LON6.9,-0.3485985898850972,95,shallow
LAT56.0_LON7.0,-0.3456779830529461,95,shallow
LAT56.0_LON7.1,-0.3452879552623562,95,shallow
LAT56.0_LON7.2,-0.34178328542998665,95,shallow
LAT56.0_LON7.3,-0.3443236057289559,95,shallow
LAT56.0_LON7.4,-0.3527954939891091,95,shallow
LAT56.0_LON7.5,-0.3423831898962077,95,shallow
LAT56.0_LON7.6,-0.3475598634938981,95,shallow
LAT56.0_LON7.7,-0.3466648009116969,95,shallow
LAT56.0_LON7.8,-0.3470170541174849,95,shallow
LAT56.0_LON7.9,-0.3483105425972928,95,shallow
LAT56.1_LON2.4,-0.3486809664718353,95,shallow
LAT56.1_LON2.5,-0.34819015435664197,95,shallow
LAT56.1_LON2.6,-0.345173387134619,95,shallow
LAT56.1_LON3.0,-0.3464807001837026,95,shallow
LAT56.1_LON3.1,-0.3485784677666435,95,shallow
LAT56.1_LON3.2,-0.34706821741690436,95,shallow
LAT56.1_LON3.3,-0.34747937479369884,95,shallow
LAT56.1_LON3.5,-0.34689838193667544,95,shallow
LAT56.1_LON3.6,-0.35315701613281225,95,shallow
LAT56.1_LON3.8,-0.3340486547696127,95,shallow
LAT56.1_LON3.9,-0.34881013542991335,95,shallow
LAT56.1_LON4.2,-0.3480459549764808,95,shallow
LAT56.1_LON4.3,-0.3527377679630572,95,shallow
LAT56.1_LON4.4,-0.35019399694761755,95,shallow
LAT56.1_LON4.5,-0.34589675273197984,95,shallow
LAT56.1_LON4.6,-0.3436413000339607,95,shallow
LAT56.1_LON4.7,-0.35007581774517693,95,shallow
LAT56.1_LON4.8,-0.3460771693975977,95,shallow
LAT56.1_LON4.9,-0.343627723260548,95,shallow
LAT56.1_LON5.0,-0.34569414458790515,95,shallow
LAT56.1_LON5.1,-0.34314154606139924,95,shallow
LAT56.1_LON5.2,-0.3463505300224505,95,shallow
LAT56.1_LON5.3,-0.3494794019591992,95,shallow
LAT56.1_LON5.4,-0.34451308169436073,95,shallow
LAT56.1_LON5.5,-0.34724106176126107,95,shallow
LAT56.1_LON5.6,-0.34435468917765943,95,shallow
LAT56.1_LON5.7,-0.34728984112665556,95,shallow
LAT56.1_LON5.8,-0.34626952303736236,95,shallow
LAT56.1_LON5.9,-0.3453058717455624,95,shallow
LAT56.1_LON6.0,-0.345390832571725,95,shallow
LAT56.1_LON6.1,-0.3464378738321609,95,shallow
LAT56.1_LON6.2,-0.34555855343546504,95,shallow
LAT56.1_LON6.3,-0.3489073770701273,95,shallow
LAT56.1_LON6.5,-0.3465016929375347,95,shallow
LAT56.1_LON6.6,-0.3500557463077928,95,shallow
LAT56.1_LON6.7,-0.3454959320446341,95,shallow
LAT56.1_LON6.8,-0.3470940613945273,95,shallow
LAT56.1_LON6.9,-0.3481898341678415,95,shallow
LAT56.1_LON7.0,-0.3445409244047606,95,shallow
LAT56.1_LON7.1,-0.34673448868418233,95,shallow
LAT56.1_LON7.2,-0.34609359399514295,95,shallow
LAT56.1_LON7.3,-0.3448848809355502,95,shallow
LAT56.1_LON7.4,-0.345482461961959,95,shallow
LAT56.1_LON7.5,-0.34395160873780434,95,shallow
LAT56.1_LON7.6,-0.3470258280744179,95,shallow
LAT56.1_LON7.7,-0.3493020852932255,95,shallow
LAT56.1_LON7.8,-0.34487049793103747,95,shallow
LAT56.1_LON7.9,-0.3491882495627343,95,shallow
LAT56.1_LON8.0,-0.3500214005562895,95,shallow
LAT56.2_LON2.3,-0.34318000518585173,95,shallow
LAT56.2_LON2.5,-0.3464170499844981,95,shallow
LAT56.2_LON2.7,-0.34798846843787157,95,shallow
LAT56.2_LON3.0,-0.35107025681545123,95,shallow
LAT56.2_LON3.1,-0.3472047383066281,95,shallow
LAT56.2_LON3.2,-0.34619929210368905,95,shallow
LAT56.2_LON3.3,-0.34370322433706546,95,shallow
LAT56.2_LON3.4,-0.35013097011258126,95,shallow
LAT56.2_LON3.5,-0.3494622746767943,95,shallow
LAT56.2_LON3.6,-0.34917025014223,95,shallow
LAT56.2_LON3.7,-0.3478649598646988,95,shallow
LAT56.2_LON3.8,-0.3493779074223744,95,shallow
LAT56.2_LON3.9,-0.3458091629721037,95,shallow
LAT56.2_LON4.0,-0.3476636498411972,95,shallow
LAT56.2_LON4.1,-0.3510973728554351,95,shallow
LAT56.2_LON4.2,-0.3500664457458162,95,shallow
LAT56.2_LON4.3,-0.34819015435664197,95,shallow
LAT56.2_LON4.4,-0.3516496013473742,95,shallow
LAT56.2_LON4.5,-0.3461642581424152,95,shallow
LAT56.2_LON4.6,-0.34257229446200405,95,shallow
LAT56.2_LON4.7,-0.3498747061899495,95,shallow
LAT56.2_LON4.8,-0.34455792753720993,95,shallow
LAT56.2_LON4.9,-0.34466381695333403,95,shallow
LAT56.2_LON5.0,-0.34458724941381963,95,shallow
LAT56.2_LON5.1,-0.3444301286866354,95,shallow
LAT56.2_LON5.2,-0.34910933435281066,95,shallow
LAT56.2_LON5.3,-0.34830298411194216,95,shallow
LAT56.2_LON5.4,-0.3467913706866759,95,shallow
LAT56.2_LON5.5,-0.34769705693507974,95,shallow
LAT56.2_LON5.6,-0.34427121287470713,95,shallow
LAT56.2_LON5.7,-0.34725761231437985,95,shallow
LAT56.2_LON5.8,-0.34687825624438295,95,shallow
LAT56.2_LON5.9,-0.3493850739962892,95,shallow
LAT56.2_LON6.0,-0.3468067778403919,95,shallow
LAT56.2_LON6.1,-0.3455963825691794,95,shallow
LAT56.2_LON6.2,-0.3469855270842201,95,shallow
LAT56.2_LON6.3,-0.352107828820651,95,shallow
LAT56.2_LON6.4,-0.3468030443500658,95,shallow
LAT56.2_LON6.5,-0.34658500922480057,95,shallow
LAT56.2_LON6.6,-0.3464361713388976,95,shallow
LAT56.2_LON6.7,-0.3482980066198648,95,shallow
LAT56.2_LON6.8,-0.3445730444064441,95,shallow
LAT56.2_LON6.9,-0.34326826345469397,95,shallow
LAT56.2_LON7.0,-0.34589543048827426,95,shallow
LAT56.2_LON7.1,-0.34600059414932993,95,shallow
LAT56.2_LON7.2,-0.3476177905842984,95,shallow
LAT56.2_LON7.3,-0.34573062170004687,95,shallow
LAT56.2_LON7.4,-0.34773355828501684,95,shallow
LAT56.2_LON7.5,-0.3473715904114951,95,shallow
LAT56.2_LON7.6,-0.3470052130512511,95,shallow
LAT56.2_LON7.7,-0.3434991285644985,95,shallow
LAT56.2_LON7.8,-0.3441587068889949,95,shallow
LAT56.2_LON7.9,-0.34806955240199927,95,shallow
LAT56.3_LON2.1,-0.35288665182572276,95,shallow
LAT56.3_LON2.2,-0.3443404085116067,95,shallow
LAT56.3_LON2.3,-0.3496734177831686,95,shallow
LAT56.3_LON2.4,-0.3487912956235922,95,shallow
LAT56.3_LON2.5,-0.3472085667692494,95,shallow
LAT56.3_LON2.6,-0.3464335662679125,95,shallow
LAT56.3_LON2.7,-0.34857316523021603,95,shallow
LAT56.3_LON2.8,-0.3438231357844425,95,shallow
LAT56.3_LON2.9,-0.35006116632279594,95,shallow
LAT56.3_LON3.0,-0.34819296835078833,95,shallow
LAT56.3_LON3.1,-0.3397791744453429,95,shallow
LAT56.3_LON3.2,-0.3431550460991033,95,shallow
LAT56.3_LON3.3,-0.3493976694692473,95,shallow
LAT56.3_LON3.4,-0.34864643963290104,95,shallow
LAT56.3_LON3.5,-0.34664219899127396,95,shallow
LAT56.3_LON3.6,-0.3431719009390686,95,shallow
LAT56.3_LON3.7,-0.34819015435664197,95,shallow
LAT56.3_LON3.9,-0.34805722472395095,95,shallow
LAT56.3_LON4.0,-0.34962284704296986,95,shallow
LAT56.3_LON4.1,-0.34629250240286935,95,shallow
LAT56.3_LON4.2,-0.3450873384269424,95,shallow
LAT56.3_LON4.3,-0.3451513120042348,95,shallow
LAT56.3_LON4.4,-0.34562186903580966,95,shallow
LAT56.3_LON4.5,-0.3481784114958451,95,shallow
LAT56.3_LON4.6,-0.3438007928288122,95,shallow
LAT56.3_LON4.7,-0.3439546513288462,95,shallow
LAT56.3_LON4.8,-0.35011053857333635,95,shallow
LAT56.3_LON4.9,-0.34602448453529205,95,shallow
LAT56.3_LON5.0,-0.3399841896629679,95,shallow
LAT56.3_LON5.1,-0.35110437805615635,95,shallow
LAT56.3_LON5.2,-0.3482435282612436,95,shallow
LAT56.3_LON5.3,-0.3482211376157224,95,shallow
LAT56.3_LON5.4,-0.34650808214114154,95,shallow
LAT56.3_LON5.5,-0.3454667772768835,95,shallow
LAT56.3_LON5.6,-0.34383413006396607,95,shallow
LAT56.3_LON5.7,-0.3486649714901922,95,shallow
LAT56.3_LON5.8,-0.3463318008197544,95,shallow
LAT56.3_LON5.9,-0.3455923399976558,95,shallow
LAT56.3_LON6.0,-0.34635742713772727,95,shallow
LAT56.3_LON6.1,-0.346384365967381,95,shallow
LAT56.3_LON6.2,-0.34617555724795845,95,shallow
LAT56.3_LON6.3,-0.3464001205676644,95,shallow
LAT56.3_LON6.4,-0.3458254431631298,95,shallow
LAT56.3_LON6.5,-0.33435487843193623,95,shallow
LAT56.3_LON6.6,-0.3481934598961956,95,shallow
LAT56.3_LON6.7,-0.3464602153264705,95,shallow
LAT56.3_LON6.8,-0.3485061328943782,95,shallow
LAT56.3_LON6.9,-0.3460014274283544,95,shallow
LAT56.3_LON7.0,-0.3458022699348286,95,shallow
LAT56.3_LON7.1,-0.35054337731354984,95,shallow
LAT56.3_LON7.2,-0.3501157742468792,95,shallow
LAT56.3_LON7.3,-0.34649594192975075,95,shallow
LAT56.3_LON7.4,-0.34602507815655814,95,shallow
LAT56.3_LON7.5,-0.3472251685251104,95,shallow
LAT56.3_LON7.6,-0.34673719523327257,95,shallow
LAT56.3_LON7.7,-0.3475973365276944,95,shallow
LAT56.3_LON7.8,-0.3477115333426862,95,shallow
LAT56.3_LON7.9,-0.34534584862357515,95,shallow
LAT56.3_LON8.0,-0.3405411577018639,95,shallow
LAT56.4_LON2.0,-0.34931085116319416,95,shallow
LAT56.4_LON2.1,-0.34750321408941637,95,shallow
LAT56.4_LON2.2,-0.3467854825278689,95,shallow
LAT56.4_LON2.3,-0.3461470716698581,95,shallow
LAT56.4_LON2.4,-0.34715293993649077,95,shallow
LAT56.4_LON2.5,-0.35074891244582884,95,shallow
LAT56.4_LON2.7,-0.34756410069165966,95,shallow
LAT56.4_LON2.8,-0.3505950497272489,95,shallow
LAT56.4_LON2.9,-0.3426378542768234,95,shallow
LAT56.4_LON3.0,-0.3498134310844172,95,shallow
LAT56.4_LON3.1,-0.34270445439314456,95,shallow
LAT56.4_LON3.2,-0.3483143260392234,95,shallow
LAT56.4_LON3.3,-0.34870322822761723,95,shallow
LAT56.4_LON3.4,-0.34873135879686473,95,shallow
LAT56.4_LON3.5,-0.34962440151007224,95,shallow
LAT56.4_LON3.6,-0.3444169126292749,95,shallow
LAT56.4_LON3.7,-0.34288077024615277,95,shallow
LAT56.4_LON3.8,-0.3480874055573064,95,shallow
LAT56.4_LON3.9,-0.3467711292784124,95,shallow
LAT56.4_LON4.0,-0.3474470154746897,95,shallow
LAT56.4_LON4.1,-0.3501546170210981,95,shallow
LAT56.4_LON4.2,-0.3506681086676247,95,shallow
LAT56.4_LON4.3,-0.34337527315482164,95,shallow
LAT56.4_LON4.4,-0.3482179730005863,95,shallow
LAT56.4_LON4.5,-0.3461177417464971,95,shallow
LAT56.4_LON4.6,-0.34635519184413505,95,shallow
LAT56.4_LON4.7,-0.3464213818811133,95,shallow
LAT56.4_LON4.8,-0.3451265525186712,95,shallow
LAT56.4_LON4.9,-0.3381697516082765,95,shallow
LAT56.4_LON5.0,-0.34617015851287164,95,shallow
LAT56.4_LON5.1,-0.3479960677773913,95,shallow
LAT56.4_LON5.2,-0.34863312318445266,95,shallow
LAT56.4_LON5.3,-0.35069895008275576,95,shallow
LAT56.4_LON5.4,-0.3456972196188346,95,shallow
LAT56.4_LON5.5,-0.34812010105277685,95,shallow
LAT56.4_LON5.6,-0.3505187490754011,95,shallow
LAT56.4_LON5.7,-0.3441759325296306,95,shallow
LAT56.4_LON5.8,-0.3462542240426275,95,shallow
LAT56.4_LON5.9,-0.34846931501083456,95,shallow
LAT56.4_LON6.0,-0.34973232272859117,95,shallow
LAT56.4_LON6.1,-0.35138813839462313,95,shallow
LAT56.4_LON6.2,-0.34684240367286967,95,shallow
LAT56.4_LON6.3,-0.3493100038445775,95,shallow
LAT56.4_LON6.4,-0.3520253457341745,95,shallow
LAT56.4_LON6.5,-0.3477840750290273,95,shallow
LAT56.4_LON6.6,-0.3429401260480881,95,shallow
LAT56.4_LON6.7,-0.3415597946772906,95,shallow
LAT56.4_LON6.8,-0.34812194234926275,95,shallow
LAT56.4_LON6.9,-0.3476279168692519,95,shallow
LAT56.4_LON7.0,-0.3494863045241581,95,shallow
LAT56.4_LON7.1,-0.3485235591398846,95,shallow
LAT56.4_LON7.2,-0.34489385578651566,95,shallow
LAT56.4_LON7.3,-0.349035247519002,95,shallow
LAT56.4_LON7.4,-0.34731762424908363,95,shallow
LAT56.4_LON7.5,-0.34323087607380093,95,shallow
LAT56.4_LON7.6,-0.3491290613945818,95,shallow
LAT56.4_LON7.7,-0.34738950672578484,95,shallow
LAT56.4_LON7.8,-0.34541597425920867,95,shallow
LAT56.4_LON7.9,-0.3482626016584069,95,shallow
LAT56.4_LON8.0,-0.33916133881287297,95,shallow
LAT56.5_LON2.0,-0.3475466362109249,95,shallow
LAT56.5_LON2.1,-0.34438260804058635,95,shallow
LAT56.5_LON2.4,-0.3522897323041666,95,shallow
LAT56.5_LON2.5,-0.3394823384638817,95,shallow
LAT56.5_LON2.6,-0.34748935779382717,95,shallow
LAT56.5_LON2.7,-0.3440032705646656,95,shallow
LAT56.5_LON2.8,-0.34900056591759077,95,shallow
LAT56.5_LON2.9,-0.3535654367868691,95,shallow
LAT56.5_LON3.1,-0.347980085429423,95,shallow
LAT56.5_LON3.2,-0.34684110320251454,95,shallow
LAT56.5_LON3.3,-0.34954777744619503,95,shallow
LAT56.5_LON3.4,-0.347450945990799,95,shallow
LAT56.5_LON3.5,-0.34492977039486655,95,shallow
LAT56.5_LON3.6,-0.3374578587442529,95,shallow
LAT56.5_LON3.7,-0.3450553711365423,95,shallow
LAT56.5_LON3.8,-0.35024585909232786,95,shallow
LAT56.5_LON3.9,-0.35075924680405546,95,shallow
LAT56.5_LON4.0,-0.3473761824331737,95,shallow
LAT56.5_LON4.1,-0.34836983724031473,95,shallow
LAT56.5_LON4.2,-0.3523604039898116,95,shallow
LAT56.5_LON4.3,-0.343327776995738,95,shallow
LAT56.5_LON4.5,-0.34619725015966646,95,shallow
LAT56.5_LON4.6,-0.3400570336670037,95,shallow
LAT56.5_LON4.7,-0.34824470586181117,95,shallow
LAT56.5_LON4.8,-0.34585775315977213,95,shallow
LAT56.5_LON4.9,-0.33830872271292145,95,shallow
LAT56.5_LON5.0,-0.35220915384325713,95,shallow
LAT56.5_LON5.1,-0.3492940340094976,95,shallow
LAT56.5_LON5.2,-0.3485850303210069,95,shallow
LAT56.5_LON5.3,-0.3444743404314761,95,shallow
LAT56.5_LON5.4,-0.34708756639528837,95,shallow
LAT56.5_LON5.5,-0.3513359708869963,95,shallow
LAT56.5_LON5.6,-0.34578742711086113,95,shallow
LAT56.5_LON5.7,-0.3461365667759944,95,shallow
LAT56.5_LON5.8,-0.3486816316684539,95,shallow
LAT56.5_LON6.0,-0.34712582939335457,95,shallow
LAT56.5_LON6.1,-0.34453219900876614,95,shallow
LAT56.5_LON6.2,-0.3476041595817253,95,shallow
LAT56.5_LON6.3,-0.34158785302441025,95,shallow
LAT56.5_LON6.4,-0.34868809598372036,95,shallow
LAT56.5_LON6.5,-0.34927716050282004,95,shallow
LAT56.5_LON6.6,-0.34665586364175016,95,shallow
LAT56.5_LON6.7,-0.3486916214120038,95,shallow
LAT56.5_LON6.8,-0.3472917747658419,95,shallow
LAT56.5_LON6.9,-0.34559305311220834,95,shallow
LAT56.5_LON7.0,-0.3483033713059814,95,shallow
LAT56.5_LON7.1,-0.3476464743458573,95,shallow
LAT56.5_LON7.2,-0.3457962666431285,95,shallow
LAT56.5_LON7.3,-0.34996856334319076,95,shallow
LAT56.5_LON7.4,-0.3504295719416128,95,shallow
LAT56.5_LON7.5,-0.34554008379937534,95,shallow
LAT56.5_LON7.6,-0.3478626497075387,95,shallow
LAT56.5_LON7.7,-0.3448461603384644,95,shallow
LAT56.5_LON7.8,-0.3450727747686103,95,shallow
LAT56.5_LON7.9,-0.3482462091998298,95,shallow
LAT56.5_LON8.0,-0.3467776088797402,95,shallow
LAT56.6_LON2.1,-0.34819015435664197,95,shallow
LAT56.6_LON2.4,-0.3500984120930393,95,shallow
LAT56.6_LON2.5,-0.34604305246312644,95,shallow
LAT56.6_LON2.6,-0.3517985253398384,95,shallow
LAT56.6_LON2.7,-0.345405656237312,95,shallow
LAT56.6_LON2.8,-0.3458226448087161,95,shallow
LAT56.6_LON2.9,-0.35315701613281225,95,shallow
LAT56.6_LON3.0,-0.34335459660373674,95,shallow
LAT56.6_LON3.1,-0.35138008759222644,95,shallow
LAT56.6_LON3.2,-0.3465432339287655,95,shallow
LAT56.6_LON3.3,-0.3471787716528805,95,shallow
LAT56.6_LON3.4,-0.3420345124634569,95,shallow
LAT56.6_LON3.5,-0.3495100953847115,95,shallow
LAT56.6_LON3.6,-0.35040962456890706,95,shallow
LAT56.6_LON3.7,-0.3451903130907218,95,shallow
LAT56.6_LON3.9,-0.3514895905554226,95,shallow
LAT56.6_LON4.0,-0.34935905858465743,95,shallow
LAT56.6_LON4.1,-0.3523480698312754,95,shallow
LAT56.6_LON4.2,-0.3472790088556723,95,shallow
LAT56.6_LON4.3,-0.34386865533680605,95,shallow
LAT56.6_LON4.4,-0.34887680610333777,95,shallow
LAT56.6_LON4.5,-0.3534050022360395,95,shallow
LAT56.6_LON4.6,-0.3466683603116133,95,shallow
LAT56.6_LON4.7,-0.34494116103504513,95,shallow
LAT56.6_LON4.8,-0.3472819705232528,95,shallow
LAT56.6_LON4.9,-0.34472152260548955,95,shallow
LAT56.6_LON5.0,-0.3520290172021686,95,shallow
LAT56.6_LON5.1,-0.3502318873098454,95,shallow
LAT56.6_LON5.2,-0.3476481084872152,95,shallow
LAT56.6_LON5.3,-0.34380584592007135,95,shallow
LAT56.6_LON5.4,-0.3449885060779315,95,shallow
LAT56.6_LON5.5,-0.348829973332605,95,shallow
LAT56.6_LON5.6,-0.3462960247260503,95,shallow
LAT56.6_LON5.7,-0.34812029659154564,95,shallow
LAT56.6_LON5.8,-0.34831736357305254,95,shallow
LAT56.6_LON5.9,-0.3414865694269832,95,shallow
LAT56.6_LON6.0,-0.3489017311690644,95,shallow
LAT56.6_LON6.1,-0.3485598774821545,95,shallow
LAT56.6_LON6.2,-0.34573662074694345,95,shallow
LAT56.6_LON6.3,-0.34368725656703064,95,shallow
LAT56.6_LON6.4,-0.3487566392313264,95,shallow
LAT56.6_LON6.5,-0.3474995155743637,95,shallow
LAT56.6_LON6.6,-0.34811644675696396,95,shallow
LAT56.6_LON6.7,-0.3467016914633964,95,shallow
LAT56.6_LON6.8,-0.3446755079277764,95,shallow
LAT56.6_LON6.9,-0.3453633816898798,95,shallow
LAT56.6_LON7.0,-0.3434640868064021,95,shallow
LAT56.6_LON7.1,-0.3435824934970755,95,shallow
LAT56.6_LON7.2,-0.34641991818192935,95,shallow
LAT56.6_LON7.3,-0.3484543927251936,95,shallow
LAT56.6_LON7.4,-0.3476760141781796,95,shallow
LAT56.6_LON7.5,-0.3462817054794704,95,shallow
LAT56.6_LON7.6,-0.3518968705258409,95,shallow
LAT56.6_LON7.7,-0.3435858337991482,95,shallow
LAT56.6_LON7.8,-0.34810838441928915,95,shallow
LAT56.6_LON7.9,-0.34483768776572077,95,shallow
LAT56.6_LON8.0,-0.34354665465704115,95,shallow
LAT56.7_LON2.1,-0.3503940184054458,95,shallow
LAT56.7_LON2.2,-0.3523776189934531,95,shallow
LAT56.7_LON2.4,-0.347807829605533,95,shallow
LAT56.7_LON2.7,-0.3456495907488344,95,shallow
LAT56.7_LON2.9,-0.3454114315376664,95,shallow
LAT56.7_LON3.0,-0.3491547081972617,95,shallow
LAT56.7_LON3.1,-0.3493927941516521,95,shallow
LAT56.7_LON3.2,-0.3487407110518845,95,shallow
LAT56.7_LON3.3,-0.3486319296274193,95,shallow
LAT56.7_LON3.4,-0.352516235467616,95,shallow
LAT56.7_LON3.5,-0.3495670063735058,95,shallow
LAT56.7_LON3.6,-0.35053222562484604,95,shallow
LAT56.7_LON3.7,-0.34842130976496594,95,shallow
LAT56.7_LON3.8,-0.35382257693477565,95,shallow
LAT56.7_LON3.9,-0.34936144768645433,95,shallow
LAT56.7_LON4.0,-0.3472699114101429,95,shallow
LAT56.7_LON4.1,-0.34498918305802323,95,shallow
LAT56.7_LON4.3,-0.34399414564482794,95,shallow
LAT56.7_LON4.4,-0.3431688340538962,95,shallow
LAT56.7_LON4.5,-0.3492804480399992,95,shallow
LAT56.7_LON4.6,-0.3490632973701362,95,shallow
LAT56.7_LON4.7,-0.34785217274488633,95,shallow
LAT56.7_LON4.8,-0.34329579454483894,95,shallow
LAT56.7_LON4.9,-0.35011029473114663,95,shallow
LAT56.7_LON5.0,-0.348817715221999,95,shallow
LAT56.7_LON5.1,-0.3489898741906219,95,shallow
LAT56.7_LON5.2,-0.35196157938972533,95,shallow
LAT56.7_LON5.3,-0.34979995762638155,95,shallow
LAT56.7_LON5.4,-0.34865823235109156,95,shallow
LAT56.7_LON5.5,-0.34836039060624874,95,shallow
LAT56.7_LON5.6,-0.3445357344383672,95,shallow
LAT56.7_LON5.7,-0.3488703973093679,95,shallow
LAT56.7_LON5.8,-0.35075086080036755,95,shallow
LAT56.7_LON5.9,-0.3451665351647029,95,shallow
LAT56.7_LON6.0,-0.34957727482467565,95,shallow
LAT56.7_LON6.1,-0.3468616950809266,95,shallow
LAT56.7_LON6.2,-0.3499534679554127,95,shallow
LAT56.7_LON6.3,-0.3487846475781953,95,shallow
LAT56.7_LON6.4,-0.34481865240205817,95,shallow
LAT56.7_LON6.5,-0.3433009953446356,95,shallow
LAT56.7_LON6.6,-0.34663292173790017,95,shallow
LAT56.7_LON6.7,-0.3493266925217894,95,shallow
LAT56.7_LON6.8,-0.3463980102604931,95,shallow
LAT56.7_LON6.9,-0.3488846401285725,95,shallow
LAT56.7_LON7.0,-0.3475484784334955,95,shallow
LAT56.7_LON7.1,-0.34582448380555547,95,shallow
LAT56.7_LON7.2,-0.34979142943865976,95,shallow
LAT56.7_LON7.3,-0.34493826855634313,95,shallow
LAT56.7_LON7.4,-0.34520645044193426,95,shallow
LAT56.7_LON7.5,-0.3504990241800938,95,shallow
LAT56.7_LON7.6,-0.3478504357210802,95,shallow
LAT56.7_LON7.7,-0.3453741174701,95,shallow
LAT56.7_LON7.8,-0.3460543448019112,95,shallow
LAT56.7_LON7.9,-0.3459166195391354,95,shallow
LAT56.7_LON8.0,-0.3469983803451741,95,shallow
LAT56.8_LON2.0,-0.34479714867405803,95,shallow
LAT56.8_LON2.1,-0.3468625592552462,95,shallow
LAT56.8_LON2.2,-0.35315701613281225,95,shallow
LAT56.8_LON2.4,-0.34843800425539134,95,shallow
LAT56.8_LON2.6,-0.3514807517861398,95,shallow
LAT56.8_LON2.7,-0.3494595311096795,95,shallow
LAT56.8_LON2.8,-0.3453874789578583,95,shallow
LAT56.8_LON2.9,-0.3504668991229196,95,shallow
LAT56.8_LON3.0,-0.35208480858327434,95,shallow
LAT56.8_LON3.1,-0.34549297095598724,95,shallow
LAT56.8_LON3.2,-0.35075300291584627,95,shallow
LAT56.8_LON3.4,-0.35254846420396996,95,shallow
LAT56.8_LON3.5,-0.3449288248667741,95,shallow
LAT56.8_LON3.6,-0.35088114520057573,95,shallow
LAT56.8_LON3.7,-0.3486069576981673,95,shallow
LAT56.8_LON3.8,-0.3493249349521227,95,shallow
LAT56.8_LON4.1,-0.3490269912315958,95,shallow
LAT56.8_LON4.2,-0.34860806382571435,95,shallow
LAT56.8_LON4.3,-0.3505489410066617,95,shallow
LAT56.8_LON4.4,-0.34900029199128574,95,shallow
LAT56.8_LON4.5,-0.3404348886025846,95,shallow
LAT56.8_LON4.6,-0.35006137164278683,95,shallow
LAT56.8_LON4.8,-0.3476058001799713,95,shallow
LAT56.8_LON4.9,-0.3455790887721693,95,shallow
LAT56.8_LON5.2,-0.3521215274931326,95,shallow
LAT56.8_LON5.3,-0.3467646372304261,95,shallow
LAT56.8_LON5.4,-0.34331565610333215,95,shallow
LAT56.8_LON5.5,-0.343872017862782,95,shallow
LAT56.8_LON5.6,-0.3475859965927882,95,shallow
LAT56.8_LON5.7,-0.34815601235037247,95,shallow
LAT56.8_LON5.8,-0.34414421330007156,95,shallow
LAT56.8_LON5.9,-0.3480682799343905,95,shallow
LAT56.8_LON6.0,-0.34932418569698714,95,shallow
LAT56.8_LON6.1,-0.3518113609996789,95,shallow
LAT56.8_LON6.2,-0.3447553480716889,95,shallow
LAT56.8_LON6.3,-0.34767240569503793,95,shallow
LAT56.8_LON6.4,-0.3472966674955193,95,shallow
LAT56.8_LON6.5,-0.3449679256510723,95,shallow
LAT56.8_LON6.6,-0.34609357257390594,95,shallow
LAT56.8_LON6.7,-0.34360146917421713,95,shallow
LAT56.8_LON6.8,-0.34690459717577166,95,shallow
LAT56.8_LON6.9,-0.3443174428056339,95,shallow
LAT56.8_LON7.0,-0.3471952350268614,95,shallow
LAT56.8_LON7.1,-0.3459857131058348,95,shallow
LAT56.8_LON7.2,-0.3494647892083296,95,shallow
LAT56.8_LON7.3,-0.3474794177945739,95,shallow
LAT56.8_LON7.4,-0.34521258970121044,95,shallow
LAT56.8_LON7.5,-0.3447736220001163,95,shallow
LAT56.8_LON7.6,-0.34748403032989383,95,shallow
LAT56.8_LON7.7,-0.3447802151286951,95,shallow
LAT56.8_LON7.8,-0.3489464089203384,95,shallow
LAT56.8_LON7.9,-0.34690992190061826,95,shallow
LAT56.8_LON8.0,-0.34586435562064227,95,shallow
LAT56.9_LON2.1,-0.34738030800165964,95,shallow
LAT56.9_LON2.4,-0.3528900666183298,95,shallow
LAT56.9_LON2.5,-0.34344122479637623,95,shallow
LAT56.9_LON2.6,-0.3435637597416751,95,shallow
LAT56.9_LON2.7,-0.34492977039486655,95,shallow
LAT56.9_LON2.8,-0.3478108857541133,95,shallow
LAT56.9_LON2.9,-0.3439533352717138,95,shallow
LAT56.9_LON3.0,-0.34613322440375666,95,shallow
LAT56.9_LON3.2,-0.3443462000728109,95,shallow
LAT56.9_LON3.3,-0.3523604039898116,95,shallow
LAT56.9_LON3.5,-0.3523776189934531,95,shallow
LAT56.9_LON3.6,-0.33838285754861075,95,shallow
LAT56.9_LON3.8,-0.35071143666451726,95,shallow
LAT56.9_LON3.9,-0.34722245906283883,95,shallow
LAT56.9_LON4.1,-0.347585135946913,95,shallow
LAT56.9_LON4.2,-0.3506015621173921,95,shallow
LAT56.9_LON4.3,-0.3500202339056725,95,shallow
LAT56.9_LON4.4,-0.3440924570732049,95,shallow
LAT56.9_LON4.5,-0.349092386585504,95,shallow
LAT56.9_LON4.6,-0.34930642969840914,95,shallow
LAT56.9_LON5.0,-0.3453883978076209,95,shallow
LAT56.9_LON5.2,-0.3468882264066162,95,shallow
LAT56.9_LON5.3,-0.3440971748508363,95,shallow
LAT56.9_LON5.4,-0.35079017493048825,95,shallow
LAT56.9_LON5.5,-0.34648932377492536,95,shallow
LAT56.9_LON5.6,-0.34254298512895653,95,shallow
LAT56.9_LON5.7,-0.34886878000063554,95,shallow
LAT56.9_LON5.8,-0.34364861820414144,95,shallow
LAT56.9_LON5.9,-0.3464538176090651,95,shallow
LAT56.9_LON6.0,-0.3408258331264611,95,shallow
LAT56.9_LON6.1,-0.3468487016807746,95,shallow
LAT56.9_LON6.2,-0.34796532186434403,95,shallow
LAT56.9_LON6.3,-0.3469408832293979,95,shallow
LAT56.9_LON6.4,-0.3471512133321439,95,shallow
LAT56.9_LON6.5,-0.3434025384170367,95,shallow
LAT56.9_LON6.6,-0.34574314458153405,95,shallow
LAT56.9_LON6.7,-0.34879083731667665,95,shallow
LAT56.9_LON6.8,-0.3495019177296402,95,shallow
LAT56.9_LON6.9,-0.3486320564276037,95,shallow
LAT56.9_LON7.0,-0.34696128359978723,95,shallow
LAT56.9_LON7.1,-0.346718964715774,95,shallow
LAT56.9_LON7.2,-0.35022351206112273,95,shallow
LAT56.9_LON7.3,-0.3477204615254172,95,shallow
LAT56.9_LON7.4,-0.34817553316005484,95,shallow
LAT56.9_LON7.5,-0.34398989475723685,95,shallow
LAT56.9_LON7.6,-0.3472874950559691,95,shallow
LAT56.9_LON7.7,-0.3494331248536773,95,shallow
LAT56.9_LON7.8,-0.34244995228443237,95,shallow
LAT56.9_LON7.9,-0.3474769292713363,95,shallow
LAT56.9_LON8.0,-0.34463068959096144,95,shallow
LAT57.0_LON2.1,-0.35099531939506423,95,shallow
LAT57.0_LON2.5,-0.34333599196158976,95,shallow
LAT57.0_LON2.6,-0.3448872220110799,95,shallow
LAT57.0_LON2.8,-0.34944738843646794,95,shallow
LAT57.0_LON2.9,-0.3487134218936078,95,shallow
LAT57.0_LON3.0,-0.35058291510371575,95,shallow
LAT57.0_LON3.1,-0.3489557621940074,95,shallow
LAT57.0_LON3.2,-0.3490009301944495,95,shallow
LAT57.0_LON3.3,-0.3490436340937492,95,shallow
LAT57.0_LON3.4,-0.3492859072072155,95,shallow
LAT57.0_LON3.5,-0.3484770494645082,95,shallow
LAT57.0_LON3.6,-0.34865823235109156,95,shallow
LAT57.0_LON3.7,-0.3501633354252861,95,shallow
LAT57.0_LON3.8,-0.3454785431692611,95,shallow
LAT57.0_LON3.9,-0.3489204429376563,95,shallow
LAT57.0_LON4.0,-0.35027911045660687,95,shallow
LAT57.0_LON4.1,-0.3433140763426354,95,shallow
LAT57.0_LON4.3,-0.35311996113014155,95,shallow
LAT57.0_LON4.4,-0.33715971950294615,95,shallow
LAT57.0_LON4.5,-0.347555813082885,95,shallow
LAT57.0_LON4.6,-0.34693980737883645,95,shallow
LAT57.0_LON4.7,-0.3429315810010569,95,shallow
LAT57.0_LON4.8,-0.3525376073386607,95,shallow
LAT57.0_LON4.9,-0.3476481084872152,95,shallow
LAT57.0_LON5.0,-0.3368949235260319,95,shallow
LAT57.0_LON5.1,-0.34119722676575276,95,shallow
LAT57.0_LON5.2,-0.345204518244077,95,shallow
LAT57.0_LON5.3,-0.34189424129095514,95,shallow
LAT57.0_LON5.4,-0.3434835990326839,95,shallow
LAT57.0_LON5.5,-0.3479159354810218,95,shallow
LAT57.0_LON5.6,-0.3438714303705503,95,shallow
LAT57.0_LON5.7,-0.34282281542499604,95,shallow
LAT57.0_LON5.8,-0.3474794762021986,95,shallow
LAT57.0_LON5.9,-0.34778179895658506,95,shallow
LAT57.0_LON6.0,-0.3440380493624589,95,shallow
LAT57.0_LON6.1,-0.3462385205742943,95,shallow
LAT57.0_LON6.2,-0.34696488639925904,95,shallow
LAT57.0_LON6.3,-0.34546526557864304,95,shallow
LAT57.0_LON6.4,-0.34609502344013027,95,shallow
LAT57.0_LON6.5,-0.3462050651651739,95,shallow
LAT57.0_LON6.6,-0.34570130551930084,95,shallow
LAT57.0_LON6.7,-0.34729027298472204,95,shallow
LAT57.0_LON6.8,-0.3466822736708338,95,shallow
LAT57.0_LON6.9,-0.3463764635230396,95,shallow
LAT57.0_LON7.0,-0.3457685842075151,95,shallow
LAT57.0_LON7.1,-0.34260961645396115,95,shallow
LAT57.0_LON7.2,-0.3435735726808756,95,shallow
LAT57.0_LON7.3,-0.34948944571148144,95,shallow
LAT57.0_LON7.4,-0.34610088836768815,95,shallow
LAT57.0_LON7.5,-0.3448944604304854,95,shallow
LAT57.0_LON7.6,-0.34836983724031473,95,shallow
LAT57.0_LON7.7,-0.34761314361564255,95,shallow
LAT57.0_LON7.8,-0.34719030139888724,95,shallow
LAT57.0_LON7.9,-0.34667226681536417,95,shallow
LAT57.0_LON8.0,-0.3448885563767359,95,shallow
LAT57.1_LON2.1,-0.34318000518585173,95,shallow
LAT57.1_LON2.2,-0.33409716056968464,95,shallow
LAT57.1_LON2.3,-0.34935188974057085,95,shallow
LAT57.1_LON2.5,-0.34562186903580966,95,shallow
LAT57.1_LON2.8,-0.345631323759793,95,shallow
LAT57.1_LON2.9,-0.34504505973838284,95,shallow
LAT57.1_LON3.0,-0.34483082867534354,95,shallow
LAT57.1_LON3.1,-0.35033292910455965,95,shallow
LAT57.1_LON3.2,-0.3484078574035155,95,shallow
LAT57.1_LON3.3,-0.34395965177262644,95,shallow
LAT57.1_LON3.4,-0.3450141423764017,95,shallow
LAT57.1_LON3.5,-0.33633628098739826,95,shallow
LAT57.1_LON3.6,-0.349092386585504,95,shallow
LAT57.1_LON3.7,-0.3521612470700167,95,shallow
LAT57.1_LON3.9,-0.3444169126292749,95,shallow
LAT57.1_LON4.2,-0.3438631375040367,95,shallow
LAT57.1_LON4.3,-0.3486809664718353,95,shallow
LAT57.1_LON4.4,-0.3472256347897818,95,shallow
LAT57.1_LON4.5,-0.3445060364674108,95,shallow
LAT57.1_LON4.6,-0.35070667697831337,95,shallow
LAT57.1_LON4.7,-0.3532425258979988,95,shallow
LAT57.1_LON4.8,-0.3499263588981415,95,shallow
LAT57.1_LON4.9,-0.34741038671458346,95,shallow
LAT57.1_LON5.0,-0.3493927941516521,95,shallow
LAT57.1_LON5.1,-0.34655804447373467,95,shallow
LAT57.1_LON5.2,-0.3475555453852492,95,shallow
LAT57.1_LON5.3,-0.348992214231995,95,shallow
LAT57.1_LON5.4,-0.3433689759817219,95,shallow
LAT57.1_LON5.5,-0.3426029890849961,95,shallow
LAT57.1_LON5.6,-0.34781288772165087,95,shallow
LAT57.1_LON5.7,-0.3486107121337673,95,shallow
LAT57.1_LON5.8,-0.34804675179228434,95,shallow
LAT57.1_LON5.9,-0.3489986580901952,95,shallow
LAT57.1_LON6.0,-0.3438237338951132,95,shallow
LAT57.1_LON6.1,-0.3485709713036359,95,shallow
LAT57.1_LON6.2,-0.34232963867246874,95,shallow
LAT57.1_LON6.3,-0.3454633782269809,95,shallow
LAT57.1_LON6.4,-0.34934231213407263,95,shallow
LAT57.1_LON6.5,-0.34708537063586437,95,shallow
LAT57.1_LON6.6,-0.34490534580562326,95,shallow
LAT57.1_LON6.7,-0.346465941525573,95,shallow
LAT57.1_LON6.8,-0.3463538834812619,95,shallow
LAT57.1_LON6.9,-0.344344955754981,95,shallow
LAT57.1_LON7.0,-0.3482872958137865,95,shallow
LAT57.1_LON7.1,-0.3471101299106294,95,shallow
LAT57.1_LON7.2,-0.3467336023955298,95,shallow
LAT57.1_LON7.3,-0.34848012514375937,95,shallow
LAT57.1_LON7.4,-0.34767476522023216,95,shallow
LAT57.1_LON7.5,-0.3450641127081001,95,shallow
LAT57.1_LON7.6,-0.347826784143875,95,shallow
LAT57.1_LON7.7,-0.3443375085610445,95,shallow
LAT57.1_LON7.8,-0.34729542854533074,95,shallow
LAT57.1_LON7.9,-0.34668109779658296,95,shallow
LAT57.1_LON8.0,-0.347702896000221,95,shallow
LAT57.2_LON2.0,-0.3441928793728952,95,shallow
LAT57.2_LON2.1,-0.34405935396702425,95,shallow
LAT57.2_LON2.2,-0.34458462856739297,95,shallow
LAT57.2_LON2.9,-0.34822439537585115,95,shallow
LAT57.2_LON3.0,-0.3468782925933091,95,shallow
LAT57.2_LON3.1,-0.3439195116804509,95,shallow
LAT57.2_LON3.6,-0.3379619693278947,95,shallow
LAT57.2_LON3.7,-0.3515043546754232,95,shallow
LAT57.2_LON3.8,-0.34386963519230584,95,shallow
LAT57.2_LON3.9,-0.35138813839462313,95,shallow
LAT57.2_LON4.0,-0.34664219899127396,95,shallow
LAT57.2_LON4.2,-0.34702782121521053,95,shallow
LAT57.2_LON4.3,-0.34744519994603595,95,shallow
LAT57.2_LON4.4,-0.35048673485096,95,shallow
LAT57.2_LON4.5,-0.3503959051527958,95,shallow
LAT57.2_LON4.6,-0.3444653817209158,95,shallow
LAT57.2_LON4.7,-0.347807829605533,95,shallow
LAT57.2_LON4.8,-0.345631323759793,95,shallow
LAT57.2_LON4.9,-0.3461586373925665,95,shallow
LAT57.2_LON5.0,-0.34546634746737653,95,shallow
LAT57.2_LON5.1,-0.3483863144645363,95,shallow
LAT57.2_LON5.3,-0.3464436185109904,95,shallow
LAT57.2_LON5.4,-0.3473136880506397,95,shallow
LAT57.2_LON5.5,-0.3481920637769167,95,shallow
LAT57.2_LON5.6,-0.3471251392923221,95,shallow
LAT57.2_LON5.7,-0.3420935965344078,95,shallow
LAT57.2_LON5.8,-0.345815427908763,95,shallow
LAT57.2_LON5.9,-0.34877538806475744,95,shallow
LAT57.2_LON6.0,-0.3460152904696585,95,shallow
LAT57.2_LON6.1,-0.34782325660340285,95,shallow
LAT57.2_LON6.2,-0.34774016430171784,95,shallow
LAT57.2_LON6.3,-0.34687324441557255,95,shallow
LAT57.2_LON6.4,-0.3458923127633677,95,shallow
LAT57.2_LON6.5,-0.34537201918036703,95,shallow
LAT57.2_LON6.6,-0.3484364238079906,95,shallow
LAT57.2_LON6.7,-0.3361231018916563,95,shallow
LAT57.2_LON6.8,-0.3458269492053183,95,shallow
LAT57.2_LON6.9,-0.34678933411270063,95,shallow
LAT57.2_LON7.0,-0.34523363913752725,95,shallow
LAT57.2_LON7.1,-0.3469683118321975,95,shallow
LAT57.2_LON7.2,-0.3489351830552479,95,shallow
LAT57.2_LON7.3,-0.3452895489539957,95,shallow
LAT57.2_LON7.4,-0.3457611282788579,95,shallow
LAT57.2_LON7.5,-0.3460135496566802,95,shallow
LAT57.2_LON7.6,-0.34759543264130477,95,shallow
LAT57.2_LON7.7,-0.34431045788284886,95,shallow
LAT57.2_LON7.8,-0.34630671531295365,95,shallow
LAT57.2_LON7.9,-0.3472513066742701,95,shallow
LAT57.2_LON8.0,-0.3489828681521601,95,shallow
LAT57.3_LON2.1,-0.33927860412996846,95,shallow
LAT57.3_LON2.2,-0.33739682502870677,95,shallow
LAT57.3_LON2.6,-0.3451171619324207,95,shallow
LAT57.3_LON2.8,-0.3370827773832969,95,shallow
LAT57.3_LON3.3,-0.3509421865577057,95,shallow
LAT57.3_LON3.5,-0.3379034180189565,95,shallow
LAT57.3_LON3.6,-0.35186553911425295,95,shallow
LAT57.3_LON3.7,-0.344318119199076,95,shallow
LAT57.3_LON3.8,-0.3482501254393904,95,shallow
LAT57.3_LON3.9,-0.3485487370290501,95,shallow
LAT57.3_LON4.0,-0.34443587611397036,95,shallow
LAT57.3_LON4.1,-0.34170107619799933,95,shallow
LAT57.3_LON4.2,-0.3474240352010643,95,shallow
LAT57.3_LON4.3,-0.3466599095343222,95,shallow
LAT57.3_LON4.4,-0.3432782981206048,95,shallow
LAT57.3_LON4.5,-0.3443586873954429,95,shallow
LAT57.3_LON4.6,-0.349061726944655,95,shallow
LAT57.3_LON4.7,-0.3464182707626451,95,shallow
LAT57.3_LON4.8,-0.3456080695474928,95,shallow
LAT57.3_LON4.9,-0.35088519530080714,95,shallow
LAT57.3_LON5.0,-0.3476976442099613,95,shallow
LAT57.3_LON5.1,-0.3523604039898116,95,shallow
LAT57.3_LON5.2,-0.34675661573719835,95,shallow
LAT57.3_LON5.3,-0.3491394665215796,95,shallow
LAT57.3_LON5.4,-0.3404353273214668,95,shallow
LAT57.3_LON5.5,-0.3497662415534661,95,shallow
LAT57.3_LON5.6,-0.3463107795745804,95,shallow
LAT57.3_LON5.7,-0.3465979413037484,95,shallow
LAT57.3_LON5.8,-0.344794897470434,95,shallow
LAT57.3_LON5.9,-0.34712468264023805,95,shallow
LAT57.3_LON6.0,-0.34935255952254685,95,shallow
LAT57.3_LON6.1,-0.34655003070896534,95,shallow
LAT57.3_LON6.2,-0.35023688697196176,95,shallow
LAT57.3_LON6.3,-0.3434954933415575,95,shallow
LAT57.3_LON6.4,-0.34977718779975636,95,shallow
LAT57.3_LON6.5,-0.3469658856194973,95,shallow
LAT57.3_LON6.6,-0.3468779914003336,95,shallow
LAT57.3_LON6.7,-0.3467157200861139,95,shallow
LAT57.3_LON6.8,-0.3456623475342061,95,shallow
LAT57.3_LON6.9,-0.34740146740938693,95,shallow
LAT57.3_LON7.0,-0.34673242084217265,95,shallow
LAT57.3_LON7.1,-0.34781463489124276,95,shallow
LAT57.3_LON7.2,-0.3478097622923431,95,shallow
LAT57.3_LON7.3,-0.34955894935317366,95,shallow
LAT57.3_LON7.4,-0.3490558190612518,95,shallow
LAT57.3_LON7.5,-0.34895612942334014,95,shallow
LAT57.3_LON7.6,-0.34745870287455627,95,shallow
LAT57.3_LON7.7,-0.34583652564006817,95,shallow
LAT57.3_LON7.8,-0.3447812776062679,95,shallow
LAT57.3_LON7.9,-0.3459170592874471,95,shallow
LAT57.3_LON8.0,-0.34708404755469796,95,shallow
LAT57.4_LON2.1,-0.34835869216830245,95,shallow
LAT57.4_LON2.2,-0.3527969876244701,95,shallow
LAT57.4_LON2.3,-0.3491705716117297,95,shallow
LAT57.4_LON2.4,-0.3466010948341988,95,shallow
LAT57.4_LON2.7,-0.35141014783354363,95,shallow
LAT57.4_LON2.8,-0.3368011208066418,95,shallow
LAT57.4_LON3.0,-0.3503622533709731,95,shallow
LAT57.4_LON3.1,-0.35208480858327434,95,shallow
LAT57.4_LON3.2,-0.3493927941516521,95,shallow
LAT57.4_LON3.3,-0.3478664822588975,95,shallow
LAT57.4_LON3.4,-0.34472661439895563,95,shallow
LAT57.4_LON3.5,-0.34831789722775186,95,shallow
LAT57.4_LON3.6,-0.34155674792400204,95,shallow
LAT57.4_LON3.7,-0.35242714473350295,95,shallow
LAT57.4_LON3.8,-0.34276177342010516,95,shallow
LAT57.4_LON3.9,-0.3363721885886833,95,shallow
LAT57.4_LON4.0,-0.348995854842632,95,shallow
LAT57.4_LON4.1,-0.344984939338454,95,shallow
LAT57.4_LON4.2,-0.3470871064854204,95,shallow
LAT57.4_LON4.3,-0.35111877708369776,95,shallow
LAT57.4_LON4.4,-0.34685626781310386,95,shallow
LAT57.4_LON4.5,-0.3464717444850958,95,shallow
LAT57.4_LON4.8,-0.3482841403343921,95,shallow
LAT57.4_LON4.9,-0.3455461152493347,95,shallow
LAT57.4_LON5.0,-0.3486244094310773,95,shallow
LAT57.4_LON5.1,-0.34438963167890513,95,shallow
LAT57.4_LON5.2,-0.34510858081382156,95,shallow
LAT57.4_LON5.3,-0.34550272533794896,95,shallow
LAT57.4_LON5.4,-0.3470001388955598,95,shallow
LAT57.4_LON5.5,-0.3414753969561597,95,shallow
LAT57.4_LON5.6,-0.34697508488184575,95,shallow
LAT57.4_LON5.7,-0.34553823552257273,95,shallow
LAT57.4_LON5.8,-0.34623319690822923,95,shallow
LAT57.4_LON5.9,-0.34606633085925537,95,shallow
LAT57.4_LON6.0,-0.34412945079358065,95,shallow
LAT57.4_LON6.1,-0.34562133160587,95,shallow
LAT57.4_LON6.2,-0.34739034521816853,95,shallow
LAT57.4_LON6.3,-0.3468096212895041,95,shallow
LAT57.4_LON6.4,-0.3426955615042015,95,shallow
LAT57.4_LON6.5,-0.34916301789514154,95,shallow
LAT57.4_LON6.6,-0.3462482904926792,95,shallow
LAT57.4_LON6.7,-0.3445425691504778,95,shallow
LAT57.4_LON6.8,-0.34710098926826866,95,shallow
LAT57.4_LON6.9,-0.34471892939663246,95,shallow
LAT57.4_LON7.0,-0.34896505992240007,95,shallow
LAT57.4_LON7.1,-0.3445421015775998,95,shallow
LAT57.4_LON7.2,-0.3488253109551473,95,shallow
LAT57.4_LON7.3,-0.348585156521606,95,shallow
LAT57.4_LON7.4,-0.34426943045774866,95,shallow
LAT57.4_LON7.5,-0.34685595790793394,95,shallow
LAT57.4_LON7.6,-0.345162748399452,95,shallow
LAT57.4_LON7.7,-0.3513127095896029,95,shallow
LAT57.4_LON7.8,-0.34972238696885005,95,shallow
LAT57.4_LON7.9,-0.34562470562134134,95,shallow
LAT57.4_LON8.0,-0.34526575943547855,95,shallow
LAT57.5_LON2.0,-0.35315447034118486,95,shallow
LAT57.5_LON2.1,-0.35382257693477565,95,shallow
LAT57.5_LON2.2,-0.35071622598100793,95,shallow
LAT57.5_LON2.4,-0.34819015435664197,95,shallow
LAT57.5_LON2.7,-0.35003932125056575,95,shallow
LAT57.5_LON2.9,-0.35053552813407035,95,shallow
LAT57.5_LON3.0,-0.34918032318029835,95,shallow
LAT57.5_LON3.1,-0.3467242126551683,95,shallow
LAT57.5_LON3.2,-0.34539733313537613,95,shallow
LAT57.5_LON3.3,-0.34984191921837826,95,shallow
LAT57.5_LON3.4,-0.34386245946766597,95,shallow
LAT57.5_LON3.5,-0.3454873677471179,95,shallow
LAT57.5_LON3.6,-0.35156696194408527,95,shallow
LAT57.5_LON3.7,-0.3495757887146791,95,shallow
LAT57.5_LON3.8,-0.34390485275840466,95,shallow
LAT57.5_LON3.9,-0.34905748846740614,95,shallow
LAT57.5_LON4.0,-0.3469267376390516,95,shallow
LAT57.5_LON4.1,-0.34675298525713566,95,shallow
LAT57.5_LON4.2,-0.34856863794587917,95,shallow
LAT57.5_LON4.3,-0.34447204318041375,95,shallow
LAT57.5_LON4.5,-0.3504682485424577,95,shallow
LAT57.5_LON4.6,-0.34801276793801633,95,shallow
LAT57.5_LON4.7,-0.34656560876512527,95,shallow
LAT57.5_LON4.8,-0.34377593395234657,95,shallow
LAT57.5_LON4.9,-0.3450179300862048,95,shallow
LAT57.5_LON5.0,-0.3461126182998626,95,shallow
LAT57.5_LON5.1,-0.34614247412201965,95,shallow
LAT57.5_LON5.2,-0.34157071529584393,95,shallow
LAT57.5_LON5.3,-0.3479118656415683,95,shallow
LAT57.5_LON5.4,-0.34734825196792857,95,shallow
LAT57.5_LON5.5,-0.3483624246446917,95,shallow
LAT57.5_LON5.6,-0.34538878467547435,95,shallow
LAT57.5_LON5.7,-0.3485215480252518,95,shallow
LAT57.5_LON5.8,-0.3470246039274558,95,shallow
LAT57.5_LON5.9,-0.3469161736823364,95,shallow
LAT57.5_LON6.0,-0.34556497114061235,95,shallow
LAT57.5_LON6.1,-0.34892799796276697,95,shallow
LAT57.5_LON6.2,-0.34631981378285365,95,shallow
LAT57.5_LON6.3,-0.3439669685906517,95,shallow
LAT57.5_LON6.4,-0.34718540603726245,95,shallow
LAT57.5_LON6.5,-0.3485075192525328,95,shallow
LAT57.5_LON6.6,-0.34550885832700284,95,shallow
LAT57.5_LON6.7,-0.3494849776445026,95,shallow
LAT57.5_LON6.8,-0.3441038798990161,95,shallow
LAT57.5_LON6.9,-0.34941476108598024,95,shallow
LAT57.5_LON7.0,-0.3489378058855423,95,shallow
LAT57.5_LON7.1,-0.34787530979690523,95,shallow
LAT57.5_LON7.2,-0.34914581210832385,95,shallow
LAT57.5_LON7.3,-0.34718997661521195,95,shallow
LAT57.5_LON7.4,-0.3458009267695222,95,shallow
LAT57.5_LON7.5,-0.34827915075479904,95,shallow
LAT57.5_LON7.6,-0.3493251666791425,95,shallow
LAT57.5_LON7.7,-0.34711658594826683,95,shallow
LAT57.5_LON7.8,-0.3486367484779771,95,shallow
LAT57.5_LON7.9,-0.35128489484164593,95,shallow
LAT57.5_LON8.0,-0.34657785124064605,95,shallow
LAT57.6_LON2.3,-0.3489217458633399,95,shallow
LAT57.6_LON2.6,-0.35053508089555724,95,shallow
LAT57.6_LON2.7,-0.35001497180373137,95,shallow
LAT57.6_LON2.8,-0.3491547081972617,95,shallow
LAT57.6_LON2.9,-0.3525027829970809,95,shallow
LAT57.6_LON3.0,-0.3485760295194811,95,shallow
LAT57.6_LON3.1,-0.3463895057850055,95,shallow
LAT57.6_LON3.2,-0.3507450625603892,95,shallow
LAT57.6_LON3.3,-0.3472209073691784,95,shallow
LAT57.6_LON3.4,-0.34753566749845444,95,shallow
LAT57.6_LON3.5,-0.3464746604089932,95,shallow
LAT57.6_LON3.6,-0.3525477389060651,95,shallow
LAT57.6_LON3.7,-0.3517878443880703,95,shallow
LAT57.6_LON3.9,-0.350089881324839,95,shallow
LAT57.6_LON4.0,-0.3494940562204518,95,shallow
LAT57.6_LON4.1,-0.348824732301048,95,shallow
LAT57.6_LON4.2,-0.3455185157621254,95,shallow
LAT57.6_LON4.3,-0.3452544959352199,95,shallow
LAT57.6_LON4.4,-0.3473034804185243,95,shallow
LAT57.6_LON4.5,-0.34694750367930755,95,shallow
LAT57.6_LON4.6,-0.348817715221999,95,shallow
LAT57.6_LON4.7,-0.3503170842435113,95,shallow
LAT57.6_LON4.8,-0.3481995761546892,95,shallow
LAT57.6_LON4.9,-0.3363053419481342,95,shallow
LAT57.6_LON5.0,-0.35036673986437594,95,shallow
LAT57.6_LON5.1,-0.34752649021885706,95,shallow
LAT57.6_LON5.2,-0.3459366794122318,95,shallow
LAT57.6_LON5.3,-0.34725710669079946,95,shallow
LAT57.6_LON5.4,-0.3454258490401658,95,shallow
LAT57.6_LON5.5,-0.3483718834792748,95,shallow
LAT57.6_LON5.6,-0.3488878406934701,95,shallow
LAT57.6_LON5.7,-0.3452954825891881,95,shallow
LAT57.6_LON5.8,-0.3448519624638922,95,shallow
LAT57.6_LON5.9,-0.3460532680052348,95,shallow
LAT57.6_LON6.0,-0.3471383925503875,95,shallow
LAT57.6_LON6.1,-0.3468351168553271,95,shallow
LAT57.6_LON6.2,-0.3471349926010134,95,shallow
LAT57.6_LON6.3,-0.3470676329335052,95,shallow
LAT57.6_LON6.4,-0.34729484549414413,95,shallow
LAT57.6_LON6.5,-0.3482034570485286,95,shallow
LAT57.6_LON6.6,-0.34698271494752975,95,shallow
LAT57.6_LON6.7,-0.34351929898325134,95,shallow
LAT57.6_LON6.8,-0.3476465673272236,95,shallow
LAT57.6_LON6.9,-0.3467433452700978,95,shallow
LAT57.6_LON7.0,-0.3479921102228262,95,shallow
LAT57.6_LON7.1,-0.34764872968111693,95,shallow
LAT57.6_LON7.2,-0.3487373204428506,95,shallow
LAT57.6_LON7.3,-0.34519955564719496,95,shallow
LAT57.6_LON7.4,-0.34794298729767875,95,shallow
LAT57.6_LON7.5,-0.34546386346660823,95,shallow
LAT57.6_LON7.6,-0.3453428560818228,95,shallow
LAT57.6_LON7.7,-0.3465510786429486,95,shallow
LAT57.6_LON7.8,-0.3427967277791736,95,shallow
LAT57.6_LON7.9,-0.34444352371892845,95,shallow
LAT57.6_LON8.0,-0.3498059483299535,95,shallow
LAT57.7_LON2.0,-0.3460903658574879,95,shallow
LAT57.7_LON2.3,-0.3400114741499096,95,shallow
LAT57.7_LON2.9,-0.34819015435664197,95,shallow
LAT57.7_LON3.0,-0.3440600939126377,95,shallow
LAT57.7_LON3.1,-0.34424815470602216,95,shallow
LAT57.7_LON3.2,-0.3480952700640323,95,shallow
LAT57.7_LON3.3,-0.3482659145058091,95,shallow
LAT57.7_LON3.4,-0.3536754262760627,95,shallow
LAT57.7_LON3.5,-0.34776464349303204,95,shallow
LAT57.7_LON3.6,-0.34751261510879095,95,shallow
LAT57.7_LON3.7,-0.3489902682084446,95,shallow
LAT57.7_LON3.8,-0.3458583774653614,95,shallow
LAT57.7_LON3.9,-0.3493863193683045,95,shallow
LAT57.7_LON4.0,-0.35215817699406776,95,shallow
LAT57.7_LON4.1,-0.34836980186984007,95,shallow
LAT57.7_LON4.2,-0.3465392372841786,95,shallow
LAT57.7_LON4.3,-0.34672591438470746,95,shallow
LAT57.7_LON4.4,-0.34865516277893405,95,shallow
LAT57.7_LON4.5,-0.3446873207539514,95,shallow
LAT57.7_LON4.6,-0.34945089486451486,95,shallow
LAT57.7_LON4.7,-0.34508038399106233,95,shallow
LAT57.7_LON4.8,-0.34606133613611495,95,shallow
LAT57.7_LON4.9,-0.3438099236301161,95,shallow
LAT57.7_LON5.0,-0.34511574717203797,95,shallow
LAT57.7_LON5.1,-0.3488584648551156,95,shallow
LAT57.7_LON5.2,-0.3487577664608718,95,shallow
LAT57.7_LON5.3,-0.34608149987480485,95,shallow
LAT57.7_LON5.4,-0.3458506445601282,95,shallow
LAT57.7_LON5.5,-0.3445786186206203,95,shallow
LAT57.7_LON5.6,-0.34468704302178965,95,shallow
LAT57.7_LON5.7,-0.3495976888234183,95,shallow
LAT57.7_LON5.8,-0.34231441108452915,95,shallow
LAT57.7_LON5.9,-0.35023468760769333,95,shallow
LAT57.7_LON6.0,-0.3468507332129472,95,shallow
LAT57.7_LON6.1,-0.34928673126996773,95,shallow
LAT57.7_LON6.2,-0.34616528735370794,95,shallow
LAT57.7_LON6.3,-0.34695438146041097,95,shallow
LAT57.7_LON6.4,-0.3455620710340399,95,shallow
LAT57.7_LON6.5,-0.3432932309409381,95,shallow
LAT57.7_LON6.6,-0.350191796528948,95,shallow
LAT57.7_LON6.7,-0.3484496944836591,95,shallow
LAT57.7_LON6.8,-0.3465859433645039,95,shallow
LAT57.7_LON6.9,-0.34884577986095144,95,shallow
LAT57.7_LON7.0,-0.34631137144059626,95,shallow
LAT57.7_LON7.1,-0.34736938159750885,95,shallow
LAT57.7_LON7.2,-0.34748043064901835,95,shallow
LAT57.7_LON7.3,-0.34561621067451803,95,shallow
LAT57.7_LON7.4,-0.3480274461186325,95,shallow
LAT57.7_LON7.5,-0.34706114868731275,95,shallow
LAT57.7_LON7.6,-0.34474864971434216,95,shallow
LAT57.7_LON7.8,-0.3494419032142666,95,shallow
LAT57.7_LON7.9,-0.35053776719221086,95,shallow
LAT57.7_LON8.0,-0.34791591623620893,95,shallow
LAT57.8_LON2.0,-0.34713631241751897,95,shallow
LAT57.8_LON2.1,-0.33409716056968464,95,shallow
LAT57.8_LON2.3,-0.3517878443880703,95,shallow
LAT57.8_LON2.4,-0.3520357299495413,95,shallow
LAT57.8_LON2.5,-0.35517102647182347,95,shallow
LAT57.8_LON2.7,-0.34881243836869363,95,shallow
LAT57.8_LON2.9,-0.34634058451632654,95,shallow
LAT57.8_LON3.0,-0.3458104394245251,95,shallow
LAT57.8_LON3.1,-0.3453328946453423,95,shallow
LAT57.8_LON3.2,-0.3469736884054152,95,shallow
LAT57.8_LON3.3,-0.34347279345432546,95,shallow
LAT57.8_LON3.4,-0.3491430468839808,95,shallow
LAT57.8_LON3.5,-0.3415760298991768,95,shallow
LAT57.8_LON3.6,-0.34877957158576506,95,shallow
LAT57.8_LON3.7,-0.34826254081018837,95,shallow
LAT57.8_LON3.8,-0.3430864161610816,95,shallow
LAT57.8_LON3.9,-0.3428876017118003,95,shallow
LAT57.8_LON4.0,-0.3485120619188829,95,shallow
LAT57.8_LON4.1,-0.3436241359602299,95,shallow
LAT57.8_LON4.2,-0.34741976304058847,95,shallow
LAT57.8_LON4.3,-0.3458647890830957,95,shallow
LAT57.8_LON4.4,-0.34975332003604787,95,shallow
LAT57.8_LON4.5,-0.34868659553325015,95,shallow
LAT57.8_LON4.6,-0.35073221496270496,95,shallow
LAT57.8_LON4.7,-0.346273317439915,95,shallow
LAT57.8_LON4.8,-0.3466607919856425,95,shallow
LAT57.8_LON4.9,-0.3488709300882424,95,shallow
LAT57.8_LON5.0,-0.34580148616028805,95,shallow
LAT57.8_LON5.1,-0.34837569201068647,95,shallow
LAT57.8_LON5.2,-0.34711128574304984,95,shallow
LAT57.8_LON5.3,-0.3481243865955601,95,shallow
LAT57.8_LON5.4,-0.34482203041221104,95,shallow
LAT57.8_LON5.5,-0.34608595500534406,95,shallow
LAT57.8_LON5.6,-0.34788397599012794,95,shallow
LAT57.8_LON5.7,-0.3452676664148374,95,shallow
LAT57.8_LON5.8,-0.34570013783884074,95,shallow
LAT57.8_LON5.9,-0.3483151698639918,95,shallow
LAT57.8_LON6.0,-0.3450089715240076,95,shallow
LAT57.8_LON6.1,-0.34734135094948904,95,shallow
LAT57.8_LON6.2,-0.3445761708054226,95,shallow
LAT57.8_LON6.3,-0.34757411886088113,95,shallow
LAT57.8_LON6.4,-0.34550894048876857,95,shallow
LAT57.8_LON6.5,-0.34814862315096634,95,shallow
LAT57.8_LON6.6,-0.3392918388168481,95,shallow
LAT57.8_LON6.7,-0.3452491855226386,95,shallow
LAT57.8_LON6.8,-0.33705042603427005,95,shallow
LAT57.8_LON6.9,-0.34616146068734843,95,shallow
LAT57.8_LON7.2,-0.3492997831403277,95,shallow
LAT57.8_LON7.3,-0.34849587483924693,95,shallow
LAT57.8_LON7.4,-0.349092386585504,95,shallow
LAT57.8_LON7.5,-0.35454638644697667,95,shallow
LAT57.8_LON7.6,-0.34842130976496594,95,shallow
LAT57.8_LON7.7,-0.346578364684365,95,shallow
LAT57.8_LON7.9,-0.3457640179693693,95,shallow
LAT57.9_LON2.2,-0.3460053273672919,95,shallow
LAT57.9_LON2.3,-0.3517985253398384,95,shallow
LAT57.9_LON2.5,-0.34826254081018837,95,shallow
LAT57.9_LON2.8,-0.34722164995977756,95,shallow
LAT57.9_LON2.9,-0.3377424404509954,95,shallow
LAT57.9_LON3.0,-0.3451543821437307,95,shallow
LAT57.9_LON3.1,-0.3468256540628926,95,shallow
LAT57.9_LON3.2,-0.3478503543188535,95,shallow
LAT57.9_LON3.3,-0.34639004920785355,95,shallow
LAT57.9_LON3.4,-0.34818618073834023,95,shallow
LAT57.9_LON3.5,-0.3447690483475356,95,shallow
LAT57.9_LON3.6,-0.3456060772864268,95,shallow
LAT57.9_LON3.7,-0.34981421520787764,95,shallow
LAT57.9_LON3.8,-0.3454250201334806,95,shallow
LAT57.9_LON3.9,-0.34635513954720754,95,shallow
LAT57.9_LON4.0,-0.34661344407971867,95,shallow
LAT57.9_LON4.1,-0.3463718566997076,95,shallow
LAT57.9_LON4.2,-0.33820543738398245,95,shallow
LAT57.9_LON4.3,-0.3488469991277818,95,shallow
LAT57.9_LON4.4,-0.34457662558015273,95,shallow
LAT57.9_LON4.5,-0.34745508772073214,95,shallow
LAT57.9_LON4.6,-0.34706613791671376,95,shallow
LAT57.9_LON4.7,-0.3529935432384932,95,shallow
LAT57.9_LON4.8,-0.3445041161248946,95,shallow
LAT57.9_LON4.9,-0.34725703152812426,95,shallow
LAT57.9_LON5.0,-0.3454695234854196,95,shallow
LAT57.9_LON5.1,-0.34936366834148785,95,shallow
LAT57.9_LON5.2,-0.3478896436667658,95,shallow
LAT57.9_LON5.3,-0.34769959000242295,95,shallow
LAT57.9_LON5.4,-0.34659098488378626,95,shallow
LAT57.9_LON5.5,-0.3477191535593245,95,shallow
LAT57.9_LON5.6,-0.34897840088035403,95,shallow
LAT57.9_LON5.7,-0.34745961455917995,95,shallow
LAT57.9_LON5.8,-0.3451461693959208,95,shallow
LAT57.9_LON5.9,-0.34563750892986345,95,shallow
LAT57.9_LON6.0,-0.34877288456701167,95,shallow
LAT57.9_LON6.1,-0.34781269836340795,95,shallow
LAT57.9_LON6.2,-0.3461587012164216,95,shallow
LAT57.9_LON6.3,-0.3448750296877257,95,shallow
LAT57.9_LON6.4,-0.34412721283611336,95,shallow
LAT57.9_LON6.5,-0.34650484726046005,95,shallow
LAT57.9_LON6.6,-0.3453603918636099,95,shallow
LAT57.9_LON6.7,-0.35074637064000996,95,shallow
LAT57.9_LON6.8,-0.34438444834473175,95,shallow
LAT57.9_LON6.9,-0.3476481084872152,95,shallow
LAT57.9_LON7.0,-0.3488743663621138,95,shallow
LAT57.9_LON7.1,-0.3448396947920316,95,shallow
LAT57.9_LON7.2,-0.34680016701374433,95,shallow
LAT57.9_LON7.3,-0.3478862975864263,95,shallow
LAT57.9_LON7.4,-0.3487622714367702,95,shallow
LAT57.9_LON7.5,-0.34632408719518193,95,shallow
LAT57.9_LON7.6,-0.34669665395641036,95,shallow
LAT57.9_LON7.7,-0.3477446165058758,95,shallow
LAT57.9_LON7.8,-0.3465792227202115,95,shallow
LAT57.9_LON7.9,-0.34525350632688817,95,shallow
LAT57.9_LON8.0,-0.35107025681545123,95,shallow
LAT58.0_LON2.1,-0.33947011701101937,95,shallow
LAT58.0_LON2.3,-0.35238791855407126,95,shallow
LAT58.0_LON2.4,-0.34658540975237995,95,shallow
LAT58.0_LON2.5,-0.34805737639678935,95,shallow
LAT58.0_LON2.6,-0.3471292340755073,95,shallow
LAT58.0_LON2.7,-0.34064965767419664,95,shallow
LAT58.0_LON2.8,-0.33686379366649555,95,shallow
LAT58.0_LON2.9,-0.34835081072053553,95,shallow
LAT58.0_LON3.0,-0.35075924680405546,95,shallow
LAT58.0_LON3.1,-0.34508047572185774,95,shallow
LAT58.0_LON3.2,-0.348995854842632,95,shallow
LAT58.0_LON3.3,-0.3367931700870555,95,shallow
LAT58.0_LON3.4,-0.34843873540702947,95,shallow
LAT58.0_LON3.5,-0.3459493914259197,95,shallow
LAT58.0_LON3.6,-0.346518253147418,95,shallow
LAT58.0_LON3.7,-0.3520357299495413,95,shallow
LAT58.0_LON3.8,-0.34636081766757804,95,shallow
LAT58.0_LON3.9,-0.34504209519980256,95,shallow
LAT58.0_LON4.0,-0.34681246106221036,95,shallow
LAT58.0_LON4.2,-0.34660646010115004,95,shallow
LAT58.0_LON4.3,-0.34362293707645764,95,shallow
LAT58.0_LON4.4,-0.3476198382629829,95,shallow
LAT58.0_LON4.5,-0.3477624817584985,95,shallow
LAT58.0_LON4.6,-0.34574193526827646,95,shallow
LAT58.0_LON4.7,-0.3479533885905846,95,shallow
LAT58.0_LON4.8,-0.3384372130348057,95,shallow
LAT58.0_LON4.9,-0.3423457054720151,95,shallow
LAT58.0_LON5.0,-0.346864001253124,95,shallow
LAT58.0_LON5.1,-0.34853032548004687,95,shallow
LAT58.0_LON5.2,-0.3474995605964348,95,shallow
LAT58.0_LON5.3,-0.3470146570802312,95,shallow
LAT58.0_LON5.4,-0.3479411884358228,95,shallow
LAT58.0_LON5.5,-0.346815920507144,95,shallow
LAT58.0_LON5.6,-0.34917875424929573,95,shallow
LAT58.0_LON5.7,-0.3478423963368299,95,shallow
LAT58.0_LON5.8,-0.34615911249021963,95,shallow
LAT58.0_LON5.9,-0.3466663774910722,95,shallow
LAT58.0_LON6.0,-0.34555397589568776,95,shallow
LAT58.0_LON6.1,-0.346939466420191,95,shallow
LAT58.0_LON6.2,-0.34506649530202377,95,shallow
LAT58.0_LON6.3,-0.34520990111206484,95,shallow
LAT58.0_LON6.4,-0.344201245875029,95,shallow
LAT58.0_LON6.5,-0.34358608414193986,95,shallow
LAT58.0_LON6.6,-0.3428042978542584,95,shallow
LAT58.0_LON6.7,-0.3487591154389184,95,shallow
LAT58.0_LON6.8,-0.337665275529859,95,shallow
LAT58.0_LON6.9,-0.3466051780956445,95,shallow
LAT58.0_LON7.0,-0.34600363503020526,95,shallow
LAT58.0_LON7.1,-0.3455265637486313,95,shallow
LAT58.0_LON7.2,-0.34835481323900164,95,shallow
LAT58.0_LON7.3,-0.3494733131099489,95,shallow
LAT58.0_LON7.5,-0.34852817747595216,95,shallow
LAT58.0_LON7.6,-0.3427779937753561,95,shallow
LAT58.0_LON7.7,-0.34746003677148163,95,shallow
LAT58.0_LON7.8,-0.34981953436920776,95,shallow
LAT58.0_LON7.9,-0.3480290197711446,95,shallow
LAT58.0_LON8.0,-0.3459016167549704,95,shallow
