cell_id,mean_ite,bathymetry,depth_zone
LAT35.0_LON-30.1,-0.34530320269112863,4200,deep
LAT35.0_LON-30.3,-0.3452211980710927,4200,deep
LAT35.0_LON-30.4,-0.34996164322162854,4200,deep
LAT35.0_LON-30.8,-0.34614611039598836,4200,deep
LAT35.0_LON-31.3,-0.3527094133636041,4200,deep
LAT35.0_LON-31.4,-0.34960016392640736,4200,deep
LAT35.0_LON-31.5,-0.3448562615906777,4200,deep
LAT35.0_LON-31.9,-0.347171669227589,4200,deep
LAT35.0_LON-32.0,-0.3491419668586825,4200,deep
LAT35.0_LON-32.1,-0.3480741503607733,4200,deep
LAT35.0_LON-32.3,-0.35080631391541234,4200,deep
LAT35.0_LON-32.4,-0.3471060095611319,4200,deep
LAT35.0_LON-32.5,-0.3508822099521501,4200,deep
LAT35.0_LON-33.1,-0.3479158633596552,4200,deep
LAT35.0_LON-33.2,-0.34508787658005075,4200,deep
LAT35.0_LON-33.3,-0.34509608748191034,4200,deep
LAT35.0_LON-33.6,-0.34878578837575536,4200,deep
LAT35.0_LON-34.1,-0.3459131764769812,4200,deep
LAT35.0_LON-34.2,-0.35014488288774,4200,deep
LAT35.0_LON-34.4,-0.3491103599799633,4200,deep
LAT35.0_LON-34.6,-0.3447989840634098,4200,deep
LAT35.0_LON-34.8,-0.3516683600066928,4200,deep
LAT35.0_LON-35.0,-0.34508787658005075,4200,deep
LAT35.0_LON-35.1,-0.35288935897808743,4200,deep
LAT35.0_LON-35.2,-0.3476608062679942,4200,deep
LAT35.0_LON-35.3,-0.34502912923344314,4200,deep
LAT35.0_LON-35.5,-0.3480125778334331,4200,deep
LAT35.0_LON-35.9,-0.3468083295280456,4200,deep
LAT35.0_LON-36.0,-0.35128671865997324,4200,deep
LAT35.0_LON-36.1,-0.3479587470184091,4200,deep
LAT35.0_LON-36.2,-0.3512112726177256,4200,deep
LAT35.0_LON-36.4,-0.3473131922824943,4200,deep
LAT35.0_LON-36.6,-0.34599720756999613,4200,deep
LAT35.0_LON-36.8,-0.34497176365768967,4200,deep
LAT35.0_LON-36.9,-0.3460286103288026,4200,deep
LAT35.0_LON-37.4,-0.3513884879439005,4200,deep
LAT35.0_LON-37.8,-0.34938611195738983,4200,deep
LAT35.0_LON-38.1,-0.34506705943401667,4200,deep
LAT35.0_LON-38.2,-0.34928436345770936,4200,deep
LAT35.0_LON-38.4,-0.3493328006006043,4200,deep
LAT35.0_LON-38.5,-0.34699989610525483,4200,deep
LAT35.0_LON-38.6,-0.3452267057034398,4200,deep
LAT35.0_LON-38.7,-0.35066001165955996,4200,deep
LAT35.0_LON-38.8,-0.3525983432943567,4200,deep
LAT35.0_LON-38.9,-0.3470822617268473,4200,deep
LAT35.0_LON-39.1,-0.34862140576878714,4200,deep
LAT35.0_LON-39.3,-0.34979360118918384,4200,deep
LAT35.0_LON-39.5,-0.350923739913278,4200,deep
LAT35.0_LON-39.6,-0.3451624883444507,4200,deep
LAT35.0_LON-39.7,-0.34963392526447445,4200,deep
LAT35.0_LON-39.8,-0.3535891206143157,4200,deep
LAT35.0_LON-40.0,-0.35617315862279103,4200,deep
LAT35.1_LON-30.0,-0.35051626228098626,4200,deep
LAT35.1_LON-30.1,-0.34798062100949756,4200,deep
LAT35.1_LON-30.2,-0.3533926126801018,4200,deep
LAT35.1_LON-30.3,-0.3519128059206192,4200,deep
LAT35.1_LON-30.4,-0.3491425112875537,4200,deep
LAT35.1_LON-30.5,-0.3478261115377027,4200,deep
LAT35.1_LON-30.6,-0.34648746199245356,4200,deep
LAT35.1_LON-30.9,-0.3491425112875537,4200,deep
LAT35.1_LON-31.1,-0.34872793683926934,4200,deep
LAT35.1_LON-31.3,-0.34972594092038756,4200,deep
LAT35.1_LON-31.4,-0.3485220738681656,4200,deep
LAT35.1_LON-31.5,-0.3500626256676146,4200,deep
LAT35.1_LON-31.7,-0.34882181397004486,4200,deep
LAT35.1_LON-31.8,-0.34554097498562064,4200,deep
LAT35.1_LON-31.9,-0.3459919649758703,4200,deep
LAT35.1_LON-32.0,-0.34799461447750063,4200,deep
LAT35.1_LON-32.1,-0.3483213191034845,4200,deep
LAT35.1_LON-32.3,-0.34781879731444204,4200,deep
LAT35.1_LON-32.4,-0.34548770310883786,4200,deep
LAT35.1_LON-32.5,-0.3499027075003338,4200,deep
LAT35.1_LON-33.1,-0.3471289646424724,4200,deep
LAT35.1_LON-33.2,-0.3464143442328786,4200,deep
LAT35.1_LON-33.3,-0.3502271047275614,4200,deep
LAT35.1_LON-33.4,-0.35186406165756245,4200,deep
LAT35.1_LON-33.6,-0.34877789660684255,4200,deep
LAT35.1_LON-33.7,-0.3484902035416064,4200,deep
LAT35.1_LON-33.8,-0.3490511462481828,4200,deep
LAT35.1_LON-33.9,-0.3525983432943567,4200,deep
LAT35.1_LON-34.2,-0.3470891923776603,4200,deep
LAT35.1_LON-34.3,-0.3453531538843255,4200,deep
LAT35.1_LON-34.4,-0.34549283978059503,4200,deep
LAT35.1_LON-34.6,-0.3470764552653906,4200,deep
LAT35.1_LON-34.7,-0.3485122364739983,4200,deep
LAT35.1_LON-34.8,-0.346465317819713,4200,deep
LAT35.1_LON-34.9,-0.3474513854621059,4200,deep
LAT35.1_LON-35.0,-0.3531892764770854,4200,deep
LAT35.1_LON-35.2,-0.3470239871647907,4200,deep
LAT35.1_LON-35.3,-0.34613396764307025,4200,deep
LAT35.1_LON-35.4,-0.3493431073998857,4200,deep
LAT35.1_LON-35.6,-0.34519850618377124,4200,deep
LAT35.1_LON-35.7,-0.34965018332955095,4200,deep
LAT35.1_LON-35.8,-0.3455081051482598,4200,deep
LAT35.1_LON-35.9,-0.3495592190559307,4200,deep
LAT35.1_LON-36.2,-0.3528136106463698,4200,deep
LAT35.1_LON-36.3,-0.34990225915976586,4200,deep
LAT35.1_LON-36.5,-0.34561010555699023,4200,deep
LAT35.1_LON-36.7,-0.34780462108540905,4200,deep
LAT35.1_LON-36.8,-0.3473866414970304,4200,deep
LAT35.1_LON-37.0,-0.345229031037314,4200,deep
LAT35.1_LON-37.1,-0.35180200937236594,4200,deep
LAT35.1_LON-37.3,-0.35091492845249844,4200,deep
LAT35.1_LON-37.4,-0.3470938842187256,4200,deep
LAT35.1_LON-37.5,-0.34728518007746245,4200,deep
LAT35.1_LON-37.7,-0.35001578203926015,4200,deep
LAT35.1_LON-37.9,-0.3473899263455661,4200,deep
LAT35.1_LON-38.0,-0.3451027019372377,4200,deep
LAT35.1_LON-38.2,-0.34855308547067676,4200,deep
LAT35.1_LON-38.5,-0.34537449196235237,4200,deep
LAT35.1_LON-38.7,-0.3476753247543985,4200,deep
LAT35.1_LON-38.8,-0.3483885872022131,4200,deep
LAT35.1_LON-38.9,-0.3491828884221995,4200,deep
LAT35.1_LON-39.2,-0.35045425781764195,4200,deep
LAT35.1_LON-39.3,-0.350681766279567,4200,deep
LAT35.1_LON-39.4,-0.34731767553407433,4200,deep
LAT35.1_LON-39.5,-0.34738292210873956,4200,deep
LAT35.1_LON-39.6,-0.3532738964900341,4200,deep
LAT35.1_LON-39.7,-0.3519128059206192,4200,deep
LAT35.1_LON-39.8,-0.35093328266380813,4200,deep
LAT35.2_LON-30.0,-0.34521471174139307,4200,deep
LAT35.2_LON-30.3,-0.3538524960069979,4200,deep
LAT35.2_LON-30.4,-0.34582140468321465,4200,deep
LAT35.2_LON-30.5,-0.34688204304624,4200,deep
LAT35.2_LON-30.6,-0.3470764552653906,4200,deep
LAT35.2_LON-30.8,-0.34933837428286346,4200,deep
LAT35.2_LON-31.0,-0.34495161593690965,4200,deep
LAT35.2_LON-31.1,-0.3492456681044172,4200,deep
LAT35.2_LON-31.2,-0.3477227028954168,4200,deep
LAT35.2_LON-31.3,-0.3512214968594851,4200,deep
LAT35.2_LON-31.4,-0.34787696124758455,4200,deep
LAT35.2_LON-31.5,-0.3516894686274035,4200,deep
LAT35.2_LON-32.1,-0.3503526282179086,4200,deep
LAT35.2_LON-32.4,-0.3497311863294491,4200,deep
LAT35.2_LON-33.1,-0.34511800088679595,4200,deep
LAT35.2_LON-33.2,-0.34859082965329713,4200,deep
LAT35.2_LON-33.7,-0.34878578837575536,4200,deep
LAT35.2_LON-33.8,-0.34733006476184386,4200,deep
LAT35.2_LON-34.0,-0.3490511462481828,4200,deep
LAT35.2_LON-34.1,-0.34988823116163137,4200,deep
LAT35.2_LON-34.2,-0.34493219770999295,4200,deep
LAT35.2_LON-34.3,-0.35136080007710946,4200,deep
LAT35.2_LON-34.4,-0.3450650381943581,4200,deep
LAT35.2_LON-34.6,-0.35135783264307985,4200,deep
LAT35.2_LON-34.7,-0.34714097410117944,4200,deep
LAT35.2_LON-34.8,-0.3512800431884585,4200,deep
LAT35.2_LON-34.9,-0.3480741503607733,4200,deep
LAT35.2_LON-35.0,-0.3525159209169997,4200,deep
LAT35.2_LON-35.1,-0.34847820462342216,4200,deep
LAT35.2_LON-35.2,-0.3452457598271443,4200,deep
LAT35.2_LON-35.3,-0.34526613246134813,4200,deep
LAT35.2_LON-35.4,-0.34889350367613653,4200,deep
LAT35.2_LON-35.5,-0.35040199567435637,4200,deep
LAT35.2_LON-35.6,-0.3525922918783973,4200,deep
LAT35.2_LON-35.7,-0.34879547437879643,4200,deep
LAT35.2_LON-35.9,-0.3498666100118567,4200,deep
LAT35.2_LON-36.0,-0.34940555857674144,4200,deep
LAT35.2_LON-36.2,-0.3435120564153801,4200,deep
LAT35.2_LON-36.3,-0.35055721443214405,4200,deep
LAT35.2_LON-36.4,-0.3508000069276067,4200,deep
LAT35.2_LON-36.5,-0.3510276103773205,4200,deep
LAT35.2_LON-36.6,-0.3468428843804806,4200,deep
LAT35.2_LON-36.7,-0.34508787658005075,4200,deep
LAT35.2_LON-36.8,-0.3468322320160261,4200,deep
LAT35.2_LON-37.1,-0.34621486268425133,4200,deep
LAT35.2_LON-37.2,-0.35276789885933274,4200,deep
LAT35.2_LON-37.4,-0.3511152858708952,4200,deep
LAT35.2_LON-37.5,-0.34490616554221115,4200,deep
LAT35.2_LON-37.6,-0.3492477771801956,4200,deep
LAT35.2_LON-37.8,-0.3493414484929297,4200,deep
LAT35.2_LON-37.9,-0.3480260369189226,4200,deep
LAT35.2_LON-38.0,-0.3458297311904673,4200,deep
LAT35.2_LON-38.1,-0.34908376823840975,4200,deep
LAT35.2_LON-38.2,-0.34592170684026063,4200,deep
LAT35.2_LON-38.3,-0.3489259885031553,4200,deep
LAT35.2_LON-38.5,-0.34511800088679595,4200,deep
LAT35.2_LON-38.6,-0.34520247580872937,4200,deep
LAT35.2_LON-39.2,-0.34938611195738983,4200,deep
LAT35.2_LON-39.4,-0.34622057091541236,4200,deep
LAT35.2_LON-39.5,-0.351486698600267,4200,deep
LAT35.2_LON-39.7,-0.35092788405638825,4200,deep
LAT35.2_LON-39.9,-0.34549283978059503,4200,deep
LAT35.2_LON-40.0,-0.34948288961534457,4200,deep
LAT35.3_LON-30.0,-0.34530026113629303,4200,deep
LAT35.3_LON-30.3,-0.3491425112875537,4200,deep
LAT35.3_LON-30.4,-0.35080034628740936,4200,deep
LAT35.3_LON-30.5,-0.3513487084298295,4200,deep
LAT35.3_LON-30.6,-0.34524125455130555,4200,deep
LAT35.3_LON-30.7,-0.3519128059206192,4200,deep
LAT35.3_LON-31.0,-0.3461213791543132,4200,deep
LAT35.3_LON-31.1,-0.34801000370770074,4200,deep
LAT35.3_LON-31.2,-0.34949070574126084,4200,deep
LAT35.3_LON-31.3,-0.344060812523288,4200,deep
LAT35.3_LON-31.4,-0.34784515451557796,4200,deep
LAT35.3_LON-31.9,-0.34874623084885575,4200,deep
LAT35.3_LON-32.1,-0.35267342427730847,4200,deep
LAT35.3_LON-32.6,-0.3535891206143157,4200,deep
LAT35.3_LON-32.7,-0.34652388218021885,4200,deep
LAT35.3_LON-33.3,-0.353598789054289,4200,deep
LAT35.3_LON-33.5,-0.34929279715233663,4200,deep
LAT35.3_LON-33.6,-0.3483588897527601,4200,deep
LAT35.3_LON-33.9,-0.3501453942568757,4200,deep
LAT35.3_LON-34.1,-0.34678965646431414,4200,deep
LAT35.3_LON-34.5,-0.3498300894824894,4200,deep
LAT35.3_LON-34.6,-0.3480432299019276,4200,deep
LAT35.3_LON-34.7,-0.34851193745087716,4200,deep
LAT35.3_LON-34.8,-0.34852309253117486,4200,deep
LAT35.3_LON-34.9,-0.34639801969561307,4200,deep
LAT35.3_LON-35.0,-0.35147626016091466,4200,deep
LAT35.3_LON-35.3,-0.349156964741918,4200,deep
LAT35.3_LON-35.4,-0.3499204538984057,4200,deep
LAT35.3_LON-35.5,-0.3488937817742629,4200,deep
LAT35.3_LON-35.7,-0.34698215707062363,4200,deep
LAT35.3_LON-35.9,-0.34735524494164105,4200,deep
LAT35.3_LON-36.1,-0.3468062917164396,4200,deep
LAT35.3_LON-36.3,-0.34613396764307025,4200,deep
LAT35.3_LON-36.6,-0.34508787658005075,4200,deep
LAT35.3_LON-37.0,-0.345432151838894,4200,deep
LAT35.3_LON-37.2,-0.3452109046717561,4200,deep
LAT35.3_LON-37.3,-0.3520296125586493,4200,deep
LAT35.3_LON-37.4,-0.34933892358422763,4200,deep
LAT35.3_LON-37.7,-0.3485295922106797,4200,deep
LAT35.3_LON-37.8,-0.3511908120420829,4200,deep
LAT35.3_LON-37.9,-0.35091243622727814,4200,deep
LAT35.3_LON-38.0,-0.3462240615604537,4200,deep
LAT35.3_LON-38.1,-0.34581225340581895,4200,deep
LAT35.3_LON-38.2,-0.346862486327818,4200,deep
LAT35.3_LON-38.3,-0.34759742788995407,4200,deep
LAT35.3_LON-38.4,-0.34878578837575536,4200,deep
LAT35.3_LON-38.5,-0.34692626229727386,4200,deep
LAT35.3_LON-38.6,-0.35239055031200117,4200,deep
LAT35.3_LON-38.7,-0.3498520159707166,4200,deep
LAT35.3_LON-38.9,-0.3512298079316878,4200,deep
LAT35.3_LON-39.1,-0.347898750158099,4200,deep
LAT35.3_LON-39.2,-0.3510725462117713,4200,deep
LAT35.3_LON-39.3,-0.35234334022799607,4200,deep
LAT35.3_LON-39.4,-0.34927771131326496,4200,deep
LAT35.3_LON-39.7,-0.34901746470430645,4200,deep
LAT35.3_LON-39.8,-0.35051626228098626,4200,deep
LAT35.3_LON-39.9,-0.3525159209169997,4200,deep
LAT35.3_LON-40.0,-0.35568700190451,4200,deep
LAT35.4_LON-30.0,-0.3496389830223758,4200,deep
LAT35.4_LON-30.1,-0.34549283978059503,4200,deep
LAT35.4_LON-30.2,-0.3462707436777061,4200,deep
LAT35.4_LON-30.3,-0.34877789660684255,4200,deep
LAT35.4_LON-30.4,-0.34526071006658754,4200,deep
LAT35.4_LON-30.6,-0.35357746312624067,4200,deep
LAT35.4_LON-30.8,-0.3490472411123856,4200,deep
LAT35.4_LON-30.9,-0.3471828306977929,4200,deep
LAT35.4_LON-31.0,-0.3513884879439005,4200,deep
LAT35.4_LON-31.1,-0.35038039492095235,4200,deep
LAT35.4_LON-31.2,-0.3505645643018757,4200,deep
LAT35.4_LON-31.3,-0.3480432299019276,4200,deep
LAT35.4_LON-31.4,-0.34692066498851554,4200,deep
LAT35.4_LON-31.5,-0.3534548034409601,4200,deep
LAT35.4_LON-32.0,-0.3526188377572442,4200,deep
LAT35.4_LON-32.1,-0.3483885872022131,4200,deep
LAT35.4_LON-32.2,-0.34614611039598836,4200,deep
LAT35.4_LON-32.5,-0.34549283978059503,4200,deep
LAT35.4_LON-32.7,-0.34647297540218935,4200,deep
LAT35.4_LON-33.1,-0.34927847946981516,4200,deep
LAT35.4_LON-33.2,-0.3525983432943567,4200,deep
LAT35.4_LON-33.4,-0.35052480192269964,4200,deep
LAT35.4_LON-33.5,-0.3511152858708952,4200,deep
LAT35.4_LON-33.6,-0.351790582963656,4200,deep
LAT35.4_LON-33.7,-0.34491240774329657,4200,deep
LAT35.4_LON-33.8,-0.3462108912198681,4200,deep
LAT35.4_LON-34.1,-0.3490511462481828,4200,deep
LAT35.4_LON-34.2,-0.3456154755455711,4200,deep
LAT35.4_LON-34.4,-0.3512112726177256,4200,deep
LAT35.4_LON-34.6,-0.34520247580872937,4200,deep
LAT35.4_LON-34.9,-0.3484770291988026,4200,deep
LAT35.4_LON-35.0,-0.34512426171486427,4200,deep
LAT35.4_LON-35.1,-0.3526189681564149,4200,deep
LAT35.4_LON-35.6,-0.3497311863294491,4200,deep
LAT35.4_LON-35.7,-0.35240237001052754,4200,deep
LAT35.4_LON-35.8,-0.3483000352995078,4200,deep
LAT35.4_LON-35.9,-0.34909952893423757,4200,deep
LAT35.4_LON-36.2,-0.34470473290862064,4200,deep
LAT35.4_LON-36.3,-0.3447780453064846,4200,deep
LAT35.4_LON-36.4,-0.34860301391237136,4200,deep
LAT35.4_LON-36.5,-0.3527707788001141,4200,deep
LAT35.4_LON-36.6,-0.34933892358422763,4200,deep
LAT35.4_LON-36.7,-0.3533926126801018,4200,deep
LAT35.4_LON-36.9,-0.3461121534392302,4200,deep
LAT35.4_LON-37.2,-0.34755176169440777,4200,deep
LAT35.4_LON-37.3,-0.3471724935481415,4200,deep
LAT35.4_LON-37.4,-0.348132385431779,4200,deep
LAT35.4_LON-37.5,-0.350681766279567,4200,deep
LAT35.4_LON-37.6,-0.34721086705316323,4200,deep
LAT35.4_LON-37.7,-0.35357746312624067,4200,deep
LAT35.4_LON-37.8,-0.35239709502004424,4200,deep
LAT35.4_LON-37.9,-0.3475578243441523,4200,deep
LAT35.4_LON-38.0,-0.3491224000497966,4200,deep
LAT35.4_LON-38.1,-0.3512214968594851,4200,deep
LAT35.4_LON-38.2,-0.3493987835172724,4200,deep
LAT35.4_LON-38.3,-0.34399055663403627,4200,deep
LAT35.4_LON-38.5,-0.3482941920189352,4200,deep
LAT35.4_LON-38.6,-0.3527707788001141,4200,deep
LAT35.4_LON-38.7,-0.3492192685349862,4200,deep
LAT35.4_LON-39.0,-0.349580635128528,4200,deep
LAT35.4_LON-39.2,-0.3492636143166692,4200,deep
LAT35.4_LON-39.3,-0.3491144760844603,4200,deep
LAT35.4_LON-39.4,-0.34810278237282605,4200,deep
LAT35.4_LON-39.5,-0.3469084090799354,4200,deep
LAT35.4_LON-39.6,-0.3502542991803934,4200,deep
LAT35.4_LON-39.8,-0.34923503758597485,4200,deep
LAT35.4_LON-39.9,-0.34832690067136185,4200,deep
LAT35.5_LON-30.3,-0.35357746312624067,4200,deep
LAT35.5_LON-30.4,-0.34923503758597485,4200,deep
LAT35.5_LON-30.6,-0.3447625204297763,4200,deep
LAT35.5_LON-30.7,-0.34722537425747,4200,deep
LAT35.5_LON-30.9,-0.34763289606563,4200,deep
LAT35.5_LON-31.1,-0.3447989840634098,4200,deep
LAT35.5_LON-31.4,-0.34823720587433427,4200,deep
LAT35.5_LON-31.5,-0.3498503584141269,4200,deep
LAT35.5_LON-31.7,-0.35019468831939854,4200,deep
LAT35.5_LON-32.1,-0.3482357369200976,4200,deep
LAT35.5_LON-32.2,-0.3504759690761929,4200,deep
LAT35.5_LON-32.4,-0.3495269536279324,4200,deep
LAT35.5_LON-32.6,-0.3486469322577316,4200,deep
LAT35.5_LON-32.8,-0.3489729898557968,4200,deep
LAT35.5_LON-33.3,-0.350080244007533,4200,deep
LAT35.5_LON-33.5,-0.35141131839213685,4200,deep
LAT35.5_LON-33.6,-0.35065257084944423,4200,deep
LAT35.5_LON-33.7,-0.35557826240415635,4200,deep
LAT35.5_LON-33.9,-0.34930235710668267,4200,deep
LAT35.5_LON-34.0,-0.34873035013694814,4200,deep
LAT35.5_LON-34.1,-0.347171669227589,4200,deep
LAT35.5_LON-34.2,-0.3467775444617849,4200,deep
LAT35.5_LON-34.4,-0.3507890301034824,4200,deep
LAT35.5_LON-34.5,-0.3471101450667182,4200,deep
LAT35.5_LON-34.6,-0.35120594684846773,4200,deep
LAT35.5_LON-34.7,-0.3473208237421727,4200,deep
LAT35.5_LON-34.8,-0.3522767583745097,4200,deep
LAT35.5_LON-35.0,-0.3498181080072023,4200,deep
LAT35.5_LON-35.1,-0.3473517221715484,4200,deep
LAT35.5_LON-35.3,-0.34892572268812794,4200,deep
LAT35.5_LON-35.5,-0.3451541569926611,4200,deep
LAT35.5_LON-35.6,-0.34952900288218425,4200,deep
LAT35.5_LON-35.9,-0.3448583225129765,4200,deep
LAT35.5_LON-36.1,-0.347298532027609,4200,deep
LAT35.5_LON-36.9,-0.3480432299019276,4200,deep
LAT35.5_LON-37.1,-0.3472964635240862,4200,deep
LAT35.5_LON-37.2,-0.3472176029482379,4200,deep
LAT35.5_LON-37.3,-0.34564408311839806,4200,deep
LAT35.5_LON-37.4,-0.35190399458340277,4200,deep
LAT35.5_LON-37.5,-0.3441257695372768,4200,deep
LAT35.5_LON-38.0,-0.34582050048303464,4200,deep
LAT35.5_LON-38.1,-0.3467919994132843,4200,deep
LAT35.5_LON-38.2,-0.3510286201822863,4200,deep
LAT35.5_LON-38.3,-0.3508201414783838,4200,deep
LAT35.5_LON-38.7,-0.3520198763540787,4200,deep
LAT35.5_LON-38.8,-0.34824027867509066,4200,deep
LAT35.5_LON-39.2,-0.3504505461000939,4200,deep
LAT35.5_LON-39.3,-0.3513884879439005,4200,deep
LAT35.5_LON-39.4,-0.34931724579917645,4200,deep
LAT35.5_LON-39.8,-0.349818254221527,4200,deep
LAT35.6_LON-30.2,-0.3520497581664989,4200,deep
LAT35.6_LON-30.5,-0.35276387172162593,4200,deep
LAT35.6_LON-30.6,-0.34752431523758676,4200,deep
LAT35.6_LON-30.7,-0.3441257695372768,4200,deep
LAT35.6_LON-31.3,-0.34543819891097455,4200,deep
LAT35.6_LON-31.4,-0.35113339948019173,4200,deep
LAT35.6_LON-31.7,-0.3474426284610177,4200,deep
LAT35.6_LON-32.0,-0.3458582025214354,4200,deep
LAT35.6_LON-32.1,-0.3538575930202371,4200,deep
LAT35.6_LON-32.2,-0.350883976219331,4200,deep
LAT35.6_LON-32.3,-0.3490511462481828,4200,deep
LAT35.6_LON-32.4,-0.34554097498562064,4200,deep
LAT35.6_LON-32.5,-0.3497061369904173,4200,deep
LAT35.6_LON-32.8,-0.34791245158450157,4200,deep
LAT35.6_LON-33.0,-0.34817670464893424,4200,deep
LAT35.6_LON-33.2,-0.34862733406463353,4200,deep
LAT35.6_LON-33.4,-0.35004432788496614,4200,deep
LAT35.6_LON-33.5,-0.3497061369904173,4200,deep
LAT35.6_LON-33.6,-0.3528768968756595,4200,deep
LAT35.6_LON-33.7,-0.3474303986550505,4200,deep
LAT35.6_LON-33.8,-0.34544744282158935,4200,deep
LAT35.6_LON-33.9,-0.34582140468321465,4200,deep
LAT35.6_LON-34.0,-0.35233971474554254,4200,deep
LAT35.6_LON-34.1,-0.3462108912198681,4200,deep
LAT35.6_LON-34.2,-0.34903511620622285,4200,deep
LAT35.6_LON-34.4,-0.34586842734994216,4200,deep
LAT35.6_LON-34.5,-0.3464904912931068,4200,deep
LAT35.6_LON-34.6,-0.34694149433796134,4200,deep
LAT35.6_LON-35.0,-0.3437839106113422,4200,deep
LAT35.6_LON-35.2,-0.348643960391242,4200,deep
LAT35.6_LON-35.3,-0.3493765039788018,4200,deep
LAT35.6_LON-35.7,-0.3478880241224755,4200,deep
LAT35.6_LON-35.8,-0.35091492845249844,4200,deep
LAT35.6_LON-35.9,-0.3461213791543132,4200,deep
LAT35.6_LON-36.0,-0.34530320269112863,4200,deep
LAT35.6_LON-36.4,-0.347368793012444,4200,deep
LAT35.6_LON-36.8,-0.34715977235215534,4200,deep
LAT35.6_LON-37.0,-0.345432151838894,4200,deep
LAT35.6_LON-37.2,-0.35128671865997324,4200,deep
LAT35.6_LON-37.3,-0.3496797477597976,4200,deep
LAT35.6_LON-37.4,-0.34526613246134813,4200,deep
LAT35.6_LON-37.5,-0.3490934866011667,4200,deep
LAT35.6_LON-37.6,-0.34807936969973685,4200,deep
LAT35.6_LON-37.8,-0.34509097187633364,4200,deep
LAT35.6_LON-38.0,-0.34910598715562063,4200,deep
LAT35.6_LON-38.1,-0.35462003783373597,4200,deep
LAT35.6_LON-38.4,-0.3455785613077716,4200,deep
LAT35.6_LON-38.5,-0.34543819891097455,4200,deep
LAT35.6_LON-38.6,-0.3493326698531457,4200,deep
LAT35.6_LON-38.9,-0.3468921499526935,4200,deep
LAT35.6_LON-39.0,-0.34543446487129775,4200,deep
LAT35.6_LON-39.3,-0.34398037706541523,4200,deep
LAT35.6_LON-39.4,-0.3486337739772172,4200,deep
LAT35.6_LON-39.5,-0.34895837140751684,4200,deep
LAT35.6_LON-39.6,-0.3500540061245566,4200,deep
LAT35.6_LON-39.9,-0.3481320236534562,4200,deep
LAT35.7_LON-30.0,-0.35617315862279103,4200,deep
LAT35.7_LON-30.1,-0.3513251576177413,4200,deep
LAT35.7_LON-30.3,-0.3511594603301753,4200,deep
LAT35.7_LON-30.5,-0.3524540791162504,4200,deep
LAT35.7_LON-30.6,-0.34512426171486427,4200,deep
LAT35.7_LON-30.9,-0.34909952893423757,4200,deep
LAT35.7_LON-31.3,-0.34549283978059503,4200,deep
LAT35.7_LON-31.4,-0.34652388218021885,4200,deep
LAT35.7_LON-31.7,-0.3492972225464728,4200,deep
LAT35.7_LON-31.8,-0.34508787658005075,4200,deep
LAT35.7_LON-31.9,-0.3516150455050444,4200,deep
LAT35.7_LON-32.0,-0.3501098299806459,4200,deep
LAT35.7_LON-32.1,-0.347171669227589,4200,deep
LAT35.7_LON-32.3,-0.34869386670427066,4200,deep
LAT35.7_LON-32.4,-0.34530026113629303,4200,deep
LAT35.7_LON-32.5,-0.34549920590553407,4200,deep
LAT35.7_LON-32.6,-0.3491304310180794,4200,deep
LAT35.7_LON-32.7,-0.3491425112875537,4200,deep
LAT35.7_LON-32.9,-0.3462707436777061,4200,deep
LAT35.7_LON-33.1,-0.3452211980710927,4200,deep
LAT35.7_LON-33.2,-0.3495772715196303,4200,deep
LAT35.7_LON-33.3,-0.3493328006006043,4200,deep
LAT35.7_LON-33.4,-0.34997128639819963,4200,deep
LAT35.7_LON-33.5,-0.3533926126801018,4200,deep
LAT35.7_LON-33.6,-0.3485879808137147,4200,deep
LAT35.7_LON-33.7,-0.3499713733451983,4200,deep
LAT35.7_LON-33.8,-0.34851639910922416,4200,deep
LAT35.7_LON-33.9,-0.350890472247974,4200,deep
LAT35.7_LON-34.2,-0.35269968696847503,4200,deep
LAT35.7_LON-34.3,-0.35039851791086396,4200,deep
LAT35.7_LON-34.4,-0.3482099230803476,4200,deep
LAT35.7_LON-34.5,-0.35078413125224317,4200,deep
LAT35.7_LON-34.6,-0.34549283978059503,4200,deep
LAT35.7_LON-34.7,-0.34909952893423757,4200,deep
LAT35.7_LON-34.8,-0.35428717415274796,4200,deep
LAT35.7_LON-34.9,-0.3523459691750393,4200,deep
LAT35.7_LON-35.0,-0.3456154755455711,4200,deep
LAT35.7_LON-35.1,-0.35148921368564123,4200,deep
LAT35.7_LON-35.2,-0.3496389830223758,4200,deep
LAT35.7_LON-35.4,-0.35128830568505787,4200,deep
LAT35.7_LON-35.5,-0.34630077680566423,4200,deep
LAT35.7_LON-35.6,-0.3471432133056244,4200,deep
LAT35.7_LON-35.7,-0.347171669227589,4200,deep
LAT35.7_LON-35.8,-0.3521927975825551,4200,deep
LAT35.7_LON-35.9,-0.3490257605188967,4200,deep
LAT35.7_LON-36.0,-0.34793696726346257,4200,deep
LAT35.7_LON-36.1,-0.3494020844148402,4200,deep
LAT35.7_LON-36.9,-0.34921959944144754,4200,deep
LAT35.7_LON-37.1,-0.34878578837575536,4200,deep
LAT35.7_LON-37.2,-0.34615195195575177,4200,deep
LAT35.7_LON-37.3,-0.349669428726979,4200,deep
LAT35.7_LON-37.4,-0.35357746312624067,4200,deep
LAT35.7_LON-37.5,-0.34881721517129727,4200,deep
LAT35.7_LON-37.7,-0.34780462108540905,4200,deep
LAT35.7_LON-37.8,-0.34893728426816534,4200,deep
LAT35.7_LON-37.9,-0.34838139851681743,4200,deep
LAT35.7_LON-38.0,-0.3511152858708952,4200,deep
LAT35.7_LON-38.1,-0.3495363165689908,4200,deep
LAT35.7_LON-38.2,-0.35357746312624067,4200,deep
LAT35.7_LON-38.3,-0.3470959404336653,4200,deep
LAT35.7_LON-38.4,-0.3453908103846233,4200,deep
LAT35.7_LON-38.5,-0.34609188089622345,4200,deep
LAT35.7_LON-38.6,-0.34797261197424206,4200,deep
LAT35.7_LON-38.8,-0.3490338955180631,4200,deep
LAT35.7_LON-38.9,-0.3452491926857827,4200,deep
LAT35.7_LON-39.0,-0.3450734809599641,4200,deep
LAT35.7_LON-39.1,-0.3490034467951304,4200,deep
LAT35.7_LON-39.2,-0.35222049438488234,4200,deep
LAT35.7_LON-39.7,-0.35621505435645673,4200,deep
LAT35.7_LON-39.9,-0.3525901387401946,4200,deep
LAT35.8_LON-30.5,-0.34774203113815105,4200,deep
LAT35.8_LON-30.6,-0.34691266861859027,4200,deep
LAT35.8_LON-30.7,-0.34692066498851554,4200,deep
LAT35.8_LON-30.8,-0.34933837428286346,4200,deep
LAT35.8_LON-31.0,-0.3526043165860733,4200,deep
LAT35.8_LON-31.2,-0.34795795337022467,4200,deep
LAT35.8_LON-31.3,-0.35257755833285537,4200,deep
LAT35.8_LON-31.6,-0.353319850882595,4200,deep
LAT35.8_LON-31.7,-0.34891796995268304,4200,deep
LAT35.8_LON-31.8,-0.34711820147337863,4200,deep
LAT35.8_LON-31.9,-0.35037348153761133,4200,deep
LAT35.8_LON-32.0,-0.34688204304624,4200,deep
LAT35.8_LON-32.1,-0.3519128059206192,4200,deep
LAT35.8_LON-32.2,-0.3487658325214364,4200,deep
LAT35.8_LON-32.4,-0.3414218122190223,4200,deep
LAT35.8_LON-32.5,-0.35008713815982795,4200,deep
LAT35.8_LON-32.6,-0.35071962183989003,4200,deep
LAT35.8_LON-32.7,-0.34807829228449794,4200,deep
LAT35.8_LON-32.8,-0.3485838510046412,4200,deep
LAT35.8_LON-32.9,-0.3474309339969845,4200,deep
LAT35.8_LON-33.0,-0.35010115016241466,4200,deep
LAT35.8_LON-33.2,-0.34549920590553407,4200,deep
LAT35.8_LON-33.3,-0.35091859950528825,4200,deep
LAT35.8_LON-33.4,-0.34533560287678366,4200,deep
LAT35.8_LON-33.5,-0.3505853009340451,4200,deep
LAT35.8_LON-33.6,-0.3489608414210028,4200,deep
LAT35.8_LON-33.7,-0.35186406165756245,4200,deep
LAT35.8_LON-33.8,-0.34803313355411736,4200,deep
LAT35.8_LON-33.9,-0.3522690474329677,4200,deep
LAT35.8_LON-34.1,-0.3479549069787386,4200,deep
LAT35.8_LON-34.2,-0.34974311567621647,4200,deep
LAT35.8_LON-34.4,-0.34718820640968867,4200,deep
LAT35.8_LON-34.7,-0.347302087696128,4200,deep
LAT35.8_LON-34.8,-0.35085649071749764,4200,deep
LAT35.8_LON-34.9,-0.3435557771872575,4200,deep
LAT35.8_LON-35.0,-0.3459595743109148,4200,deep
LAT35.8_LON-35.1,-0.34909952893423757,4200,deep
LAT35.8_LON-35.2,-0.35112925510799775,4200,deep
LAT35.8_LON-35.3,-0.3522690474329677,4200,deep
LAT35.8_LON-35.4,-0.34982507477061087,4200,deep
LAT35.8_LON-35.5,-0.3471431992446375,4200,deep
LAT35.8_LON-35.6,-0.3474513854621059,4200,deep
LAT35.8_LON-35.7,-0.35126235164066644,4200,deep
LAT35.8_LON-36.0,-0.352436763519373,4200,deep
LAT35.8_LON-36.1,-0.3425581351185296,4200,deep
LAT35.8_LON-36.2,-0.3450132898034852,4200,deep
LAT35.8_LON-36.4,-0.3515318333912048,4200,deep
LAT35.8_LON-36.6,-0.3491828884221995,4200,deep
LAT35.8_LON-36.7,-0.34808834712999687,4200,deep
LAT35.8_LON-37.0,-0.34792796881163546,4200,deep
LAT35.8_LON-37.1,-0.3491667668740278,4200,deep
LAT35.8_LON-37.2,-0.3480260369189226,4200,deep
LAT35.8_LON-37.3,-0.34594600505624584,4200,deep
LAT35.8_LON-37.4,-0.34999786810950956,4200,deep
LAT35.8_LON-37.6,-0.35037375294842316,4200,deep
LAT35.8_LON-37.7,-0.34982507477061087,4200,deep
LAT35.8_LON-37.9,-0.34919769358031805,4200,deep
LAT35.8_LON-38.0,-0.34519850618377124,4200,deep
LAT35.8_LON-38.2,-0.3475583018475191,4200,deep
LAT35.8_LON-38.4,-0.34613396764307025,4200,deep
LAT35.8_LON-38.6,-0.34651575153196107,4200,deep
LAT35.8_LON-38.7,-0.3442967227307704,4200,deep
LAT35.8_LON-38.9,-0.34493219770999295,4200,deep
LAT35.8_LON-39.0,-0.34668087306073103,4200,deep
LAT35.8_LON-39.1,-0.35051795653959983,4200,deep
LAT35.8_LON-39.2,-0.35008770409937423,4200,deep
LAT35.8_LON-39.7,-0.3493328006006043,4200,deep
LAT35.9_LON-30.1,-0.3490297090190265,4200,deep
LAT35.9_LON-30.5,-0.35411252483589095,4200,deep
LAT35.9_LON-30.6,-0.35357746312624067,4200,deep
LAT35.9_LON-31.0,-0.3442635032454552,4200,deep
LAT35.9_LON-31.2,-0.3470109358408775,4200,deep
LAT35.9_LON-31.4,-0.3500626256676146,4200,deep
LAT35.9_LON-31.5,-0.34712241165136676,4200,deep
LAT35.9_LON-31.6,-0.3498528950946879,4200,deep
LAT35.9_LON-31.7,-0.3500626256676146,4200,deep
LAT35.9_LON-31.8,-0.34690258525585677,4200,deep
LAT35.9_LON-32.0,-0.34865509739208056,4200,deep
LAT35.9_LON-32.2,-0.34664891494796957,4200,deep
LAT35.9_LON-32.3,-0.35032283624499955,4200,deep
LAT35.9_LON-32.5,-0.3468322320160261,4200,deep
LAT35.9_LON-32.6,-0.34961196984707194,4200,deep
LAT35.9_LON-32.7,-0.3460124579680318,4200,deep
LAT35.9_LON-32.9,-0.349580635128528,4200,deep
LAT35.9_LON-33.0,-0.34354200445501193,4200,deep
LAT35.9_LON-33.1,-0.34511800088679595,4200,deep
LAT35.9_LON-33.2,-0.3482720592308551,4200,deep
LAT35.9_LON-33.3,-0.35233971474554254,4200,deep
LAT35.9_LON-33.4,-0.35357746312624067,4200,deep
LAT35.9_LON-33.5,-0.35222049438488234,4200,deep
LAT35.9_LON-33.6,-0.3497222667653425,4200,deep
LAT35.9_LON-33.7,-0.34693646733137085,4200,deep
LAT35.9_LON-33.8,-0.3469127765040741,4200,deep
LAT35.9_LON-33.9,-0.34792124121940265,4200,deep
LAT35.9_LON-34.0,-0.34881900338299726,4200,deep
LAT35.9_LON-34.1,-0.34772783956102393,4200,deep
LAT35.9_LON-34.2,-0.347171669227589,4200,deep
LAT35.9_LON-34.3,-0.3458631179858023,4200,deep
LAT35.9_LON-34.7,-0.35267342427730847,4200,deep
LAT35.9_LON-35.0,-0.34868448061468293,4200,deep
LAT35.9_LON-35.1,-0.3529533648110224,4200,deep
LAT35.9_LON-35.2,-0.34881721517129727,4200,deep
LAT35.9_LON-35.3,-0.34688204304624,4200,deep
LAT35.9_LON-35.6,-0.35220748999737406,4200,deep
LAT35.9_LON-35.7,-0.3471552020820146,4200,deep
LAT35.9_LON-35.8,-0.34495161593690965,4200,deep
LAT35.9_LON-36.0,-0.3506750006424639,4200,deep
LAT35.9_LON-36.3,-0.3495570126849699,4200,deep
LAT35.9_LON-36.5,-0.35210042923229995,4200,deep
LAT35.9_LON-36.6,-0.35180200937236594,4200,deep
LAT35.9_LON-37.0,-0.3477347990036128,4200,deep
LAT35.9_LON-37.1,-0.34468690267474955,4200,deep
LAT35.9_LON-37.2,-0.3501300976165282,4200,deep
LAT35.9_LON-37.4,-0.34869194267575565,4200,deep
LAT35.9_LON-37.6,-0.35083542726364736,4200,deep
LAT35.9_LON-37.9,-0.3497478957200667,4200,deep
LAT35.9_LON-38.2,-0.35212951042805585,4200,deep
LAT35.9_LON-38.3,-0.3468443934198294,4200,deep
LAT35.9_LON-38.7,-0.3454439491969021,4200,deep
LAT35.9_LON-38.8,-0.3481621124993116,4200,deep
LAT35.9_LON-38.9,-0.3425581351185296,4200,deep
LAT35.9_LON-39.1,-0.3485978187062558,4200,deep
LAT35.9_LON-39.3,-0.3492972225464728,4200,deep
LAT35.9_LON-39.5,-0.3510725462117713,4200,deep
LAT35.9_LON-39.9,-0.3491130530295985,4200,deep
LAT36.0_LON-30.3,-0.35243536280792276,4200,deep
LAT36.0_LON-30.5,-0.34494509508752996,4200,deep
LAT36.0_LON-30.6,-0.34863241008230095,4200,deep
LAT36.0_LON-30.8,-0.3511908120420829,4200,deep
LAT36.0_LON-30.9,-0.3463080311382578,4200,deep
LAT36.0_LON-31.0,-0.34972594092038756,4200,deep
LAT36.0_LON-31.2,-0.3477470817008304,4200,deep
LAT36.0_LON-31.3,-0.3475543916908439,4200,deep
LAT36.0_LON-31.6,-0.3494895626155753,4200,deep
LAT36.0_LON-31.9,-0.3527730383227902,4200,deep
LAT36.0_LON-32.0,-0.3512425480901324,4200,deep
LAT36.0_LON-32.1,-0.34848066877186534,4200,deep
LAT36.0_LON-32.2,-0.34613396764307025,4200,deep
LAT36.0_LON-32.3,-0.3483289101231596,4200,deep
LAT36.0_LON-32.4,-0.35128671865997324,4200,deep
LAT36.0_LON-32.5,-0.3498669474177659,4200,deep
LAT36.0_LON-32.6,-0.34775820589106166,4200,deep
LAT36.0_LON-32.7,-0.3476594923651944,4200,deep
LAT36.0_LON-32.9,-0.34947833413056534,4200,deep
LAT36.0_LON-33.0,-0.3504966391865647,4200,deep
LAT36.0_LON-33.1,-0.3490254191767469,4200,deep
LAT36.0_LON-33.2,-0.34524125455130555,4200,deep
LAT36.0_LON-33.3,-0.34874612026859564,4200,deep
LAT36.0_LON-33.5,-0.3477364228647092,4200,deep
LAT36.0_LON-33.6,-0.34866294432925293,4200,deep
LAT36.0_LON-33.7,-0.34909952893423757,4200,deep
LAT36.0_LON-33.8,-0.34948635651647486,4200,deep
LAT36.0_LON-34.0,-0.3487685269112775,4200,deep
LAT36.0_LON-34.1,-0.3477364228647092,4200,deep
LAT36.0_LON-34.3,-0.3469307188824076,4200,deep
LAT36.0_LON-34.4,-0.3478115259016292,4200,deep
LAT36.0_LON-34.7,-0.3514522934896527,4200,deep
LAT36.0_LON-35.1,-0.3452457598271443,4200,deep
LAT36.0_LON-35.2,-0.34549283978059503,4200,deep
LAT36.0_LON-35.3,-0.3452457598271443,4200,deep
LAT36.0_LON-35.5,-0.35309514820673826,4200,deep
LAT36.0_LON-35.7,-0.35160872617264793,4200,deep
LAT36.0_LON-35.8,-0.34613396764307025,4200,deep
LAT36.0_LON-35.9,-0.34717313468133204,4200,deep
LAT36.0_LON-36.0,-0.3496389830223758,4200,deep
LAT36.0_LON-36.2,-0.3496690643339455,4200,deep
LAT36.0_LON-36.3,-0.3465526941411678,4200,deep
LAT36.0_LON-36.6,-0.3498579405270286,4200,deep
LAT36.0_LON-36.7,-0.34923503758597485,4200,deep
LAT36.0_LON-36.9,-0.349868246745802,4200,deep
LAT36.0_LON-37.0,-0.34688714064218856,4200,deep
LAT36.0_LON-37.1,-0.34808579536864603,4200,deep
LAT36.0_LON-37.3,-0.34509608748191034,4200,deep
LAT36.0_LON-37.4,-0.3480441471790611,4200,deep
LAT36.0_LON-37.5,-0.3524282148422047,4200,deep
LAT36.0_LON-37.7,-0.35269968696847503,4200,deep
LAT36.0_LON-37.8,-0.35088186178700087,4200,deep
LAT36.0_LON-38.1,-0.34327814151884506,4200,deep
LAT36.0_LON-38.2,-0.34838713832620594,4200,deep
LAT36.0_LON-38.3,-0.3467597887270163,4200,deep
LAT36.0_LON-38.7,-0.3461121534392302,4200,deep
LAT36.0_LON-38.8,-0.34947833413056534,4200,deep
LAT36.0_LON-38.9,-0.3462752235967196,4200,deep
LAT36.0_LON-39.0,-0.34986578388660433,4200,deep
LAT36.0_LON-39.1,-0.35045297663359115,4200,deep
LAT36.0_LON-39.3,-0.3492690294423857,4200,deep
LAT36.0_LON-39.4,-0.34830256787325153,4200,deep
LAT36.0_LON-39.6,-0.3455081051482598,4200,deep
LAT36.0_LON-39.7,-0.3526043165860733,4200,deep
LAT36.0_LON-39.8,-0.3475540184968541,4200,deep
LAT36.0_LON-40.0,-0.3519128059206192,4200,deep
LAT36.1_LON-30.1,-0.35276789885933274,4200,deep
LAT36.1_LON-30.2,-0.345229031037314,4200,deep
LAT36.1_LON-30.3,-0.35300426288881825,4200,deep
LAT36.1_LON-30.4,-0.34852225441859846,4200,deep
LAT36.1_LON-30.7,-0.3453012327289334,4200,deep
LAT36.1_LON-31.1,-0.34874482262346923,4200,deep
LAT36.1_LON-31.2,-0.34927092357343664,4200,deep
LAT36.1_LON-31.4,-0.3493025540577028,4200,deep
LAT36.1_LON-31.5,-0.3506779924630602,4200,deep
LAT36.1_LON-31.6,-0.3496494432982691,4200,deep
LAT36.1_LON-31.7,-0.34860731117392185,4200,deep
LAT36.1_LON-31.8,-0.34672725539814814,4200,deep
LAT36.1_LON-31.9,-0.3493328006006043,4200,deep
LAT36.1_LON-32.0,-0.348743819452807,4200,deep
LAT36.1_LON-32.1,-0.3508077249256186,4200,deep
LAT36.1_LON-32.4,-0.34549920590553407,4200,deep
LAT36.1_LON-32.5,-0.35091492845249844,4200,deep
LAT36.1_LON-32.7,-0.34985083926074345,4200,deep
LAT36.1_LON-32.8,-0.344394330080792,4200,deep
LAT36.1_LON-32.9,-0.34938611195738983,4200,deep
LAT36.1_LON-33.0,-0.3526043165860733,4200,deep
LAT36.1_LON-33.1,-0.34847273175406157,4200,deep
LAT36.1_LON-33.2,-0.34685382931158465,4200,deep
LAT36.1_LON-33.3,-0.3459713919187639,4200,deep
LAT36.1_LON-33.4,-0.3500475774278245,4200,deep
LAT36.1_LON-33.5,-0.345007784163168,4200,deep
LAT36.1_LON-33.6,-0.3491705245489638,4200,deep
LAT36.1_LON-33.7,-0.3440434435732474,4200,deep
LAT36.1_LON-33.8,-0.3479961671879756,4200,deep
LAT36.1_LON-33.9,-0.34813822050809795,4200,deep
LAT36.1_LON-34.0,-0.34823800523936876,4200,deep
LAT36.1_LON-34.1,-0.3506470760246228,4200,deep
LAT36.1_LON-34.2,-0.3472883705013921,4200,deep
LAT36.1_LON-34.3,-0.34895837140751684,4200,deep
LAT36.1_LON-34.4,-0.35005487970090515,4200,deep
LAT36.1_LON-34.6,-0.34476141640337266,4200,deep
LAT36.1_LON-34.7,-0.3524540791162504,4200,deep
LAT36.1_LON-34.8,-0.34530320269112863,4200,deep
LAT36.1_LON-34.9,-0.34599324721522806,4200,deep
LAT36.1_LON-35.1,-0.34699618977456675,4200,deep
LAT36.1_LON-35.3,-0.3479549069787386,4200,deep
LAT36.1_LON-35.4,-0.3497644970102792,4200,deep
LAT36.1_LON-35.5,-0.3432647100980078,4200,deep
LAT36.1_LON-35.6,-0.34755413657012924,4200,deep
LAT36.1_LON-35.7,-0.3542173718293732,4200,deep
LAT36.1_LON-35.9,-0.35146464893880947,4200,deep
LAT36.1_LON-36.0,-0.34671292514403673,4200,deep
LAT36.1_LON-36.1,-0.34932757069988774,4200,deep
LAT36.1_LON-36.2,-0.346195770614975,4200,deep
LAT36.1_LON-36.3,-0.34909952893423757,4200,deep
LAT36.1_LON-36.4,-0.3459131764769812,4200,deep
LAT36.1_LON-36.5,-0.34874623084885575,4200,deep
LAT36.1_LON-36.7,-0.34786737365960996,4200,deep
LAT36.1_LON-36.9,-0.34814706266575446,4200,deep
LAT36.1_LON-37.2,-0.34727368573572054,4200,deep
LAT36.1_LON-37.3,-0.34791675472446265,4200,deep
LAT36.1_LON-37.5,-0.3483885872022131,4200,deep
LAT36.1_LON-37.6,-0.3491596686298347,4200,deep
LAT36.1_LON-37.7,-0.3486042744165197,4200,deep
LAT36.1_LON-37.8,-0.3436928856125031,4200,deep
LAT36.1_LON-37.9,-0.34939826441155913,4200,deep
LAT36.1_LON-38.0,-0.34927771131326496,4200,deep
LAT36.1_LON-38.1,-0.34893771575377464,4200,deep
LAT36.1_LON-38.2,-0.349529021621107,4200,deep
LAT36.1_LON-38.3,-0.34539687539201813,4200,deep
LAT36.1_LON-38.5,-0.3449959720372341,4200,deep
LAT36.1_LON-38.6,-0.3460996960546492,4200,deep
LAT36.1_LON-38.7,-0.34654488204636485,4200,deep
LAT36.1_LON-38.8,-0.34521471174139307,4200,deep
LAT36.1_LON-39.0,-0.3525901387401946,4200,deep
LAT36.1_LON-39.1,-0.3455785613077716,4200,deep
LAT36.1_LON-39.6,-0.34599720756999613,4200,deep
LAT36.1_LON-39.7,-0.3489216760372809,4200,deep
LAT36.1_LON-40.0,-0.3501453942568757,4200,deep
LAT36.2_LON-30.1,-0.35083542726364736,4200,deep
LAT36.2_LON-30.2,-0.3497061369904173,4200,deep
LAT36.2_LON-30.3,-0.35231820028303407,4200,deep
LAT36.2_LON-30.8,-0.3442854669253479,4200,deep
LAT36.2_LON-30.9,-0.34838139851681743,4200,deep
LAT36.2_LON-31.0,-0.34698916479456554,4200,deep
LAT36.2_LON-31.3,-0.3490147895524648,4200,deep
LAT36.2_LON-31.5,-0.3451966475904419,4200,deep
LAT36.2_LON-31.7,-0.35104653106931305,4200,deep
LAT36.2_LON-31.8,-0.34758143734329733,4200,deep
LAT36.2_LON-31.9,-0.34931646345743794,4200,deep
LAT36.2_LON-32.2,-0.3501404001623609,4200,deep
LAT36.2_LON-32.3,-0.3427317319969286,4200,deep
LAT36.2_LON-32.4,-0.3451027019372377,4200,deep
LAT36.2_LON-32.5,-0.34906816051270084,4200,deep
LAT36.2_LON-32.6,-0.34956888479070075,4200,deep
LAT36.2_LON-32.7,-0.3473431874377033,4200,deep
LAT36.2_LON-32.8,-0.34489874986319186,4200,deep
LAT36.2_LON-32.9,-0.34960841289023237,4200,deep
LAT36.2_LON-33.0,-0.35277969463996645,4200,deep
LAT36.2_LON-33.1,-0.3484693712233828,4200,deep
LAT36.2_LON-33.2,-0.3481699310365338,4200,deep
LAT36.2_LON-33.3,-0.34524827700852834,4200,deep
LAT36.2_LON-33.4,-0.34611206955791696,4200,deep
LAT36.2_LON-33.5,-0.34803161645553393,4200,deep
LAT36.2_LON-33.6,-0.35011070529557115,4200,deep
LAT36.2_LON-33.8,-0.3476606141609548,4200,deep
LAT36.2_LON-33.9,-0.34938297732116336,4200,deep
LAT36.2_LON-34.0,-0.3502052737157421,4200,deep
LAT36.2_LON-34.1,-0.35001652576529446,4200,deep
LAT36.2_LON-34.2,-0.34985876186784554,4200,deep
LAT36.2_LON-34.3,-0.35251513679105867,4200,deep
LAT36.2_LON-34.4,-0.34742101783021573,4200,deep
LAT36.2_LON-34.5,-0.35080631391541234,4200,deep
LAT36.2_LON-34.7,-0.3465526941411678,4200,deep
LAT36.2_LON-34.8,-0.3488497799265185,4200,deep
LAT36.2_LON-34.9,-0.35128671865997324,4200,deep
LAT36.2_LON-35.1,-0.35186406165756245,4200,deep
LAT36.2_LON-35.4,-0.3447796477985353,4200,deep
LAT36.2_LON-35.5,-0.345432151838894,4200,deep
LAT36.2_LON-35.7,-0.3472733649078687,4200,deep
LAT36.2_LON-35.8,-0.3513884879439005,4200,deep
LAT36.2_LON-35.9,-0.34715221716562666,4200,deep
LAT36.2_LON-36.0,-0.35267342427730847,4200,deep
LAT36.2_LON-36.1,-0.34873743181184147,4200,deep
LAT36.2_LON-36.2,-0.35210042923229995,4200,deep
LAT36.2_LON-36.4,-0.35083542726364736,4200,deep
LAT36.2_LON-36.7,-0.34843886336891716,4200,deep
LAT36.2_LON-36.9,-0.34880627475217707,4200,deep
LAT36.2_LON-37.2,-0.34802300344197273,4200,deep
LAT36.2_LON-37.3,-0.34545678782048506,4200,deep
LAT36.2_LON-37.4,-0.34843691956329303,4200,deep
LAT36.2_LON-37.5,-0.34755068263798355,4200,deep
LAT36.2_LON-37.6,-0.34830256787325153,4200,deep
LAT36.2_LON-37.7,-0.34687106726592426,4200,deep
LAT36.2_LON-37.8,-0.3504128110922473,4200,deep
LAT36.2_LON-37.9,-0.3434787564321336,4200,deep
LAT36.2_LON-38.2,-0.34824027867509066,4200,deep
LAT36.2_LON-38.3,-0.3489937452157806,4200,deep
LAT36.2_LON-38.6,-0.3460065823061954,4200,deep
LAT36.2_LON-39.0,-0.3462707436777061,4200,deep
LAT36.2_LON-39.2,-0.3488535092616555,4200,deep
LAT36.2_LON-39.7,-0.34871102539777127,4200,deep
LAT36.2_LON-39.8,-0.35220748999737406,4200,deep
LAT36.2_LON-40.0,-0.3491130530295985,4200,deep
LAT36.3_LON-30.1,-0.3492627767343067,4200,deep
LAT36.3_LON-30.2,-0.34623488212611025,4200,deep
LAT36.3_LON-30.3,-0.3453531538843255,4200,deep
LAT36.3_LON-30.4,-0.34713000644050973,4200,deep
LAT36.3_LON-30.5,-0.35065168005859226,4200,deep
LAT36.3_LON-30.6,-0.34985571538465543,4200,deep
LAT36.3_LON-30.7,-0.3485596630688223,4200,deep
LAT36.3_LON-30.8,-0.350124474835835,4200,deep
LAT36.3_LON-30.9,-0.35309514820673826,4200,deep
LAT36.3_LON-31.0,-0.34878578837575536,4200,deep
LAT36.3_LON-31.5,-0.35186406165756245,4200,deep
LAT36.3_LON-31.6,-0.34831910851322123,4200,deep
LAT36.3_LON-31.8,-0.35186406165756245,4200,deep
LAT36.3_LON-32.1,-0.34845884019428797,4200,deep
LAT36.3_LON-32.2,-0.34671904527632724,4200,deep
LAT36.3_LON-32.3,-0.3490862543111944,4200,deep
LAT36.3_LON-32.4,-0.3515318333912048,4200,deep
LAT36.3_LON-32.5,-0.3504786507590558,4200,deep
LAT36.3_LON-32.6,-0.35265179812541975,4200,deep
LAT36.3_LON-32.7,-0.3466422904873547,4200,deep
LAT36.3_LON-32.8,-0.35267342427730847,4200,deep
LAT36.3_LON-32.9,-0.345619855650691,4200,deep
LAT36.3_LON-33.0,-0.34766529537400515,4200,deep
LAT36.3_LON-33.1,-0.34909952893423757,4200,deep
LAT36.3_LON-33.2,-0.3453601010094549,4200,deep
LAT36.3_LON-33.3,-0.348841698930493,4200,deep
LAT36.3_LON-33.4,-0.35180200937236594,4200,deep
LAT36.3_LON-33.5,-0.3483039503661769,4200,deep
LAT36.3_LON-33.6,-0.3467056845741059,4200,deep
LAT36.3_LON-33.8,-0.3491425112875537,4200,deep
LAT36.3_LON-33.9,-0.3459131764769812,4200,deep
LAT36.3_LON-34.0,-0.3502403138010759,4200,deep
LAT36.3_LON-34.1,-0.3494522563371044,4200,deep
LAT36.3_LON-34.2,-0.34802307507104285,4200,deep
LAT36.3_LON-34.5,-0.34530026113629303,4200,deep
LAT36.3_LON-34.7,-0.34759455950428303,4200,deep
LAT36.3_LON-35.0,-0.3497734948535943,4200,deep
LAT36.3_LON-35.1,-0.3509568134938957,4200,deep
LAT36.3_LON-35.2,-0.3423828453362879,4200,deep
LAT36.3_LON-35.4,-0.3449427044292604,4200,deep
LAT36.3_LON-35.6,-0.3470683651157291,4200,deep
LAT36.3_LON-35.8,-0.35022199817642297,4200,deep
LAT36.3_LON-35.9,-0.3503783463568169,4200,deep
LAT36.3_LON-36.1,-0.35402000628115166,4200,deep
LAT36.3_LON-36.2,-0.3542173718293732,4200,deep
LAT36.3_LON-36.4,-0.3531437474575357,4200,deep
LAT36.3_LON-36.8,-0.35135783264307985,4200,deep
LAT36.3_LON-36.9,-0.3493093979758157,4200,deep
LAT36.3_LON-37.1,-0.35007178704160175,4200,deep
LAT36.3_LON-37.3,-0.3455612443416301,4200,deep
LAT36.3_LON-37.4,-0.34651830048648763,4200,deep
LAT36.3_LON-37.5,-0.34947833413056534,4200,deep
LAT36.3_LON-37.6,-0.3465379618631996,4200,deep
LAT36.3_LON-37.9,-0.34537449196235237,4200,deep
LAT36.3_LON-38.0,-0.3472255089895214,4200,deep
LAT36.3_LON-38.1,-0.35210042923229995,4200,deep
LAT36.3_LON-38.2,-0.35001578203926015,4200,deep
LAT36.3_LON-38.3,-0.34910042523017426,4200,deep
LAT36.3_LON-38.4,-0.35357746312624067,4200,deep
LAT36.3_LON-38.8,-0.35288935897808743,4200,deep
LAT36.3_LON-38.9,-0.34990826122163377,4200,deep
LAT36.3_LON-39.1,-0.350681766279567,4200,deep
LAT36.3_LON-39.2,-0.3496389830223758,4200,deep
LAT36.3_LON-39.3,-0.3453908103846233,4200,deep
LAT36.3_LON-39.6,-0.34905015061780714,4200,deep
LAT36.3_LON-39.7,-0.3491425112875537,4200,deep
LAT36.3_LON-39.8,-0.34688714064218856,4200,deep
LAT36.3_LON-39.9,-0.3474335994737584,4200,deep
LAT36.4_LON-30.2,-0.3476936120712712,4200,deep
LAT36.4_LON-30.3,-0.3464043946295584,4200,deep
LAT36.4_LON-30.5,-0.34750570484634824,4200,deep
LAT36.4_LON-30.6,-0.3415877267006371,4200,deep
LAT36.4_LON-30.7,-0.3452457598271443,4200,deep
LAT36.4_LON-30.9,-0.34543819891097455,4200,deep
LAT36.4_LON-31.1,-0.34881721517129727,4200,deep
LAT36.4_LON-31.5,-0.34497084840184855,4200,deep
LAT36.4_LON-31.6,-0.3471047848727617,4200,deep
LAT36.4_LON-31.7,-0.3420785404412452,4200,deep
LAT36.4_LON-31.8,-0.3503479604997116,4200,deep
LAT36.4_LON-32.0,-0.3493122952218314,4200,deep
LAT36.4_LON-32.2,-0.34841218732464135,4200,deep
LAT36.4_LON-32.3,-0.3475583018475191,4200,deep
LAT36.4_LON-32.4,-0.34991421084320584,4200,deep
LAT36.4_LON-32.5,-0.3506637762674992,4200,deep
LAT36.4_LON-32.6,-0.3489551510597653,4200,deep
LAT36.4_LON-32.7,-0.3460259500233509,4200,deep
LAT36.4_LON-32.8,-0.34874623084885575,4200,deep
LAT36.4_LON-32.9,-0.34862140576878714,4200,deep
LAT36.4_LON-33.0,-0.3479549069787386,4200,deep
LAT36.4_LON-33.2,-0.3542173718293732,4200,deep
LAT36.4_LON-33.3,-0.34285795572234096,4200,deep
LAT36.4_LON-33.4,-0.3517983339911475,4200,deep
LAT36.4_LON-33.5,-0.34760220679646764,4200,deep
LAT36.4_LON-33.6,-0.34809759794806466,4200,deep
LAT36.4_LON-33.7,-0.3472220871440942,4200,deep
LAT36.4_LON-33.8,-0.34526071006658754,4200,deep
LAT36.4_LON-33.9,-0.35045297663359115,4200,deep
LAT36.4_LON-34.0,-0.34905644360016586,4200,deep
LAT36.4_LON-34.1,-0.34943986516615577,4200,deep
LAT36.4_LON-34.2,-0.3479961236296816,4200,deep
LAT36.4_LON-34.4,-0.34807936969973685,4200,deep
LAT36.4_LON-34.5,-0.34878578837575536,4200,deep
LAT36.4_LON-34.6,-0.3487027541011979,4200,deep
LAT36.4_LON-34.7,-0.349818254221527,4200,deep
LAT36.4_LON-34.8,-0.352427890639861,4200,deep
LAT36.4_LON-34.9,-0.3451624883444507,4200,deep
LAT36.4_LON-35.0,-0.34933892358422763,4200,deep
LAT36.4_LON-35.2,-0.3470109358408775,4200,deep
LAT36.4_LON-35.3,-0.349529021621107,4200,deep
LAT36.4_LON-35.4,-0.3492522423311688,4200,deep
LAT36.4_LON-35.6,-0.35010115016241466,4200,deep
LAT36.4_LON-35.7,-0.34811222461830127,4200,deep
LAT36.4_LON-35.9,-0.3500119442448627,4200,deep
LAT36.4_LON-36.0,-0.3460362617519891,4200,deep
LAT36.4_LON-36.1,-0.3480432299019276,4200,deep
LAT36.4_LON-36.2,-0.3480019126244029,4200,deep
LAT36.4_LON-36.4,-0.34497176365768967,4200,deep
LAT36.4_LON-36.6,-0.3473880581174104,4200,deep
LAT36.4_LON-36.7,-0.34521471174139307,4200,deep
LAT36.4_LON-36.9,-0.34485633592410253,4200,deep
LAT36.4_LON-37.0,-0.3463326872956455,4200,deep
LAT36.4_LON-37.2,-0.34933141393573885,4200,deep
LAT36.4_LON-37.3,-0.3502534205250889,4200,deep
LAT36.4_LON-37.4,-0.35135783264307985,4200,deep
LAT36.4_LON-37.5,-0.3483826893382038,4200,deep
LAT36.4_LON-37.8,-0.3493979052735985,4200,deep
LAT36.4_LON-37.9,-0.34729154733301054,4200,deep
LAT36.4_LON-38.1,-0.34517783169974436,4200,deep
LAT36.4_LON-38.2,-0.3458953323417911,4200,deep
LAT36.4_LON-38.3,-0.34749122086219164,4200,deep
LAT36.4_LON-38.6,-0.34844940393003354,4200,deep
LAT36.4_LON-38.7,-0.3434787564321336,4200,deep
LAT36.4_LON-38.9,-0.35462003783373597,4200,deep
LAT36.4_LON-39.1,-0.34909952893423757,4200,deep
LAT36.4_LON-39.2,-0.35621505435645673,4200,deep
LAT36.4_LON-39.3,-0.34517783169974436,4200,deep
LAT36.4_LON-39.5,-0.3503980872246605,4200,deep
LAT36.4_LON-39.7,-0.35244845863559376,4200,deep
LAT36.4_LON-39.8,-0.35063237100075884,4200,deep
LAT36.4_LON-39.9,-0.35357746312624067,4200,deep
LAT36.4_LON-40.0,-0.35595043254351144,4200,deep
LAT36.5_LON-30.0,-0.34733006476184386,4200,deep
LAT36.5_LON-30.4,-0.3476431051415727,4200,deep
LAT36.5_LON-30.6,-0.3480260369189226,4200,deep
LAT36.5_LON-31.4,-0.3493321982869424,4200,deep
LAT36.5_LON-31.6,-0.3472245910841967,4200,deep
LAT36.5_LON-31.7,-0.34878578837575536,4200,deep
LAT36.5_LON-31.8,-0.3453228885216788,4200,deep
LAT36.5_LON-31.9,-0.34877789660684255,4200,deep
LAT36.5_LON-32.1,-0.3468062917164396,4200,deep
LAT36.5_LON-32.3,-0.3492509538612751,4200,deep
LAT36.5_LON-32.4,-0.34614611039598836,4200,deep
LAT36.5_LON-32.5,-0.3482401342287174,4200,deep
LAT36.5_LON-32.6,-0.3497311863294491,4200,deep
LAT36.5_LON-32.7,-0.3527730383227902,4200,deep
LAT36.5_LON-32.8,-0.35124583924941777,4200,deep
LAT36.5_LON-32.9,-0.3466629004640854,4200,deep
LAT36.5_LON-33.0,-0.3505637296052667,4200,deep
LAT36.5_LON-33.3,-0.3476437233349845,4200,deep
LAT36.5_LON-33.4,-0.3488901811792073,4200,deep
LAT36.5_LON-33.5,-0.34634938182144287,4200,deep
LAT36.5_LON-33.6,-0.3440318518668206,4200,deep
LAT36.5_LON-33.7,-0.35029251694617586,4200,deep
LAT36.5_LON-33.8,-0.349377647471522,4200,deep
LAT36.5_LON-33.9,-0.34613396764307025,4200,deep
LAT36.5_LON-34.0,-0.3512214968594851,4200,deep
LAT36.5_LON-34.1,-0.34858281118988754,4200,deep
LAT36.5_LON-34.2,-0.34879503342347673,4200,deep
LAT36.5_LON-34.3,-0.34935069869891694,4200,deep
LAT36.5_LON-34.4,-0.3510466379019654,4200,deep
LAT36.5_LON-34.5,-0.34878578837575536,4200,deep
LAT36.5_LON-34.7,-0.35080631391541234,4200,deep
LAT36.5_LON-34.8,-0.34767334000363576,4200,deep
LAT36.5_LON-34.9,-0.34490210972758556,4200,deep
LAT36.5_LON-35.0,-0.349818254221527,4200,deep
LAT36.5_LON-35.2,-0.3493993305986667,4200,deep
LAT36.5_LON-35.3,-0.3492427878039122,4200,deep
LAT36.5_LON-35.4,-0.34621486268425133,4200,deep
LAT36.5_LON-35.5,-0.347171669227589,4200,deep
LAT36.5_LON-35.9,-0.3493122952218314,4200,deep
LAT36.5_LON-36.1,-0.35180200937236594,4200,deep
LAT36.5_LON-36.2,-0.3472883705013921,4200,deep
LAT36.5_LON-36.3,-0.34945478881221037,4200,deep
LAT36.5_LON-36.4,-0.35257755833285537,4200,deep
LAT36.5_LON-36.5,-0.3487648230651586,4200,deep
LAT36.5_LON-36.6,-0.34782868705114334,4200,deep
LAT36.5_LON-36.9,-0.34807936969973685,4200,deep
LAT36.5_LON-37.1,-0.3490121503074727,4200,deep
LAT36.5_LON-37.2,-0.3491596686298347,4200,deep
LAT36.5_LON-37.3,-0.35009059195242587,4200,deep
LAT36.5_LON-37.4,-0.34937683462292024,4200,deep
LAT36.5_LON-37.5,-0.3482725827678095,4200,deep
LAT36.5_LON-37.6,-0.3487272426854678,4200,deep
LAT36.5_LON-37.7,-0.34622057091541236,4200,deep
LAT36.5_LON-37.9,-0.3480051140872875,4200,deep
LAT36.5_LON-38.0,-0.34809642194689705,4200,deep
LAT36.5_LON-38.1,-0.3446109285095936,4200,deep
LAT36.5_LON-38.2,-0.3488136709459479,4200,deep
LAT36.5_LON-38.3,-0.35436123551007254,4200,deep
LAT36.5_LON-38.4,-0.3499094095581581,4200,deep
LAT36.5_LON-38.6,-0.3482105601916879,4200,deep
LAT36.5_LON-38.7,-0.34803943764641154,4200,deep
LAT36.5_LON-38.8,-0.3503537592009721,4200,deep
LAT36.5_LON-38.9,-0.3455021255525375,4200,deep
LAT36.5_LON-39.0,-0.3510067760523537,4200,deep
LAT36.5_LON-39.2,-0.350748337689254,4200,deep
LAT36.5_LON-39.5,-0.350883976219331,4200,deep
LAT36.5_LON-39.9,-0.35091492845249844,4200,deep
LAT36.6_LON-30.6,-0.3451889047498167,4200,deep
LAT36.6_LON-30.7,-0.34648746199245356,4200,deep
LAT36.6_LON-30.8,-0.35044712535331035,4200,deep
LAT36.6_LON-31.0,-0.3495910613949428,4200,deep
LAT36.6_LON-31.1,-0.34906523300155357,4200,deep
LAT36.6_LON-31.2,-0.3505193959310416,4200,deep
LAT36.6_LON-31.3,-0.3474197158351462,4200,deep
LAT36.6_LON-31.4,-0.3504717510679593,4200,deep
LAT36.6_LON-31.6,-0.3474381445959214,4200,deep
LAT36.6_LON-31.7,-0.34923735478724804,4200,deep
LAT36.6_LON-32.0,-0.349114296922063,4200,deep
LAT36.6_LON-32.1,-0.35157118406788745,4200,deep
LAT36.6_LON-32.2,-0.34963392526447445,4200,deep
LAT36.6_LON-32.4,-0.35357746312624067,4200,deep
LAT36.6_LON-32.5,-0.351329693742088,4200,deep
LAT36.6_LON-32.8,-0.349323287391344,4200,deep
LAT36.6_LON-33.0,-0.3492750808561812,4200,deep
LAT36.6_LON-33.1,-0.3500626256676146,4200,deep
LAT36.6_LON-33.2,-0.3461685616963799,4200,deep
LAT36.6_LON-33.3,-0.3492415201636901,4200,deep
LAT36.6_LON-33.4,-0.3507491028490737,4200,deep
LAT36.6_LON-33.6,-0.34808275158207513,4200,deep
LAT36.6_LON-33.7,-0.3490177761983231,4200,deep
LAT36.6_LON-33.9,-0.35267342427730847,4200,deep
LAT36.6_LON-34.0,-0.34961196984707194,4200,deep
LAT36.6_LON-34.2,-0.35001578203926015,4200,deep
LAT36.6_LON-34.4,-0.3520497581664989,4200,deep
LAT36.6_LON-34.5,-0.34938611195738983,4200,deep
LAT36.6_LON-34.6,-0.35243117855289074,4200,deep
LAT36.6_LON-34.7,-0.3470299128351244,4200,deep
LAT36.6_LON-34.9,-0.34671904527632724,4200,deep
LAT36.6_LON-35.0,-0.34838713832620594,4200,deep
LAT36.6_LON-35.5,-0.34535592779249835,4200,deep
LAT36.6_LON-35.6,-0.3479549069787386,4200,deep
LAT36.6_LON-35.9,-0.35357746312624067,4200,deep
LAT36.6_LON-36.2,-0.3492456681044172,4200,deep
LAT36.6_LON-36.3,-0.3514639978879435,4200,deep
LAT36.6_LON-36.5,-0.3472883705013921,4200,deep
LAT36.6_LON-36.7,-0.3482195642657875,4200,deep
LAT36.6_LON-36.8,-0.3510276103773205,4200,deep
LAT36.6_LON-36.9,-0.34838713832620594,4200,deep
LAT36.6_LON-37.0,-0.3499917525767843,4200,deep
LAT36.6_LON-37.2,-0.34879111753968506,4200,deep
LAT36.6_LON-37.3,-0.35364673105552225,4200,deep
LAT36.6_LON-37.4,-0.34930784453909147,4200,deep
LAT36.6_LON-37.5,-0.3488900453116505,4200,deep
LAT36.6_LON-37.6,-0.3497311863294491,4200,deep
LAT36.6_LON-37.7,-0.35139696269525217,4200,deep
LAT36.6_LON-37.8,-0.35053843125891804,4200,deep
LAT36.6_LON-37.9,-0.3501453942568757,4200,deep
LAT36.6_LON-38.0,-0.3499473022259432,4200,deep
LAT36.6_LON-38.1,-0.3500190306007164,4200,deep
LAT36.6_LON-38.2,-0.3497352000223497,4200,deep
LAT36.6_LON-38.3,-0.3492949658163682,4200,deep
LAT36.6_LON-38.4,-0.350923739913278,4200,deep
LAT36.6_LON-38.5,-0.35462003783373597,4200,deep
LAT36.6_LON-38.6,-0.34523110751801234,4200,deep
LAT36.6_LON-38.9,-0.34887926591794793,4200,deep
LAT36.6_LON-39.0,-0.34536974058469594,4200,deep
LAT36.6_LON-39.2,-0.35267342427730847,4200,deep
LAT36.6_LON-39.3,-0.3477237065980537,4200,deep
LAT36.6_LON-39.5,-0.3542173718293732,4200,deep
LAT36.6_LON-39.6,-0.3501453942568757,4200,deep
LAT36.7_LON-30.1,-0.34938611195738983,4200,deep
LAT36.7_LON-30.7,-0.3448562615906777,4200,deep
LAT36.7_LON-30.8,-0.34537393495128804,4200,deep
LAT36.7_LON-31.1,-0.34142131918912005,4200,deep
LAT36.7_LON-31.2,-0.3525345333839507,4200,deep
LAT36.7_LON-31.5,-0.34923336802038074,4200,deep
LAT36.7_LON-31.6,-0.349529021621107,4200,deep
LAT36.7_LON-31.8,-0.347956585583332,4200,deep
LAT36.7_LON-32.0,-0.3489380443058638,4200,deep
LAT36.7_LON-32.2,-0.3477799163042482,4200,deep
LAT36.7_LON-32.3,-0.3481387668204578,4200,deep
LAT36.7_LON-32.4,-0.34842625846173286,4200,deep
LAT36.7_LON-32.5,-0.35257755833285537,4200,deep
LAT36.7_LON-32.6,-0.3493122952218314,4200,deep
LAT36.7_LON-32.7,-0.34921959944144754,4200,deep
LAT36.7_LON-32.8,-0.3492636143166692,4200,deep
LAT36.7_LON-33.1,-0.3471655120604821,4200,deep
LAT36.7_LON-33.4,-0.35008770409937423,4200,deep
LAT36.7_LON-33.5,-0.3479549069787386,4200,deep
LAT36.7_LON-33.6,-0.35243536280792276,4200,deep
LAT36.7_LON-33.7,-0.349057218858885,4200,deep
LAT36.7_LON-33.8,-0.35101867593645136,4200,deep
LAT36.7_LON-33.9,-0.3491130530295985,4200,deep
LAT36.7_LON-34.0,-0.35067174956524527,4200,deep
LAT36.7_LON-34.1,-0.3485398951197761,4200,deep
LAT36.7_LON-34.3,-0.3510336290077574,4200,deep
LAT36.7_LON-34.4,-0.35019187742134017,4200,deep
LAT36.7_LON-34.5,-0.3520312630417579,4200,deep
LAT36.7_LON-34.6,-0.34877789660684255,4200,deep
LAT36.7_LON-35.3,-0.3524665010275289,4200,deep
LAT36.7_LON-35.6,-0.3526043165860733,4200,deep
LAT36.7_LON-35.7,-0.3513884879439005,4200,deep
LAT36.7_LON-36.1,-0.3521129628326433,4200,deep
LAT36.7_LON-36.6,-0.35100785083111086,4200,deep
LAT36.7_LON-36.7,-0.34982507477061087,4200,deep
LAT36.7_LON-36.9,-0.3481095608809501,4200,deep
LAT36.7_LON-37.0,-0.3523459691750393,4200,deep
LAT36.7_LON-37.1,-0.3495742455245065,4200,deep
LAT36.7_LON-37.3,-0.3480080124883862,4200,deep
LAT36.7_LON-37.4,-0.3482486461786762,4200,deep
LAT36.7_LON-37.5,-0.3493672548256843,4200,deep
LAT36.7_LON-37.6,-0.349818254221527,4200,deep
LAT36.7_LON-37.7,-0.3533926126801018,4200,deep
LAT36.7_LON-37.8,-0.3474116286785234,4200,deep
LAT36.7_LON-38.0,-0.34885664748210565,4200,deep
LAT36.7_LON-38.3,-0.34807936969973685,4200,deep
LAT36.7_LON-38.4,-0.34835017666962087,4200,deep
LAT36.7_LON-38.5,-0.3479961236296816,4200,deep
LAT36.7_LON-38.6,-0.3470508164296992,4200,deep
LAT36.7_LON-38.8,-0.3455849051156561,4200,deep
LAT36.7_LON-39.0,-0.34543819891097455,4200,deep
LAT36.7_LON-39.1,-0.349065657190995,4200,deep
LAT36.7_LON-39.3,-0.3520387587673072,4200,deep
LAT36.7_LON-39.4,-0.35200150757744963,4200,deep
LAT36.7_LON-39.5,-0.3513884879439005,4200,deep
LAT36.7_LON-39.7,-0.34336073679682505,4200,deep
LAT36.7_LON-39.8,-0.34788713424774137,4200,deep
LAT36.7_LON-39.9,-0.3524605593839574,4200,deep
LAT36.7_LON-40.0,-0.3514530141046484,4200,deep
LAT36.8_LON-30.5,-0.34861723533594513,4200,deep
LAT36.8_LON-30.7,-0.34593329587253563,4200,deep
LAT36.8_LON-30.8,-0.35356758731239735,4200,deep
LAT36.8_LON-31.0,-0.35336845459466676,4200,deep
LAT36.8_LON-31.1,-0.34549318899273196,4200,deep
LAT36.8_LON-31.2,-0.35146464893880947,4200,deep
LAT36.8_LON-31.4,-0.3425581351185296,4200,deep
LAT36.8_LON-31.5,-0.3497548475372679,4200,deep
LAT36.8_LON-31.6,-0.35010115016241466,4200,deep
LAT36.8_LON-31.7,-0.3516584503818054,4200,deep
LAT36.8_LON-31.8,-0.34545678782048506,4200,deep
LAT36.8_LON-31.9,-0.349818254221527,4200,deep
LAT36.8_LON-32.0,-0.3444896674383271,4200,deep
LAT36.8_LON-32.3,-0.3516683600066928,4200,deep
LAT36.8_LON-32.4,-0.3465526941411678,4200,deep
LAT36.8_LON-32.5,-0.347298532027609,4200,deep
LAT36.8_LON-32.6,-0.34877789660684255,4200,deep
LAT36.8_LON-32.7,-0.3462707436777061,4200,deep
LAT36.8_LON-32.9,-0.34929279715233663,4200,deep
LAT36.8_LON-33.1,-0.3491130530295985,4200,deep
LAT36.8_LON-33.7,-0.34509608748191034,4200,deep
LAT36.8_LON-33.8,-0.34582140468321465,4200,deep
LAT36.8_LON-34.0,-0.34881721517129727,4200,deep
LAT36.8_LON-34.3,-0.35228689279157516,4200,deep
LAT36.8_LON-34.5,-0.3490121503074727,4200,deep
LAT36.8_LON-34.6,-0.3526664136263129,4200,deep
LAT36.8_LON-34.7,-0.3513413036077412,4200,deep
LAT36.8_LON-35.5,-0.3525345333839507,4200,deep
LAT36.8_LON-35.6,-0.35135783264307985,4200,deep
LAT36.8_LON-35.7,-0.34701929084434835,4200,deep
LAT36.8_LON-35.8,-0.34878578837575536,4200,deep
LAT36.8_LON-36.2,-0.3519128059206192,4200,deep
LAT36.8_LON-36.3,-0.3455081051482598,4200,deep
LAT36.8_LON-36.4,-0.3488982566893315,4200,deep
LAT36.8_LON-36.5,-0.3525159209169997,4200,deep
LAT36.8_LON-36.7,-0.3469113393635169,4200,deep
LAT36.8_LON-36.9,-0.35046806742951536,4200,deep
LAT36.8_LON-37.0,-0.34423635251064444,4200,deep
LAT36.8_LON-37.1,-0.35053894131479113,4200,deep
LAT36.8_LON-37.2,-0.3516683600066928,4200,deep
LAT36.8_LON-37.3,-0.34938297732116336,4200,deep
LAT36.8_LON-37.4,-0.34886285115092913,4200,deep
LAT36.8_LON-37.6,-0.345432151838894,4200,deep
LAT36.8_LON-37.7,-0.3500540061245566,4200,deep
LAT36.8_LON-37.8,-0.3500816688934283,4200,deep
LAT36.8_LON-37.9,-0.34934684407906325,4200,deep
LAT36.8_LON-38.0,-0.34686237792367225,4200,deep
LAT36.8_LON-38.3,-0.3479587470184091,4200,deep
LAT36.8_LON-38.5,-0.3452462954612652,4200,deep
LAT36.8_LON-38.7,-0.3478336334664307,4200,deep
LAT36.8_LON-38.9,-0.34745844995295905,4200,deep
LAT36.8_LON-39.0,-0.34772775788535065,4200,deep
LAT36.8_LON-39.2,-0.34536514848622396,4200,deep
LAT36.8_LON-39.3,-0.351354206764712,4200,deep
LAT36.8_LON-39.4,-0.3501453942568757,4200,deep
LAT36.8_LON-39.5,-0.3510610729618103,4200,deep
LAT36.8_LON-39.7,-0.3487528075192842,4200,deep
LAT36.8_LON-39.8,-0.34959246574055275,4200,deep
LAT36.8_LON-39.9,-0.3560134716489283,4200,deep
LAT36.8_LON-40.0,-0.35180200937236594,4200,deep
LAT36.9_LON-30.2,-0.35272950733381125,4200,deep
LAT36.9_LON-30.5,-0.34665024068820577,4200,deep
LAT36.9_LON-30.6,-0.3527730383227902,4200,deep
LAT36.9_LON-30.8,-0.34895122765731124,4200,deep
LAT36.9_LON-31.0,-0.3525901387401946,4200,deep
LAT36.9_LON-31.1,-0.34482514742240944,4200,deep
LAT36.9_LON-31.2,-0.3521296147029038,4200,deep
LAT36.9_LON-31.4,-0.34958844114581755,4200,deep
LAT36.9_LON-31.5,-0.3526043165860733,4200,deep
LAT36.9_LON-31.7,-0.3440720706321592,4200,deep
LAT36.9_LON-31.8,-0.3492972225464728,4200,deep
LAT36.9_LON-31.9,-0.34876735696180805,4200,deep
LAT36.9_LON-32.0,-0.34851794667625413,4200,deep
LAT36.9_LON-32.1,-0.34960016392640736,4200,deep
LAT36.9_LON-32.3,-0.3510276103773205,4200,deep
LAT36.9_LON-32.4,-0.34927771131326496,4200,deep
LAT36.9_LON-32.5,-0.3483153521553545,4200,deep
LAT36.9_LON-32.8,-0.3493878217237738,4200,deep
LAT36.9_LON-32.9,-0.35267342427730847,4200,deep
LAT36.9_LON-33.0,-0.34506796695767994,4200,deep
LAT36.9_LON-33.4,-0.34947833413056534,4200,deep
LAT36.9_LON-33.5,-0.3512214968594851,4200,deep
LAT36.9_LON-33.7,-0.3460124579680318,4200,deep
LAT36.9_LON-33.9,-0.3468322320160261,4200,deep
LAT36.9_LON-34.0,-0.35357746312624067,4200,deep
LAT36.9_LON-34.1,-0.35108068054424174,4200,deep
LAT36.9_LON-34.2,-0.35180200937236594,4200,deep
LAT36.9_LON-34.4,-0.3497061369904173,4200,deep
LAT36.9_LON-34.5,-0.35159484327914736,4200,deep
LAT36.9_LON-34.7,-0.34929549248878927,4200,deep
LAT36.9_LON-34.9,-0.3510892005279286,4200,deep
LAT36.9_LON-35.1,-0.349253184310763,4200,deep
LAT36.9_LON-35.2,-0.34909952893423757,4200,deep
LAT36.9_LON-35.3,-0.34582140468321465,4200,deep
LAT36.9_LON-35.4,-0.34649489447701665,4200,deep
LAT36.9_LON-35.7,-0.3453908103846233,4200,deep
LAT36.9_LON-35.8,-0.3533245962932046,4200,deep
LAT36.9_LON-35.9,-0.3471846084954967,4200,deep
LAT36.9_LON-36.1,-0.34543819891097455,4200,deep
LAT36.9_LON-36.3,-0.3532522250671008,4200,deep
LAT36.9_LON-36.4,-0.34897272850279504,4200,deep
LAT36.9_LON-36.5,-0.35045297663359115,4200,deep
LAT36.9_LON-36.6,-0.34960016392640736,4200,deep
LAT36.9_LON-36.7,-0.3504817952959,4200,deep
LAT36.9_LON-36.8,-0.34995943537265983,4200,deep
LAT36.9_LON-37.1,-0.34908842831477777,4200,deep
LAT36.9_LON-37.2,-0.3461466121174338,4200,deep
LAT36.9_LON-37.3,-0.3496191149687541,4200,deep
LAT36.9_LON-37.4,-0.3510276103773205,4200,deep
LAT36.9_LON-37.6,-0.3520497581664989,4200,deep
LAT36.9_LON-37.7,-0.35257755833285537,4200,deep
LAT36.9_LON-37.8,-0.35017404667739016,4200,deep
LAT36.9_LON-37.9,-0.352346512380888,4200,deep
LAT36.9_LON-38.1,-0.3465526941411678,4200,deep
LAT36.9_LON-38.2,-0.3507063918656595,4200,deep
LAT36.9_LON-38.4,-0.34918822359482526,4200,deep
LAT36.9_LON-38.5,-0.34786659408536635,4200,deep
LAT36.9_LON-38.6,-0.3469108015987519,4200,deep
LAT36.9_LON-38.7,-0.35544394663396983,4200,deep
LAT36.9_LON-38.8,-0.34891304016375674,4200,deep
LAT36.9_LON-38.9,-0.3454200272536452,4200,deep
LAT36.9_LON-39.1,-0.3469566513266038,4200,deep
LAT36.9_LON-39.3,-0.3462707436777061,4200,deep
LAT36.9_LON-39.4,-0.3513628157481842,4200,deep
LAT36.9_LON-39.6,-0.3464043946295584,4200,deep
LAT36.9_LON-39.7,-0.3478003434153952,4200,deep
LAT36.9_LON-39.9,-0.3536033779980055,4200,deep
LAT37.0_LON-30.1,-0.3502937055904408,4200,deep
LAT37.0_LON-30.3,-0.35051626228098626,4200,deep
LAT37.0_LON-30.6,-0.34878578837575536,4200,deep
LAT37.0_LON-30.7,-0.34650364951642376,4200,deep
LAT37.0_LON-30.9,-0.34910042523017426,4200,deep
LAT37.0_LON-31.0,-0.3454670697002575,4200,deep
LAT37.0_LON-31.2,-0.3474729490354211,4200,deep
LAT37.0_LON-31.4,-0.34341812559593254,4200,deep
LAT37.0_LON-31.6,-0.34543123581057283,4200,deep
LAT37.0_LON-31.7,-0.34875218552474396,4200,deep
LAT37.0_LON-31.8,-0.34609185978171453,4200,deep
LAT37.0_LON-32.1,-0.349818254221527,4200,deep
LAT37.0_LON-32.3,-0.34707711005685654,4200,deep
LAT37.0_LON-32.5,-0.3517675254375248,4200,deep
LAT37.0_LON-32.6,-0.3468322320160261,4200,deep
LAT37.0_LON-33.1,-0.34712241165136676,4200,deep
LAT37.0_LON-33.2,-0.34960016392640736,4200,deep
LAT37.0_LON-33.3,-0.3520497581664989,4200,deep
LAT37.0_LON-33.4,-0.34713191708584695,4200,deep
LAT37.0_LON-33.8,-0.34972594092038756,4200,deep
LAT37.0_LON-34.0,-0.3476651492532603,4200,deep
LAT37.0_LON-34.7,-0.34877789660684255,4200,deep
LAT37.0_LON-35.1,-0.35277969463996645,4200,deep
LAT37.0_LON-35.4,-0.35186406165756245,4200,deep
LAT37.0_LON-35.6,-0.3529532959730135,4200,deep
LAT37.0_LON-35.7,-0.35091492845249844,4200,deep
LAT37.0_LON-35.8,-0.3492875445806827,4200,deep
LAT37.0_LON-35.9,-0.3512214968594851,4200,deep
LAT37.0_LON-36.0,-0.3503131448108229,4200,deep
LAT37.0_LON-36.1,-0.34878578837575536,4200,deep
LAT37.0_LON-36.2,-0.34939074715496476,4200,deep
LAT37.0_LON-36.3,-0.3461038258310055,4200,deep
LAT37.0_LON-36.4,-0.35309514820673826,4200,deep
LAT37.0_LON-36.5,-0.35436123551007254,4200,deep
LAT37.0_LON-36.7,-0.3508822099521501,4200,deep
LAT37.0_LON-36.9,-0.3479819463998913,4200,deep
LAT37.0_LON-37.0,-0.35243117855289074,4200,deep
LAT37.0_LON-37.1,-0.34911911677486196,4200,deep
LAT37.0_LON-37.3,-0.34850931672032737,4200,deep
LAT37.0_LON-37.4,-0.3495171254733629,4200,deep
LAT37.0_LON-37.5,-0.34945403863682206,4200,deep
LAT37.0_LON-37.6,-0.3536033779980055,4200,deep
LAT37.0_LON-37.7,-0.34938611195738983,4200,deep
LAT37.0_LON-37.8,-0.3479664551507849,4200,deep
LAT37.0_LON-37.9,-0.3480741503607733,4200,deep
LAT37.0_LON-38.0,-0.3525983432943567,4200,deep
LAT37.0_LON-38.1,-0.34519850618377124,4200,deep
LAT37.0_LON-38.2,-0.3491425112875537,4200,deep
LAT37.0_LON-38.3,-0.3503508112587232,4200,deep
LAT37.0_LON-38.4,-0.34882279632913665,4200,deep
LAT37.0_LON-38.5,-0.34599720756999613,4200,deep
LAT37.0_LON-38.6,-0.34752838786470236,4200,deep
LAT37.0_LON-38.8,-0.3481699310365338,4200,deep
LAT37.0_LON-39.2,-0.3496396355366372,4200,deep
LAT37.0_LON-39.3,-0.3483667754637145,4200,deep
LAT37.0_LON-39.4,-0.34836042935900735,4200,deep
LAT37.0_LON-39.5,-0.3498616257680505,4200,deep
LAT37.0_LON-39.6,-0.3539430499359018,4200,deep
LAT37.0_LON-39.7,-0.35101269386275874,4200,deep
LAT37.0_LON-39.9,-0.3494720957727364,4200,deep
LAT37.0_LON-40.0,-0.3496419842507542,4200,deep
LAT37.1_LON-30.4,-0.34938297732116336,4200,deep
LAT37.1_LON-30.7,-0.35220748999737406,4200,deep
LAT37.1_LON-30.9,-0.3451966475904419,4200,deep
LAT37.1_LON-31.0,-0.34843911138434824,4200,deep
LAT37.1_LON-31.1,-0.3467544695873242,4200,deep
LAT37.1_LON-31.2,-0.34719840907230864,4200,deep
LAT37.1_LON-31.3,-0.34973441520549714,4200,deep
LAT37.1_LON-31.4,-0.34923798917457444,4200,deep
LAT37.1_LON-31.5,-0.34877789660684255,4200,deep
LAT37.1_LON-31.6,-0.34762320465896146,4200,deep
LAT37.1_LON-31.9,-0.3461213791543132,4200,deep
LAT37.1_LON-32.0,-0.34873743181184147,4200,deep
LAT37.1_LON-32.2,-0.3491331906952173,4200,deep
LAT37.1_LON-32.3,-0.3481583374117239,4200,deep
LAT37.1_LON-32.5,-0.34620630605500313,4200,deep
LAT37.1_LON-32.6,-0.34524125455130555,4200,deep
LAT37.1_LON-32.8,-0.34932944592447474,4200,deep
LAT37.1_LON-33.0,-0.349580635128528,4200,deep
LAT37.1_LON-33.2,-0.3493122952218314,4200,deep
LAT37.1_LON-33.4,-0.3478107724967942,4200,deep
LAT37.1_LON-33.5,-0.3472453389101622,4200,deep
LAT37.1_LON-33.6,-0.3481375133310341,4200,deep
LAT37.1_LON-33.8,-0.3508391565388501,4200,deep
LAT37.1_LON-33.9,-0.3533245962932046,4200,deep
LAT37.1_LON-34.1,-0.3468702216531449,4200,deep
LAT37.1_LON-34.3,-0.34952900288218425,4200,deep
LAT37.1_LON-34.5,-0.35091492845249844,4200,deep
LAT37.1_LON-34.6,-0.35462003783373597,4200,deep
LAT37.1_LON-34.9,-0.3480260369189226,4200,deep
LAT37.1_LON-35.0,-0.34895837140751684,4200,deep
LAT37.1_LON-35.2,-0.34982507477061087,4200,deep
LAT37.1_LON-35.4,-0.3480102098455193,4200,deep
LAT37.1_LON-35.5,-0.3491596686298347,4200,deep
LAT37.1_LON-35.6,-0.3526043165860733,4200,deep
LAT37.1_LON-35.7,-0.34806428289223185,4200,deep
LAT37.1_LON-35.8,-0.35105374736335804,4200,deep
LAT37.1_LON-36.0,-0.3490080668548327,4200,deep
LAT37.1_LON-36.1,-0.3508972287301376,4200,deep
LAT37.1_LON-36.4,-0.34974542367079536,4200,deep
LAT37.1_LON-36.7,-0.34506705943401667,4200,deep
LAT37.1_LON-36.9,-0.34982507477061087,4200,deep
LAT37.1_LON-37.0,-0.3474124021227238,4200,deep
LAT37.1_LON-37.3,-0.34403514980133265,4200,deep
LAT37.1_LON-37.4,-0.3526428250192938,4200,deep
LAT37.1_LON-37.5,-0.349217113893704,4200,deep
LAT37.1_LON-37.7,-0.34706038863116584,4200,deep
LAT37.1_LON-37.8,-0.3470811936569901,4200,deep
LAT37.1_LON-37.9,-0.3498718811178133,4200,deep
LAT37.1_LON-38.1,-0.34830759682367013,4200,deep
LAT37.1_LON-38.2,-0.3468322320160261,4200,deep
LAT37.1_LON-38.3,-0.3470299128351244,4200,deep
LAT37.1_LON-38.4,-0.34899382221463704,4200,deep
LAT37.1_LON-38.5,-0.3492098568201149,4200,deep
LAT37.1_LON-38.6,-0.3478325186245156,4200,deep
LAT37.1_LON-38.7,-0.3502664505753194,4200,deep
LAT37.1_LON-38.8,-0.35220748999737406,4200,deep
LAT37.1_LON-38.9,-0.3529866124681972,4200,deep
LAT37.1_LON-39.0,-0.34909952893423757,4200,deep
LAT37.1_LON-39.1,-0.34521471174139307,4200,deep
LAT37.1_LON-39.2,-0.34506705943401667,4200,deep
LAT37.1_LON-39.3,-0.3475907441486621,4200,deep
LAT37.1_LON-39.4,-0.35272950733381125,4200,deep
LAT37.1_LON-39.5,-0.3478115259016292,4200,deep
LAT37.1_LON-39.6,-0.35309514820673826,4200,deep
LAT37.1_LON-39.7,-0.3455081051482598,4200,deep
LAT37.1_LON-39.8,-0.3509014664373742,4200,deep
LAT37.1_LON-39.9,-0.3470511099089527,4200,deep
LAT37.1_LON-40.0,-0.3524540791162504,4200,deep
LAT37.2_LON-30.6,-0.349235101517262,4200,deep
LAT37.2_LON-31.0,-0.34799461447750063,4200,deep
LAT37.2_LON-31.1,-0.34142131918912005,4200,deep
LAT37.2_LON-31.2,-0.3453020745589358,4200,deep
LAT37.2_LON-31.3,-0.3482698868737929,4200,deep
LAT37.2_LON-31.4,-0.35054795421933244,4200,deep
LAT37.2_LON-31.5,-0.3477841256962016,4200,deep
LAT37.2_LON-31.6,-0.3453531538843255,4200,deep
LAT37.2_LON-31.7,-0.35188843378909085,4200,deep
LAT37.2_LON-31.8,-0.3511152858708952,4200,deep
LAT37.2_LON-31.9,-0.3475478205245853,4200,deep
LAT37.2_LON-32.1,-0.34138748530435886,4200,deep
LAT37.2_LON-32.2,-0.34789261623866335,4200,deep
LAT37.2_LON-32.3,-0.34902750198278004,4200,deep
LAT37.2_LON-32.5,-0.3480596165870999,4200,deep
LAT37.2_LON-32.6,-0.3471099231791602,4200,deep
LAT37.2_LON-32.7,-0.3446715169889107,4200,deep
LAT37.2_LON-32.9,-0.3491130530295985,4200,deep
LAT37.2_LON-33.1,-0.346818081001688,4200,deep
LAT37.2_LON-33.2,-0.3486337739772172,4200,deep
LAT37.2_LON-33.3,-0.3501063388152144,4200,deep
LAT37.2_LON-33.4,-0.34626331681728956,4200,deep
LAT37.2_LON-33.5,-0.3482350283206124,4200,deep
LAT37.2_LON-33.6,-0.349580635128528,4200,deep
LAT37.2_LON-33.7,-0.3485144546839709,4200,deep
LAT37.2_LON-33.8,-0.35092190212793717,4200,deep
LAT37.2_LON-33.9,-0.34534419109580394,4200,deep
LAT37.2_LON-34.0,-0.3499584338984145,4200,deep
LAT37.2_LON-34.1,-0.34967414162408206,4200,deep
LAT37.2_LON-34.3,-0.34927771131326496,4200,deep
LAT37.2_LON-34.4,-0.34927771131326496,4200,deep
LAT37.2_LON-34.5,-0.3516245009175074,4200,deep
LAT37.2_LON-34.7,-0.3491828884221995,4200,deep
LAT37.2_LON-34.9,-0.3492594050669966,4200,deep
LAT37.2_LON-35.2,-0.34843691956329303,4200,deep
LAT37.2_LON-35.4,-0.3480596165870999,4200,deep
LAT37.2_LON-35.6,-0.34982507477061087,4200,deep
LAT37.2_LON-36.2,-0.3521395692484191,4200,deep
LAT37.2_LON-36.3,-0.3518421870533395,4200,deep
LAT37.2_LON-36.4,-0.3497061369904173,4200,deep
LAT37.2_LON-36.5,-0.3533295826088633,4200,deep
LAT37.2_LON-36.6,-0.34870709195415817,4200,deep
LAT37.2_LON-36.7,-0.34537449196235237,4200,deep
LAT37.2_LON-36.8,-0.34632217022918793,4200,deep
LAT37.2_LON-36.9,-0.35099116162518595,4200,deep
LAT37.2_LON-37.0,-0.3485762704869088,4200,deep
LAT37.2_LON-37.1,-0.35045169879633387,4200,deep
LAT37.2_LON-37.2,-0.34892494273679436,4200,deep
LAT37.2_LON-37.3,-0.3502538023593812,4200,deep
LAT37.2_LON-37.6,-0.35295832277154154,4200,deep
LAT37.2_LON-37.7,-0.3491226870995579,4200,deep
LAT37.2_LON-37.8,-0.34970990402109825,4200,deep
LAT37.2_LON-37.9,-0.34935069869891694,4200,deep
LAT37.2_LON-38.0,-0.3450999078080653,4200,deep
LAT37.2_LON-38.1,-0.34543123581057283,4200,deep
LAT37.2_LON-38.2,-0.3516683600066928,4200,deep
LAT37.2_LON-38.3,-0.34719665501419156,4200,deep
LAT37.2_LON-38.4,-0.35228689279157516,4200,deep
LAT37.2_LON-38.5,-0.3490053353843205,4200,deep
LAT37.2_LON-38.6,-0.34810569108812833,4200,deep
LAT37.2_LON-38.7,-0.3525550908462362,4200,deep
LAT37.2_LON-38.8,-0.3507368647160936,4200,deep
LAT37.2_LON-38.9,-0.34842968270527724,4200,deep
LAT37.2_LON-39.0,-0.3485164805756382,4200,deep
LAT37.2_LON-39.1,-0.3510638858726852,4200,deep
LAT37.2_LON-39.2,-0.3467918471297877,4200,deep
LAT37.2_LON-39.3,-0.3452211980710927,4200,deep
LAT37.2_LON-39.6,-0.34953005617829286,4200,deep
LAT37.2_LON-39.9,-0.3526830878911359,4200,deep
LAT37.2_LON-40.0,-0.3489908210511712,4200,deep
LAT37.3_LON-30.0,-0.35267342427730847,4200,deep
LAT37.3_LON-30.2,-0.3519128059206192,4200,deep
LAT37.3_LON-30.3,-0.34878578837575536,4200,deep
LAT37.3_LON-30.4,-0.35357746312624067,4200,deep
LAT37.3_LON-30.8,-0.34913001914337033,4200,deep
LAT37.3_LON-31.1,-0.34824027867509066,4200,deep
LAT37.3_LON-31.2,-0.3460197820765821,4200,deep
LAT37.3_LON-31.3,-0.34930784453909147,4200,deep
LAT37.3_LON-31.4,-0.34940096424504186,4200,deep
LAT37.3_LON-31.5,-0.345379473951214,4200,deep
LAT37.3_LON-31.6,-0.34862140576878714,4200,deep
LAT37.3_LON-31.8,-0.3474368441411966,4200,deep
LAT37.3_LON-32.0,-0.34920884499156835,4200,deep
LAT37.3_LON-32.2,-0.3452109046717561,4200,deep
LAT37.3_LON-32.3,-0.34909952893423757,4200,deep
LAT37.3_LON-32.5,-0.34829944230260557,4200,deep
LAT37.3_LON-32.6,-0.3432345160989374,4200,deep
LAT37.3_LON-32.7,-0.3480253120471679,4200,deep
LAT37.3_LON-32.8,-0.3498666100118567,4200,deep
LAT37.3_LON-32.9,-0.3425564262555467,4200,deep
LAT37.3_LON-33.0,-0.34534419109580394,4200,deep
LAT37.3_LON-33.1,-0.3455489875609044,4200,deep
LAT37.3_LON-33.2,-0.35028882970409964,4200,deep
LAT37.3_LON-33.3,-0.3479384110480205,4200,deep
LAT37.3_LON-33.4,-0.35240237001052754,4200,deep
LAT37.3_LON-33.6,-0.3490938943489975,4200,deep
LAT37.3_LON-33.7,-0.3440223155193665,4200,deep
LAT37.3_LON-33.8,-0.35080631391541234,4200,deep
LAT37.3_LON-33.9,-0.35043417415089295,4200,deep
LAT37.3_LON-34.0,-0.34857749025662443,4200,deep
LAT37.3_LON-34.1,-0.35091933418288823,4200,deep
LAT37.3_LON-34.3,-0.3494882448056917,4200,deep
LAT37.3_LON-34.4,-0.3528983053058449,4200,deep
LAT37.3_LON-34.6,-0.34627609443547513,4200,deep
LAT37.3_LON-34.7,-0.3475932340591925,4200,deep
LAT37.3_LON-34.9,-0.34813525647597016,4200,deep
LAT37.3_LON-35.1,-0.3492689682462194,4200,deep
LAT37.3_LON-35.3,-0.3497061369904173,4200,deep
LAT37.3_LON-35.4,-0.3480741503607733,4200,deep
LAT37.3_LON-35.5,-0.350105393950337,4200,deep
LAT37.3_LON-35.6,-0.3501453942568757,4200,deep
LAT37.3_LON-35.7,-0.34673255619555393,4200,deep
LAT37.3_LON-36.0,-0.34530320269112863,4200,deep
LAT37.3_LON-36.1,-0.34958945261684404,4200,deep
LAT37.3_LON-36.4,-0.34519850618377124,4200,deep
LAT37.3_LON-36.5,-0.34954797743749183,4200,deep
LAT37.3_LON-36.6,-0.3470339321634043,4200,deep
LAT37.3_LON-36.7,-0.3488626180715052,4200,deep
LAT37.3_LON-36.8,-0.3492636143166692,4200,deep
LAT37.3_LON-36.9,-0.3490257605188967,4200,deep
LAT37.3_LON-37.0,-0.3491828884221995,4200,deep
LAT37.3_LON-37.1,-0.3490338955180631,4200,deep
LAT37.3_LON-37.2,-0.3542173718293732,4200,deep
LAT37.3_LON-37.5,-0.34624052893189533,4200,deep
LAT37.3_LON-37.6,-0.35192562132120253,4200,deep
LAT37.3_LON-37.7,-0.3500142736817005,4200,deep
LAT37.3_LON-37.8,-0.3472254007437001,4200,deep
LAT37.3_LON-37.9,-0.34823176788478927,4200,deep
LAT37.3_LON-38.1,-0.3474303154839571,4200,deep
LAT37.3_LON-38.2,-0.35283652329748233,4200,deep
LAT37.3_LON-38.3,-0.34623488212611025,4200,deep
LAT37.3_LON-38.4,-0.34667452461999626,4200,deep
LAT37.3_LON-38.5,-0.3452211980710927,4200,deep
LAT37.3_LON-38.7,-0.3488677176379726,4200,deep
LAT37.3_LON-38.9,-0.3522295208235006,4200,deep
LAT37.3_LON-39.0,-0.351198492395501,4200,deep
LAT37.3_LON-39.2,-0.348473715449703,4200,deep
LAT37.3_LON-39.4,-0.35058293070244545,4200,deep
LAT37.3_LON-39.5,-0.3492972225464728,4200,deep
LAT37.3_LON-39.6,-0.3525998657882211,4200,deep
LAT37.3_LON-39.7,-0.3490714343531974,4200,deep
LAT37.3_LON-39.8,-0.3477964290753306,4200,deep
LAT37.3_LON-39.9,-0.3474513854621059,4200,deep
LAT37.3_LON-40.0,-0.34613396764307025,4200,deep
LAT37.4_LON-30.0,-0.34877789660684255,4200,deep
LAT37.4_LON-30.1,-0.3479227456467522,4200,deep
LAT37.4_LON-30.2,-0.35357746312624067,4200,deep
LAT37.4_LON-30.3,-0.34979360118918384,4200,deep
LAT37.4_LON-30.4,-0.34961196984707194,4200,deep
LAT37.4_LON-30.8,-0.3492456681044172,4200,deep
LAT37.4_LON-30.9,-0.3485913580040787,4200,deep
LAT37.4_LON-31.1,-0.35593958333000336,4200,deep
LAT37.4_LON-31.2,-0.3491792658676853,4200,deep
LAT37.4_LON-31.3,-0.3491828884221995,4200,deep
LAT37.4_LON-31.7,-0.3489190257491731,4200,deep
LAT37.4_LON-32.0,-0.34901176804388406,4200,deep
LAT37.4_LON-32.1,-0.3497436029783701,4200,deep
LAT37.4_LON-32.2,-0.34920884499156835,4200,deep
LAT37.4_LON-32.3,-0.34729589360047597,4200,deep
LAT37.4_LON-32.4,-0.34982018009244475,4200,deep
LAT37.4_LON-32.5,-0.343862812457825,4200,deep
LAT37.4_LON-32.6,-0.3476340892245009,4200,deep
LAT37.4_LON-32.7,-0.3437719171018455,4200,deep
LAT37.4_LON-32.8,-0.3493400632174477,4200,deep
LAT37.4_LON-32.9,-0.351096398919043,4200,deep
LAT37.4_LON-33.0,-0.34961090946848267,4200,deep
LAT37.4_LON-33.1,-0.3471372586804695,4200,deep
LAT37.4_LON-33.2,-0.3498656190946043,4200,deep
LAT37.4_LON-33.3,-0.34573865347340577,4200,deep
LAT37.4_LON-33.4,-0.3490752136949471,4200,deep
LAT37.4_LON-33.6,-0.34826999058791697,4200,deep
LAT37.4_LON-33.8,-0.3481099706213964,4200,deep
LAT37.4_LON-33.9,-0.34595779402342397,4200,deep
LAT37.4_LON-34.0,-0.35327837140451396,4200,deep
LAT37.4_LON-34.4,-0.34530320269112863,4200,deep
LAT37.4_LON-34.8,-0.3462288138445205,4200,deep
LAT37.4_LON-35.1,-0.3470822617268473,4200,deep
LAT37.4_LON-35.4,-0.34694762173723287,4200,deep
LAT37.4_LON-35.5,-0.347171669227589,4200,deep
LAT37.4_LON-35.6,-0.34909952893423757,4200,deep
LAT37.4_LON-35.7,-0.3478931336927227,4200,deep
LAT37.4_LON-35.8,-0.3478535706926076,4200,deep
LAT37.4_LON-36.1,-0.34610702675907223,4200,deep
LAT37.4_LON-36.4,-0.3493321982869424,4200,deep
LAT37.4_LON-36.5,-0.3472460036544524,4200,deep
LAT37.4_LON-36.6,-0.3471283532555169,4200,deep
LAT37.4_LON-36.7,-0.35309514820673826,4200,deep
LAT37.4_LON-36.8,-0.3525901387401946,4200,deep
LAT37.4_LON-36.9,-0.34933712831951863,4200,deep
LAT37.4_LON-37.0,-0.35593958333000336,4200,deep
LAT37.4_LON-37.1,-0.34792633140317125,4200,deep
LAT37.4_LON-37.3,-0.3491481343921786,4200,deep
LAT37.4_LON-37.7,-0.3494487697905718,4200,deep
LAT37.4_LON-38.0,-0.34595779402342397,4200,deep
LAT37.4_LON-38.2,-0.3503330996285827,4200,deep
LAT37.4_LON-38.3,-0.3483561436568091,4200,deep
LAT37.4_LON-38.4,-0.34979264127223814,4200,deep
LAT37.4_LON-38.5,-0.3473131922824943,4200,deep
LAT37.4_LON-38.6,-0.34906165240698384,4200,deep
LAT37.4_LON-38.7,-0.349235101517262,4200,deep
LAT37.4_LON-38.8,-0.3468276579377306,4200,deep
LAT37.4_LON-38.9,-0.3473757636634027,4200,deep
LAT37.4_LON-39.0,-0.34511947709480195,4200,deep
LAT37.4_LON-39.1,-0.3466714903061642,4200,deep
LAT37.4_LON-39.2,-0.34698340067832967,4200,deep
LAT37.4_LON-39.3,-0.3492549944010747,4200,deep
LAT37.4_LON-39.4,-0.3542173718293732,4200,deep
LAT37.4_LON-39.5,-0.34986361490791557,4200,deep
LAT37.4_LON-39.6,-0.35101000071464955,4200,deep
LAT37.4_LON-39.7,-0.348880031889665,4200,deep
LAT37.4_LON-39.8,-0.34691635551285804,4200,deep
LAT37.4_LON-39.9,-0.3486414302450428,4200,deep
LAT37.5_LON-30.2,-0.34877789660684255,4200,deep
LAT37.5_LON-30.5,-0.34731630793158064,4200,deep
LAT37.5_LON-30.6,-0.3473798379662952,4200,deep
LAT37.5_LON-30.7,-0.3469733325050957,4200,deep
LAT37.5_LON-30.8,-0.3474309805562122,4200,deep
LAT37.5_LON-30.9,-0.3468840305767136,4200,deep
LAT37.5_LON-31.0,-0.34759695229997395,4200,deep
LAT37.5_LON-31.1,-0.34719641813940727,4200,deep
LAT37.5_LON-31.2,-0.34923735478724804,4200,deep
LAT37.5_LON-31.3,-0.3535891206143157,4200,deep
LAT37.5_LON-31.4,-0.34666200306669037,4200,deep
LAT37.5_LON-31.5,-0.349253184310763,4200,deep
LAT37.5_LON-31.6,-0.3450114032733994,4200,deep
LAT37.5_LON-31.8,-0.3507927784318837,4200,deep
LAT37.5_LON-31.9,-0.349462075375662,4200,deep
LAT37.5_LON-32.0,-0.34999925225451595,4200,deep
LAT37.5_LON-32.1,-0.34729865999459913,4200,deep
LAT37.5_LON-32.2,-0.3489038394794336,4200,deep
LAT37.5_LON-32.4,-0.3490238197093553,4200,deep
LAT37.5_LON-32.5,-0.34535592779249835,4200,deep
LAT37.5_LON-32.6,-0.3451966475904419,4200,deep
LAT37.5_LON-32.7,-0.34706304454298115,4200,deep
LAT37.5_LON-32.8,-0.3473014715236057,4200,deep
LAT37.5_LON-32.9,-0.3525345333839507,4200,deep
LAT37.5_LON-33.0,-0.35074571944056876,4200,deep
LAT37.5_LON-33.1,-0.34840662756770663,4200,deep
LAT37.5_LON-33.2,-0.3480184367631389,4200,deep
LAT37.5_LON-33.3,-0.34788853324549096,4200,deep
LAT37.5_LON-33.4,-0.35103610389729045,4200,deep
LAT37.5_LON-33.5,-0.3475924712955283,4200,deep
LAT37.5_LON-33.6,-0.3449959720372341,4200,deep
LAT37.5_LON-33.7,-0.35621505435645673,4200,deep
LAT37.5_LON-33.8,-0.3513884879439005,4200,deep
LAT37.5_LON-33.9,-0.3485830726489252,4200,deep
LAT37.5_LON-34.0,-0.3474513854621059,4200,deep
LAT37.5_LON-34.2,-0.3481877769634065,4200,deep
LAT37.5_LON-34.3,-0.34813204666317954,4200,deep
LAT37.5_LON-34.5,-0.34945676664928305,4200,deep
LAT37.5_LON-34.6,-0.34807510132285463,4200,deep
LAT37.5_LON-34.7,-0.35284046156775284,4200,deep
LAT37.5_LON-35.0,-0.3508822099521501,4200,deep
LAT37.5_LON-35.1,-0.35234334022799607,4200,deep
LAT37.5_LON-35.3,-0.3497311863294491,4200,deep
LAT37.5_LON-35.5,-0.3469899003849061,4200,deep
LAT37.5_LON-35.6,-0.34543819891097455,4200,deep
LAT37.5_LON-35.7,-0.35234334022799607,4200,deep
LAT37.5_LON-35.9,-0.3478107724967942,4200,deep
LAT37.5_LON-36.0,-0.3490719491117558,4200,deep
LAT37.5_LON-36.1,-0.3547074467326832,4200,deep
LAT37.5_LON-36.3,-0.34439351813948194,4200,deep
LAT37.5_LON-36.6,-0.3525643692107973,4200,deep
LAT37.5_LON-36.8,-0.34858749109131937,4200,deep
LAT37.5_LON-37.0,-0.3530043208395657,4200,deep
LAT37.5_LON-37.1,-0.34881721517129727,4200,deep
LAT37.5_LON-37.2,-0.3504845615362142,4200,deep
LAT37.5_LON-37.3,-0.3516814670272723,4200,deep
LAT37.5_LON-37.5,-0.3490934866011667,4200,deep
LAT37.5_LON-37.6,-0.35124651895513803,4200,deep
LAT37.5_LON-37.7,-0.34818955282294134,4200,deep
LAT37.5_LON-37.8,-0.35142525656329876,4200,deep
LAT37.5_LON-37.9,-0.34805256705675874,4200,deep
LAT37.5_LON-38.0,-0.3518089620022921,4200,deep
LAT37.5_LON-38.1,-0.35001859624512416,4200,deep
LAT37.5_LON-38.2,-0.34710111543573763,4200,deep
LAT37.5_LON-38.3,-0.3529270186894162,4200,deep
LAT37.5_LON-38.4,-0.34744084246586704,4200,deep
LAT37.5_LON-38.5,-0.3511270297029182,4200,deep
LAT37.5_LON-38.6,-0.34669410787882743,4200,deep
LAT37.5_LON-38.7,-0.34968209569136255,4200,deep
LAT37.5_LON-38.8,-0.35332785816144746,4200,deep
LAT37.5_LON-38.9,-0.34866349989422335,4200,deep
LAT37.5_LON-39.0,-0.35276387172162593,4200,deep
LAT37.5_LON-39.1,-0.3506787114557497,4200,deep
LAT37.5_LON-39.2,-0.35108126466546324,4200,deep
LAT37.5_LON-39.3,-0.34698340067832967,4200,deep
LAT37.5_LON-39.4,-0.347009050742172,4200,deep
LAT37.5_LON-39.5,-0.3501453942568757,4200,deep
LAT37.5_LON-39.6,-0.3512961168791996,4200,deep
LAT37.5_LON-39.8,-0.34519850618377124,4200,deep
LAT37.5_LON-39.9,-0.34752547970810604,4200,deep
LAT37.5_LON-40.0,-0.34753103239145783,4200,deep
LAT37.6_LON-30.2,-0.3508822099521501,4200,deep
LAT37.6_LON-30.3,-0.3470764552653906,4200,deep
LAT37.6_LON-30.4,-0.3477623466391091,4200,deep
LAT37.6_LON-30.5,-0.34587837774297336,4200,deep
LAT37.6_LON-30.6,-0.3479599688981981,4200,deep
LAT37.6_LON-30.7,-0.3488656667546871,4200,deep
LAT37.6_LON-30.8,-0.3494927047222345,4200,deep
LAT37.6_LON-30.9,-0.35118000025738155,4200,deep
LAT37.6_LON-31.0,-0.347298532027609,4200,deep
LAT37.6_LON-31.1,-0.34838713832620594,4200,deep
LAT37.6_LON-31.2,-0.34554097498562064,4200,deep
LAT37.6_LON-31.3,-0.34741483656966454,4200,deep
LAT37.6_LON-31.4,-0.34822803523260026,4200,deep
LAT37.6_LON-31.5,-0.34890468642196715,4200,deep
LAT37.6_LON-31.6,-0.34950915143235944,4200,deep
LAT37.6_LON-31.7,-0.3472616464323796,4200,deep
LAT37.6_LON-31.8,-0.34508197139706254,4200,deep
LAT37.6_LON-31.9,-0.34707320360325766,4200,deep
LAT37.6_LON-32.1,-0.3499606601821939,4200,deep
LAT37.6_LON-32.2,-0.3460124579680318,4200,deep
LAT37.6_LON-32.3,-0.3487784204272213,4200,deep
LAT37.6_LON-32.4,-0.3486616695280646,4200,deep
LAT37.6_LON-32.5,-0.34628361174878225,4200,deep
LAT37.6_LON-32.8,-0.3480847379838416,4200,deep
LAT37.6_LON-32.9,-0.34749346556470906,4200,deep
LAT37.6_LON-33.0,-0.3490437810655457,4200,deep
LAT37.6_LON-33.1,-0.34573369563407397,4200,deep
LAT37.6_LON-33.2,-0.351028506875431,4200,deep
LAT37.6_LON-33.3,-0.35049733224959373,4200,deep
LAT37.6_LON-33.5,-0.3511901164735919,4200,deep
LAT37.6_LON-33.7,-0.34720166842515643,4200,deep
LAT37.6_LON-33.8,-0.3476621983923771,4200,deep
LAT37.6_LON-33.9,-0.3488677176379726,4200,deep
LAT37.6_LON-34.0,-0.3480741503607733,4200,deep
LAT37.6_LON-34.1,-0.3471356352369995,4200,deep
LAT37.6_LON-34.2,-0.3476719207078588,4200,deep
LAT37.6_LON-34.3,-0.3478355983912846,4200,deep
LAT37.6_LON-34.6,-0.3520532871377842,4200,deep
LAT37.6_LON-34.7,-0.34926679356055823,4200,deep
LAT37.6_LON-34.8,-0.3488677176379726,4200,deep
LAT37.6_LON-34.9,-0.34894428782112985,4200,deep
LAT37.6_LON-35.4,-0.3558118889413999,4200,deep
LAT37.6_LON-35.5,-0.3488473723918048,4200,deep
LAT37.6_LON-35.6,-0.34530320269112863,4200,deep
LAT37.6_LON-35.7,-0.34862140576878714,4200,deep
LAT37.6_LON-36.0,-0.3455081051482598,4200,deep
LAT37.6_LON-36.1,-0.35357746312624067,4200,deep
LAT37.6_LON-36.2,-0.35083595651624244,4200,deep
LAT37.6_LON-36.3,-0.34867250860229826,4200,deep
LAT37.6_LON-36.5,-0.3450650381943581,4200,deep
LAT37.6_LON-36.6,-0.35357746312624067,4200,deep
LAT37.6_LON-37.0,-0.3468062917164396,4200,deep
LAT37.6_LON-37.1,-0.34497176365768967,4200,deep
LAT37.6_LON-37.2,-0.34823720587433427,4200,deep
LAT37.6_LON-37.3,-0.35040901362032745,4200,deep
LAT37.6_LON-37.4,-0.3508202451179979,4200,deep
LAT37.6_LON-37.5,-0.34923598192583305,4200,deep
LAT37.6_LON-37.6,-0.3502552170485731,4200,deep
LAT37.6_LON-37.7,-0.3503193087090035,4200,deep
LAT37.6_LON-37.8,-0.35220374078772587,4200,deep
LAT37.6_LON-37.9,-0.34937683462292024,4200,deep
LAT37.6_LON-38.0,-0.34909523966364264,4200,deep
LAT37.6_LON-38.2,-0.346861064569906,4200,deep
LAT37.6_LON-38.3,-0.3490112430342044,4200,deep
LAT37.6_LON-38.4,-0.35009059195242587,4200,deep
LAT37.6_LON-38.5,-0.3492636143166692,4200,deep
LAT37.6_LON-38.6,-0.34877128281223063,4200,deep
LAT37.6_LON-38.7,-0.351486698600267,4200,deep
LAT37.6_LON-38.8,-0.34535618796930007,4200,deep
LAT37.6_LON-38.9,-0.34938297732116336,4200,deep
LAT37.6_LON-39.0,-0.34784184287667946,4200,deep
LAT37.6_LON-39.1,-0.3422722926280416,4200,deep
LAT37.6_LON-39.3,-0.34711820147337863,4200,deep
LAT37.6_LON-39.4,-0.35091243622727814,4200,deep
LAT37.6_LON-39.6,-0.3461099153202893,4200,deep
LAT37.6_LON-39.8,-0.3485487091188728,4200,deep
LAT37.6_LON-40.0,-0.34502912923344314,4200,deep
LAT37.7_LON-30.1,-0.349818254221527,4200,deep
LAT37.7_LON-30.2,-0.3454751132022574,4200,deep
LAT37.7_LON-30.4,-0.3483000352995078,4200,deep
LAT37.7_LON-30.6,-0.349580635128528,4200,deep
LAT37.7_LON-30.7,-0.34526613246134813,4200,deep
LAT37.7_LON-30.8,-0.3465526941411678,4200,deep
LAT37.7_LON-30.9,-0.34799461447750063,4200,deep
LAT37.7_LON-31.0,-0.3510276103773205,4200,deep
LAT37.7_LON-31.2,-0.34808275158207513,4200,deep
LAT37.7_LON-31.3,-0.3519128059206192,4200,deep
LAT37.7_LON-31.7,-0.3480684954843097,4200,deep
LAT37.7_LON-31.8,-0.3424014242806187,4200,deep
LAT37.7_LON-32.1,-0.35181655376864684,4200,deep
LAT37.7_LON-32.2,-0.35056940608948434,4200,deep
LAT37.7_LON-32.3,-0.3512098633289228,4200,deep
LAT37.7_LON-32.4,-0.34321399885908166,4200,deep
LAT37.7_LON-32.5,-0.34953698231951397,4200,deep
LAT37.7_LON-32.6,-0.34960016392640736,4200,deep
LAT37.7_LON-32.7,-0.34738800628579775,4200,deep
LAT37.7_LON-32.8,-0.3500855926728985,4200,deep
LAT37.7_LON-32.9,-0.3470806065168709,4200,deep
LAT37.7_LON-33.0,-0.34799427157425195,4200,deep
LAT37.7_LON-33.1,-0.3470011332568514,4200,deep
LAT37.7_LON-33.2,-0.3510966665950481,4200,deep
LAT37.7_LON-33.3,-0.3487018159617143,4200,deep
LAT37.7_LON-33.4,-0.3498560414972878,4200,deep
LAT37.7_LON-33.5,-0.3454670697002575,4200,deep
LAT37.7_LON-33.8,-0.3464139495529691,4200,deep
LAT37.7_LON-33.9,-0.350923739913278,4200,deep
LAT37.7_LON-34.0,-0.34909952893423757,4200,deep
LAT37.7_LON-34.1,-0.3492636143166692,4200,deep
LAT37.7_LON-34.2,-0.35243117855289074,4200,deep
LAT37.7_LON-34.3,-0.34923440837659325,4200,deep
LAT37.7_LON-34.5,-0.35233971474554254,4200,deep
LAT37.7_LON-34.6,-0.3491815869626819,4200,deep
LAT37.7_LON-34.7,-0.34923503758597485,4200,deep
LAT37.7_LON-34.8,-0.3467952012249344,4200,deep
LAT37.7_LON-34.9,-0.3535891206143157,4200,deep
LAT37.7_LON-35.0,-0.3502839150369812,4200,deep
LAT37.7_LON-35.2,-0.35617315862279103,4200,deep
LAT37.7_LON-35.3,-0.35182842983370394,4200,deep
LAT37.7_LON-35.4,-0.34887926591794793,4200,deep
LAT37.7_LON-35.8,-0.3478115259016292,4200,deep
LAT37.7_LON-36.0,-0.34935086242055247,4200,deep
LAT37.7_LON-36.1,-0.35091492845249844,4200,deep
LAT37.7_LON-36.2,-0.3459131764769812,4200,deep
LAT37.7_LON-36.3,-0.35146464893880947,4200,deep
LAT37.7_LON-36.5,-0.34531663409200325,4200,deep
LAT37.7_LON-36.6,-0.3486170949049677,4200,deep
LAT37.7_LON-36.7,-0.34858381848097,4200,deep
LAT37.7_LON-36.9,-0.3522828395417493,4200,deep
LAT37.7_LON-37.0,-0.34985492993645967,4200,deep
LAT37.7_LON-37.1,-0.34142131918912005,4200,deep
LAT37.7_LON-37.3,-0.35210042923229995,4200,deep
LAT37.7_LON-37.4,-0.3478234893960792,4200,deep
LAT37.7_LON-37.5,-0.34959901872648513,4200,deep
LAT37.7_LON-37.6,-0.3482664952775306,4200,deep
LAT37.7_LON-37.7,-0.34874623084885575,4200,deep
LAT37.7_LON-37.8,-0.34947833413056534,4200,deep
LAT37.7_LON-37.9,-0.34806428289223185,4200,deep
LAT37.7_LON-38.0,-0.34876110338519334,4200,deep
LAT37.7_LON-38.1,-0.3461932043038299,4200,deep
LAT37.7_LON-38.2,-0.349583610177131,4200,deep
LAT37.7_LON-38.3,-0.34897879748048105,4200,deep
LAT37.7_LON-38.4,-0.35079548496157376,4200,deep
LAT37.7_LON-38.5,-0.3468130878484796,4200,deep
LAT37.7_LON-38.6,-0.3491928036551026,4200,deep
LAT37.7_LON-38.7,-0.3489359652305398,4200,deep
LAT37.7_LON-38.8,-0.3471016718012452,4200,deep
LAT37.7_LON-38.9,-0.34937389700382065,4200,deep
LAT37.7_LON-39.0,-0.3487291743359436,4200,deep
LAT37.7_LON-39.1,-0.34837257229824636,4200,deep
LAT37.7_LON-39.2,-0.3477804411571979,4200,deep
LAT37.7_LON-39.3,-0.3501114306629766,4200,deep
LAT37.7_LON-39.4,-0.34692066498851554,4200,deep
LAT37.7_LON-39.5,-0.34632214914694526,4200,deep
LAT37.7_LON-39.6,-0.3455710359047222,4200,deep
LAT37.7_LON-39.8,-0.3492415201636901,4200,deep
LAT37.7_LON-39.9,-0.3494120639244416,4200,deep
LAT37.7_LON-40.0,-0.3493122952218314,4200,deep
LAT37.8_LON-30.6,-0.34950915143235944,4200,deep
LAT37.8_LON-30.7,-0.34938297732116336,4200,deep
LAT37.8_LON-30.9,-0.34808275158207513,4200,deep
LAT37.8_LON-31.1,-0.34845884019428797,4200,deep
LAT37.8_LON-31.2,-0.34550727311954077,4200,deep
LAT37.8_LON-31.6,-0.3437719171018455,4200,deep
LAT37.8_LON-32.0,-0.35621505435645673,4200,deep
LAT37.8_LON-32.2,-0.35128671865997324,4200,deep
LAT37.8_LON-32.3,-0.3481320236534562,4200,deep
LAT37.8_LON-32.4,-0.3473951772874372,4200,deep
LAT37.8_LON-32.5,-0.34845884019428797,4200,deep
LAT37.8_LON-32.6,-0.3490783951901925,4200,deep
LAT37.8_LON-32.7,-0.34981599416340403,4200,deep
LAT37.8_LON-32.8,-0.3463213153538242,4200,deep
LAT37.8_LON-33.1,-0.3450371884462305,4200,deep
LAT37.8_LON-33.2,-0.34740311796031537,4200,deep
LAT37.8_LON-33.3,-0.3476119802058723,4200,deep
LAT37.8_LON-33.4,-0.3496118947235341,4200,deep
LAT37.8_LON-33.5,-0.3510067760523537,4200,deep
LAT37.8_LON-33.6,-0.3473647850885454,4200,deep
LAT37.8_LON-33.9,-0.3473874761364691,4200,deep
LAT37.8_LON-34.0,-0.3457315330149064,4200,deep
LAT37.8_LON-34.2,-0.34910908970816956,4200,deep
LAT37.8_LON-34.3,-0.3491144760844603,4200,deep
LAT37.8_LON-34.4,-0.3478734479176698,4200,deep
LAT37.8_LON-34.5,-0.35064691354738187,4200,deep
LAT37.8_LON-34.6,-0.34960016392640736,4200,deep
LAT37.8_LON-35.0,-0.3501750080005876,4200,deep
LAT37.8_LON-35.1,-0.3471047848727617,4200,deep
LAT37.8_LON-35.2,-0.34689300590572714,4200,deep
LAT37.8_LON-35.3,-0.34490210972758556,4200,deep
LAT37.8_LON-35.4,-0.3421190444855926,4200,deep
LAT37.8_LON-35.6,-0.34835468325761587,4200,deep
LAT37.8_LON-35.8,-0.34881641810154845,4200,deep
LAT37.8_LON-35.9,-0.344827077035967,4200,deep
LAT37.8_LON-36.0,-0.34561297058974677,4200,deep
LAT37.8_LON-36.2,-0.3475107846603755,4200,deep
LAT37.8_LON-36.3,-0.3490680866389053,4200,deep
LAT37.8_LON-36.4,-0.3499889692756005,4200,deep
LAT37.8_LON-36.5,-0.3510431675498861,4200,deep
LAT37.8_LON-36.6,-0.34878578837575536,4200,deep
LAT37.8_LON-36.7,-0.3477364228647092,4200,deep
LAT37.8_LON-36.8,-0.3472460036544524,4200,deep
LAT37.8_LON-36.9,-0.34808022868458977,4200,deep
LAT37.8_LON-37.0,-0.3493745774659355,4200,deep
LAT37.8_LON-37.1,-0.3513629263819794,4200,deep
LAT37.8_LON-37.2,-0.34928894032039814,4200,deep
LAT37.8_LON-37.3,-0.3484410230664614,4200,deep
LAT37.8_LON-37.4,-0.35051626228098626,4200,deep
LAT37.8_LON-37.5,-0.34798611941423524,4200,deep
LAT37.8_LON-37.7,-0.34954132048460956,4200,deep
LAT37.8_LON-37.8,-0.34561010555699023,4200,deep
LAT37.8_LON-38.0,-0.3493638685683586,4200,deep
LAT37.8_LON-38.1,-0.3491381775322906,4200,deep
LAT37.8_LON-38.3,-0.348700983429392,4200,deep
LAT37.8_LON-38.4,-0.3505999243144067,4200,deep
LAT37.8_LON-38.5,-0.3505674049864851,4200,deep
LAT37.8_LON-38.6,-0.35081568043231665,4200,deep
LAT37.8_LON-38.7,-0.3508107268848281,4200,deep
LAT37.8_LON-38.8,-0.3483014166752127,4200,deep
LAT37.8_LON-38.9,-0.3491736763755484,4200,deep
LAT37.8_LON-39.0,-0.35306022881231347,4200,deep
LAT37.8_LON-39.2,-0.3456154755455711,4200,deep
LAT37.8_LON-39.3,-0.34919431844558363,4200,deep
LAT37.8_LON-39.4,-0.3477746838581847,4200,deep
LAT37.8_LON-39.6,-0.3464089556407753,4200,deep
LAT37.8_LON-39.7,-0.34813333502142363,4200,deep
LAT37.8_LON-39.8,-0.3509962875815075,4200,deep
LAT37.8_LON-39.9,-0.3507021349915803,4200,deep
LAT37.8_LON-40.0,-0.34621486268425133,4200,deep
LAT37.9_LON-30.7,-0.349529021621107,4200,deep
LAT37.9_LON-30.8,-0.34779620900619646,4200,deep
LAT37.9_LON-31.0,-0.34788713424774137,4200,deep
LAT37.9_LON-31.1,-0.34919431844558363,4200,deep
LAT37.9_LON-31.2,-0.3454751132022574,4200,deep
LAT37.9_LON-31.4,-0.35267342427730847,4200,deep
LAT37.9_LON-31.5,-0.34960016392640736,4200,deep
LAT37.9_LON-31.6,-0.34649485243895567,4200,deep
LAT37.9_LON-32.3,-0.35000621551386873,4200,deep
LAT37.9_LON-32.4,-0.34828332369109116,4200,deep
LAT37.9_LON-32.5,-0.3455785613077716,4200,deep
LAT37.9_LON-32.6,-0.3524665010275289,4200,deep
LAT37.9_LON-32.7,-0.34701009656614223,4200,deep
LAT37.9_LON-32.8,-0.34842625846173286,4200,deep
LAT37.9_LON-32.9,-0.34889858584529915,4200,deep
LAT37.9_LON-33.0,-0.34743301886887945,4200,deep
LAT37.9_LON-33.1,-0.3513884879439005,4200,deep
LAT37.9_LON-33.2,-0.3476900732117424,4200,deep
LAT37.9_LON-33.3,-0.3493324994437733,4200,deep
LAT37.9_LON-33.4,-0.3480751925270197,4200,deep
LAT37.9_LON-33.5,-0.3520497581664989,4200,deep
LAT37.9_LON-33.6,-0.34985061506529275,4200,deep
LAT37.9_LON-33.7,-0.3491565378529698,4200,deep
LAT37.9_LON-33.8,-0.3494245674397675,4200,deep
LAT37.9_LON-34.1,-0.35008770409937423,4200,deep
LAT37.9_LON-34.2,-0.34885966830657417,4200,deep
LAT37.9_LON-34.3,-0.34671620669056885,4200,deep
LAT37.9_LON-34.4,-0.34975550845635467,4200,deep
LAT37.9_LON-34.5,-0.3491419668586825,4200,deep
LAT37.9_LON-34.6,-0.34792925137097724,4200,deep
LAT37.9_LON-34.7,-0.34765799583028745,4200,deep
LAT37.9_LON-34.8,-0.34725518683612705,4200,deep
LAT37.9_LON-34.9,-0.34862140576878714,4200,deep
LAT37.9_LON-35.1,-0.34512426171486427,4200,deep
LAT37.9_LON-35.2,-0.3500060555413915,4200,deep
LAT37.9_LON-35.3,-0.349526288164249,4200,deep
LAT37.9_LON-35.4,-0.34595779402342397,4200,deep
LAT37.9_LON-35.5,-0.3452267057034398,4200,deep
LAT37.9_LON-35.6,-0.34549920590553407,4200,deep
LAT37.9_LON-35.7,-0.3475924712955283,4200,deep
LAT37.9_LON-35.8,-0.34493877030445586,4200,deep
LAT37.9_LON-36.1,-0.3492972225464728,4200,deep
LAT37.9_LON-36.2,-0.3482096520765122,4200,deep
LAT37.9_LON-36.3,-0.34845884019428797,4200,deep
LAT37.9_LON-36.4,-0.3491144760844603,4200,deep
LAT37.9_LON-36.6,-0.34336073679682505,4200,deep
LAT37.9_LON-36.7,-0.34938611195738983,4200,deep
LAT37.9_LON-36.8,-0.34908906131813605,4200,deep
LAT37.9_LON-36.9,-0.34878857267870295,4200,deep
LAT37.9_LON-37.1,-0.34711209960970046,4200,deep
LAT37.9_LON-37.2,-0.3456941476945138,4200,deep
LAT37.9_LON-37.3,-0.3508740229447349,4200,deep
LAT37.9_LON-37.5,-0.34715221716562666,4200,deep
LAT37.9_LON-37.6,-0.34718060414236196,4200,deep
LAT37.9_LON-37.7,-0.351090238519306,4200,deep
LAT37.9_LON-37.9,-0.34838713832620594,4200,deep
LAT37.9_LON-38.0,-0.34599720756999613,4200,deep
LAT37.9_LON-38.1,-0.34592170684026063,4200,deep
LAT37.9_LON-38.2,-0.35093302074409416,4200,deep
LAT37.9_LON-38.4,-0.3502323056739295,4200,deep
LAT37.9_LON-38.5,-0.35020305691510406,4200,deep
LAT37.9_LON-38.6,-0.34934681728221795,4200,deep
LAT37.9_LON-38.7,-0.34765150107329124,4200,deep
LAT37.9_LON-38.8,-0.34771250930941916,4200,deep
LAT37.9_LON-38.9,-0.34970702322540964,4200,deep
LAT37.9_LON-39.0,-0.34872118872369445,4200,deep
LAT37.9_LON-39.1,-0.3476494945576041,4200,deep
LAT37.9_LON-39.3,-0.34873035013694814,4200,deep
LAT37.9_LON-39.4,-0.3520798668292858,4200,deep
LAT37.9_LON-39.5,-0.3513611556547665,4200,deep
LAT37.9_LON-39.6,-0.34543123581057283,4200,deep
LAT37.9_LON-39.7,-0.3512395876566038,4200,deep
LAT37.9_LON-39.8,-0.3464120038878914,4200,deep
LAT37.9_LON-39.9,-0.34810888324694594,4200,deep
LAT37.9_LON-40.0,-0.3495509344083198,4200,deep
LAT38.0_LON-31.1,-0.34873035013694814,4200,deep
LAT38.0_LON-31.5,-0.34838713832620594,4200,deep
LAT38.0_LON-31.7,-0.34878578837575536,4200,deep
LAT38.0_LON-31.9,-0.34928436345770936,4200,deep
LAT38.0_LON-32.4,-0.34909952893423757,4200,deep
LAT38.0_LON-32.5,-0.3490934866011667,4200,deep
LAT38.0_LON-32.7,-0.3468760575587337,4200,deep
LAT38.0_LON-32.8,-0.3492972225464728,4200,deep
LAT38.0_LON-32.9,-0.34877239925176917,4200,deep
LAT38.0_LON-33.0,-0.34998709462646943,4200,deep
LAT38.0_LON-33.1,-0.3454778199889376,4200,deep
LAT38.0_LON-33.2,-0.3495315319725927,4200,deep
LAT38.0_LON-33.3,-0.3489912990026456,4200,deep
LAT38.0_LON-33.4,-0.3480958213831025,4200,deep
LAT38.0_LON-33.5,-0.347428926316265,4200,deep
LAT38.0_LON-33.6,-0.34888810379587587,4200,deep
LAT38.0_LON-33.8,-0.34973630626191404,4200,deep
LAT38.0_LON-33.9,-0.3509189444265708,4200,deep
LAT38.0_LON-34.1,-0.3474893498751208,4200,deep
LAT38.0_LON-34.2,-0.347298532027609,4200,deep
LAT38.0_LON-34.4,-0.3489908210511712,4200,deep
LAT38.0_LON-34.5,-0.3508753710155915,4200,deep
LAT38.0_LON-34.6,-0.347714647211869,4200,deep
LAT38.0_LON-34.7,-0.3443133390356071,4200,deep
LAT38.0_LON-34.8,-0.34783671388154275,4200,deep
LAT38.0_LON-35.0,-0.3514551318634225,4200,deep
LAT38.0_LON-35.1,-0.3490294422992829,4200,deep
LAT38.0_LON-35.2,-0.34878578837575536,4200,deep
LAT38.0_LON-35.3,-0.34491934878787534,4200,deep
LAT38.0_LON-35.4,-0.34220540696682805,4200,deep
LAT38.0_LON-35.6,-0.34873743181184147,4200,deep
LAT38.0_LON-35.7,-0.3488677176379726,4200,deep
LAT38.0_LON-35.8,-0.35029197060322304,4200,deep
LAT38.0_LON-36.0,-0.34508787658005075,4200,deep
LAT38.0_LON-36.1,-0.3487204764476176,4200,deep
LAT38.0_LON-36.2,-0.3508490861952326,4200,deep
LAT38.0_LON-36.5,-0.3519770883023145,4200,deep
LAT38.0_LON-36.6,-0.34902750198278004,4200,deep
LAT38.0_LON-36.7,-0.3508204061346569,4200,deep
LAT38.0_LON-36.9,-0.3474711065888371,4200,deep
LAT38.0_LON-37.1,-0.34981793252789534,4200,deep
LAT38.0_LON-37.2,-0.34972524032652763,4200,deep
LAT38.0_LON-37.3,-0.34763289606563,4200,deep
LAT38.0_LON-37.4,-0.3498150765222995,4200,deep
LAT38.0_LON-37.5,-0.34842456251671494,4200,deep
LAT38.0_LON-37.6,-0.34794973443189736,4200,deep
LAT38.0_LON-37.7,-0.34909952893423757,4200,deep
LAT38.0_LON-37.8,-0.3493606101128399,4200,deep
LAT38.0_LON-38.0,-0.34905500616181695,4200,deep
LAT38.0_LON-38.1,-0.34822886091146393,4200,deep
LAT38.0_LON-38.2,-0.346304587838711,4200,deep
LAT38.0_LON-38.3,-0.34863223492306883,4200,deep
LAT38.0_LON-38.4,-0.34756328810316384,4200,deep
LAT38.0_LON-38.5,-0.34708602945894196,4200,deep
LAT38.0_LON-38.6,-0.34506705943401667,4200,deep
LAT38.0_LON-38.7,-0.3525983432943567,4200,deep
LAT38.0_LON-38.8,-0.3495625919021106,4200,deep
LAT38.0_LON-38.9,-0.3451643625454429,4200,deep
LAT38.0_LON-39.0,-0.3519770883023145,4200,deep
LAT38.0_LON-39.2,-0.34960508851670746,4200,deep
LAT38.0_LON-39.3,-0.35001846160254096,4200,deep
LAT38.0_LON-39.4,-0.3472422687451925,4200,deep
LAT38.0_LON-39.5,-0.347171669227589,4200,deep
LAT38.0_LON-39.6,-0.3455081051482598,4200,deep
LAT38.0_LON-39.7,-0.3479961671879756,4200,deep
LAT38.0_LON-39.8,-0.348282409533737,4200,deep
LAT38.0_LON-39.9,-0.3495814734427907,4200,deep
LAT38.1_LON-31.5,-0.35083542726364736,4200,deep
LAT38.1_LON-31.6,-0.3491210331829667,4200,deep
LAT38.1_LON-31.7,-0.3480751925270197,4200,deep
LAT38.1_LON-31.9,-0.347298532027609,4200,deep
LAT38.1_LON-32.4,-0.35113339948019173,4200,deep
LAT38.1_LON-32.6,-0.3492636143166692,4200,deep
LAT38.1_LON-32.7,-0.349580635128528,4200,deep
LAT38.1_LON-32.8,-0.34759805533704957,4200,deep
LAT38.1_LON-33.1,-0.3491425112875537,4200,deep
LAT38.1_LON-33.2,-0.3446770914812639,4200,deep
LAT38.1_LON-33.3,-0.34855657568611503,4200,deep
LAT38.1_LON-33.4,-0.34713191708584695,4200,deep
LAT38.1_LON-33.5,-0.3515318333912048,4200,deep
LAT38.1_LON-33.6,-0.3492636143166692,4200,deep
LAT38.1_LON-33.8,-0.35433996993866135,4200,deep
LAT38.1_LON-33.9,-0.3460602675268923,4200,deep
LAT38.1_LON-34.0,-0.34715221716562666,4200,deep
LAT38.1_LON-34.1,-0.34726207984143476,4200,deep
LAT38.1_LON-34.2,-0.34909952893423757,4200,deep
LAT38.1_LON-34.4,-0.3491944724666536,4200,deep
LAT38.1_LON-34.5,-0.3493454407991012,4200,deep
LAT38.1_LON-34.6,-0.35273500534051117,4200,deep
LAT38.1_LON-34.7,-0.3482195642657875,4200,deep
LAT38.1_LON-34.9,-0.350883976219331,4200,deep
LAT38.1_LON-35.0,-0.3468535367449351,4200,deep
LAT38.1_LON-35.1,-0.3474220135186317,4200,deep
LAT38.1_LON-35.4,-0.34882828043950775,4200,deep
LAT38.1_LON-35.5,-0.35087215223651896,4200,deep
LAT38.1_LON-35.7,-0.34943855882391883,4200,deep
LAT38.1_LON-35.8,-0.3495646361582936,4200,deep
LAT38.1_LON-35.9,-0.3506651946858517,4200,deep
LAT38.1_LON-36.0,-0.3495276934224312,4200,deep
LAT38.1_LON-36.1,-0.3511152858708952,4200,deep
LAT38.1_LON-36.2,-0.3507313018203583,4200,deep
LAT38.1_LON-36.3,-0.3471009839904225,4200,deep
LAT38.1_LON-36.7,-0.3501453942568757,4200,deep
LAT38.1_LON-36.8,-0.350681766279567,4200,deep
LAT38.1_LON-36.9,-0.3460230338451464,4200,deep
LAT38.1_LON-37.0,-0.34754485403842367,4200,deep
LAT38.1_LON-37.1,-0.34903909561266744,4200,deep
LAT38.1_LON-37.2,-0.3507069896097189,4200,deep
LAT38.1_LON-37.4,-0.35045580332794213,4200,deep
LAT38.1_LON-37.6,-0.35357746312624067,4200,deep
LAT38.1_LON-37.7,-0.35078413125224317,4200,deep
LAT38.1_LON-37.8,-0.34657932776621314,4200,deep
LAT38.1_LON-37.9,-0.3493321982869424,4200,deep
LAT38.1_LON-38.0,-0.35568700190451,4200,deep
LAT38.1_LON-38.3,-0.35102976811734915,4200,deep
LAT38.1_LON-38.4,-0.34909476329966704,4200,deep
LAT38.1_LON-38.5,-0.3472883705013921,4200,deep
LAT38.1_LON-38.6,-0.34927771131326496,4200,deep
LAT38.1_LON-38.7,-0.34632709528937927,4200,deep
LAT38.1_LON-38.8,-0.34703410712284927,4200,deep
LAT38.1_LON-38.9,-0.3477176229641987,4200,deep
LAT38.1_LON-39.1,-0.34869162009076976,4200,deep
LAT38.1_LON-39.2,-0.3481680360004992,4200,deep
LAT38.1_LON-39.5,-0.3469830178460683,4200,deep
LAT38.1_LON-39.6,-0.349180526511377,4200,deep
LAT38.1_LON-39.7,-0.3451901537542369,4200,deep
LAT38.1_LON-39.8,-0.3443837846135211,4200,deep
LAT38.1_LON-39.9,-0.34989013952476966,4200,deep
LAT38.1_LON-40.0,-0.3480260369189226,4200,deep
LAT38.2_LON-30.3,-0.34616089954359613,4200,deep
LAT38.2_LON-30.4,-0.34921974191905375,4200,deep
LAT38.2_LON-30.5,-0.3493505326496464,4200,deep
LAT38.2_LON-30.6,-0.34543819891097455,4200,deep
LAT38.2_LON-30.7,-0.3452457598271443,4200,deep
LAT38.2_LON-31.1,-0.35267342427730847,4200,deep
LAT38.2_LON-31.7,-0.348930353466658,4200,deep
LAT38.2_LON-31.8,-0.34927241759517785,4200,deep
LAT38.2_LON-31.9,-0.347298532027609,4200,deep
LAT38.2_LON-32.0,-0.34982507477061087,4200,deep
LAT38.2_LON-32.1,-0.3492636143166692,4200,deep
LAT38.2_LON-32.2,-0.3496389830223758,4200,deep
LAT38.2_LON-32.3,-0.35059145370684536,4200,deep
LAT38.2_LON-32.5,-0.34933892358422763,4200,deep
LAT38.2_LON-32.6,-0.34811104404713167,4200,deep
LAT38.2_LON-33.1,-0.3507890301034824,4200,deep
LAT38.2_LON-33.5,-0.35086553007107313,4200,deep
LAT38.2_LON-33.7,-0.35234611479075784,4200,deep
LAT38.2_LON-33.8,-0.34522356411425986,4200,deep
LAT38.2_LON-34.0,-0.34687106726592426,4200,deep
LAT38.2_LON-34.1,-0.34927241759517785,4200,deep
LAT38.2_LON-34.3,-0.34902750198278004,4200,deep
LAT38.2_LON-34.5,-0.3478230948202816,4200,deep
LAT38.2_LON-34.6,-0.3480847379838416,4200,deep
LAT38.2_LON-34.7,-0.35083542726364736,4200,deep
LAT38.2_LON-34.8,-0.3487628936979852,4200,deep
LAT38.2_LON-34.9,-0.34530320269112863,4200,deep
LAT38.2_LON-35.1,-0.3492636143166692,4200,deep
LAT38.2_LON-35.2,-0.349419496974993,4200,deep
LAT38.2_LON-35.5,-0.3448583225129765,4200,deep
LAT38.2_LON-35.8,-0.350923739913278,4200,deep
LAT38.2_LON-36.0,-0.35617315862279103,4200,deep
LAT38.2_LON-36.1,-0.3461746082273329,4200,deep
LAT38.2_LON-36.2,-0.3469028504949975,4200,deep
LAT38.2_LON-36.3,-0.34724544646801114,4200,deep
LAT38.2_LON-36.4,-0.34911138910754336,4200,deep
LAT38.2_LON-36.5,-0.34921299392377697,4200,deep
LAT38.2_LON-36.6,-0.3516245009175074,4200,deep
LAT38.2_LON-36.7,-0.3493328006006043,4200,deep
LAT38.2_LON-36.8,-0.3492972225464728,4200,deep
LAT38.2_LON-37.0,-0.3495335351470783,4200,deep
LAT38.2_LON-37.1,-0.3465526941411678,4200,deep
LAT38.2_LON-37.2,-0.3473279980919103,4200,deep
LAT38.2_LON-37.3,-0.34757686374589747,4200,deep
LAT38.2_LON-37.4,-0.34792009361725135,4200,deep
LAT38.2_LON-37.5,-0.34860301391237136,4200,deep
LAT38.2_LON-37.6,-0.34829566458997285,4200,deep
LAT38.2_LON-37.7,-0.3502568820949161,4200,deep
LAT38.2_LON-37.8,-0.3493321982869424,4200,deep
LAT38.2_LON-38.0,-0.3499734807897685,4200,deep
LAT38.2_LON-38.1,-0.35009059195242587,4200,deep
LAT38.2_LON-38.3,-0.34982507477061087,4200,deep
LAT38.2_LON-38.4,-0.34928436345770936,4200,deep
LAT38.2_LON-38.5,-0.3490026612481083,4200,deep
LAT38.2_LON-38.6,-0.34511800088679595,4200,deep
LAT38.2_LON-38.7,-0.3508237932067746,4200,deep
LAT38.2_LON-38.8,-0.3482377649465443,4200,deep
LAT38.2_LON-38.9,-0.34748170630993513,4200,deep
LAT38.2_LON-39.0,-0.34629845310824153,4200,deep
LAT38.2_LON-39.1,-0.34555760422839604,4200,deep
LAT38.2_LON-39.2,-0.34981820581049416,4200,deep
LAT38.2_LON-39.3,-0.3491130530295985,4200,deep
LAT38.2_LON-39.4,-0.3513884879439005,4200,deep
LAT38.2_LON-39.6,-0.34845884019428797,4200,deep
LAT38.2_LON-39.7,-0.347662243395314,4200,deep
LAT38.2_LON-39.8,-0.3485263847252285,4200,deep
LAT38.2_LON-40.0,-0.3478861949107185,4200,deep
LAT38.3_LON-30.1,-0.34336073679682505,4200,deep
LAT38.3_LON-30.4,-0.34591802768400315,4200,deep
LAT38.3_LON-30.6,-0.348761941758257,4200,deep
LAT38.3_LON-30.7,-0.3479191934426173,4200,deep
LAT38.3_LON-31.3,-0.3491425112875537,4200,deep
LAT38.3_LON-31.8,-0.3527623470653276,4200,deep
LAT38.3_LON-31.9,-0.35267342427730847,4200,deep
LAT38.3_LON-32.6,-0.3513884879439005,4200,deep
LAT38.3_LON-32.7,-0.3480596165870999,4200,deep
LAT38.3_LON-32.8,-0.349529021621107,4200,deep
LAT38.3_LON-33.1,-0.3475232549984187,4200,deep
LAT38.3_LON-33.4,-0.34905264188217716,4200,deep
LAT38.3_LON-33.5,-0.34638663252829005,4200,deep
LAT38.3_LON-33.6,-0.34902406494470606,4200,deep
LAT38.3_LON-33.7,-0.34910042523017426,4200,deep
LAT38.3_LON-34.3,-0.35067430257455623,4200,deep
LAT38.3_LON-34.4,-0.3487729451091724,4200,deep
LAT38.3_LON-34.5,-0.34878578837575536,4200,deep
LAT38.3_LON-34.6,-0.3526043165860733,4200,deep
LAT38.3_LON-34.7,-0.34878578837575536,4200,deep
LAT38.3_LON-34.8,-0.35357746312624067,4200,deep
LAT38.3_LON-35.3,-0.34909952893423757,4200,deep
LAT38.3_LON-35.4,-0.3491425112875537,4200,deep
LAT38.3_LON-35.6,-0.3478891064006186,4200,deep
LAT38.3_LON-35.7,-0.34867051895898177,4200,deep
LAT38.3_LON-35.8,-0.34710851209316407,4200,deep
LAT38.3_LON-36.0,-0.34937683462292024,4200,deep
LAT38.3_LON-36.1,-0.34953698231951397,4200,deep
LAT38.3_LON-36.2,-0.34627464800770874,4200,deep
LAT38.3_LON-36.3,-0.3468062917164396,4200,deep
LAT38.3_LON-36.4,-0.3423215969636681,4200,deep
LAT38.3_LON-36.5,-0.34891748006781637,4200,deep
LAT38.3_LON-36.6,-0.34843691956329303,4200,deep
LAT38.3_LON-36.7,-0.35136325473108665,4200,deep
LAT38.3_LON-36.8,-0.3504588222017986,4200,deep
LAT38.3_LON-36.9,-0.3468998835975474,4200,deep
LAT38.3_LON-37.0,-0.3460682753096681,4200,deep
LAT38.3_LON-37.1,-0.34928436345770936,4200,deep
LAT38.3_LON-37.2,-0.3525901387401946,4200,deep
LAT38.3_LON-37.3,-0.3486951459191469,4200,deep
LAT38.3_LON-37.5,-0.35510092908229407,4200,deep
LAT38.3_LON-37.6,-0.3473749592368516,4200,deep
LAT38.3_LON-37.7,-0.3492972225464728,4200,deep
LAT38.3_LON-37.8,-0.3492463087349424,4200,deep
LAT38.3_LON-37.9,-0.34820579252860373,4200,deep
LAT38.3_LON-38.0,-0.3519770883023145,4200,deep
LAT38.3_LON-38.1,-0.35095754882496916,4200,deep
LAT38.3_LON-38.2,-0.34971993801719803,4200,deep
LAT38.3_LON-38.3,-0.3488009767238833,4200,deep
LAT38.3_LON-38.5,-0.34564944678399734,4200,deep
LAT38.3_LON-38.6,-0.34929279715233663,4200,deep
LAT38.3_LON-38.9,-0.35091492845249844,4200,deep
LAT38.3_LON-39.0,-0.34895122765731124,4200,deep
LAT38.3_LON-39.1,-0.35106368245773184,4200,deep
LAT38.3_LON-39.2,-0.34896674928642096,4200,deep
LAT38.3_LON-39.3,-0.34793696726346257,4200,deep
LAT38.3_LON-39.4,-0.35082723684950423,4200,deep
LAT38.3_LON-39.6,-0.3440318518668206,4200,deep
LAT38.3_LON-39.7,-0.3488984857493692,4200,deep
LAT38.3_LON-39.8,-0.3507579371334726,4200,deep
LAT38.4_LON-30.5,-0.3471391413844104,4200,deep
LAT38.4_LON-30.7,-0.3490511462481828,4200,deep
LAT38.4_LON-31.0,-0.3472883705013921,4200,deep
LAT38.4_LON-31.5,-0.3464771751451633,4200,deep
LAT38.4_LON-32.1,-0.3465526941411678,4200,deep
LAT38.4_LON-32.2,-0.3492456681044172,4200,deep
LAT38.4_LON-32.3,-0.34892182450260284,4200,deep
LAT38.4_LON-32.8,-0.35080631391541234,4200,deep
LAT38.4_LON-33.3,-0.347617001031046,4200,deep
LAT38.4_LON-33.6,-0.34815154107108287,4200,deep
LAT38.4_LON-34.0,-0.3493122952218314,4200,deep
LAT38.4_LON-34.1,-0.3437719171018455,4200,deep
LAT38.4_LON-34.6,-0.3493620638384219,4200,deep
LAT38.4_LON-34.9,-0.3475924712955283,4200,deep
LAT38.4_LON-35.1,-0.34923503758597485,4200,deep
LAT38.4_LON-35.2,-0.3487023590843387,4200,deep
LAT38.4_LON-35.5,-0.3465526941411678,4200,deep
LAT38.4_LON-35.6,-0.3479587470184091,4200,deep
LAT38.4_LON-35.8,-0.34950915143235944,4200,deep
LAT38.4_LON-35.9,-0.34250578665859277,4200,deep
LAT38.4_LON-36.0,-0.34956320089489407,4200,deep
LAT38.4_LON-36.1,-0.34878944321098776,4200,deep
LAT38.4_LON-36.2,-0.34683373122071076,4200,deep
LAT38.4_LON-36.3,-0.34927127863322927,4200,deep
LAT38.4_LON-36.4,-0.3480609843050568,4200,deep
LAT38.4_LON-36.5,-0.34906134073702183,4200,deep
LAT38.4_LON-36.7,-0.347298532027609,4200,deep
LAT38.4_LON-37.0,-0.34982507477061087,4200,deep
LAT38.4_LON-37.1,-0.3484609586100015,4200,deep
LAT38.4_LON-37.2,-0.3505193959310416,4200,deep
LAT38.4_LON-37.3,-0.3536033779980055,4200,deep
LAT38.4_LON-37.4,-0.3511510684016548,4200,deep
LAT38.4_LON-37.5,-0.35617315862279103,4200,deep
LAT38.4_LON-37.6,-0.3493217106292913,4200,deep
LAT38.4_LON-37.7,-0.35083542726364736,4200,deep
LAT38.4_LON-37.8,-0.34781982945237083,4200,deep
LAT38.4_LON-37.9,-0.35180200937236594,4200,deep
LAT38.4_LON-38.1,-0.35124924952395964,4200,deep
LAT38.4_LON-38.2,-0.3491425112875537,4200,deep
LAT38.4_LON-38.3,-0.3492051181764589,4200,deep
LAT38.4_LON-38.4,-0.349529021621107,4200,deep
LAT38.4_LON-38.5,-0.35002421230479003,4200,deep
LAT38.4_LON-38.6,-0.3451966475904419,4200,deep
LAT38.4_LON-38.7,-0.3487534915694557,4200,deep
LAT38.4_LON-39.3,-0.3476949814434132,4200,deep
LAT38.4_LON-39.4,-0.3473139433340937,4200,deep
LAT38.4_LON-39.5,-0.35350780394792886,4200,deep
LAT38.4_LON-39.6,-0.34845884019428797,4200,deep
LAT38.4_LON-39.7,-0.34714676767175784,4200,deep
LAT38.4_LON-39.8,-0.3476198830463974,4200,deep
LAT38.5_LON-31.0,-0.34920884499156835,4200,deep
LAT38.5_LON-31.1,-0.3506909782267207,4200,deep
LAT38.5_LON-31.5,-0.34651454466924625,4200,deep
LAT38.5_LON-31.6,-0.3462707436777061,4200,deep
LAT38.5_LON-31.7,-0.34524125455130555,4200,deep
LAT38.5_LON-32.1,-0.3465526941411678,4200,deep
LAT38.5_LON-32.4,-0.3490338955180631,4200,deep
LAT38.5_LON-32.5,-0.3484853522844643,4200,deep
LAT38.5_LON-32.6,-0.34999851462446474,4200,deep
LAT38.5_LON-32.7,-0.3516245009175074,4200,deep
LAT38.5_LON-32.8,-0.34961196984707194,4200,deep
LAT38.5_LON-33.2,-0.3515318333912048,4200,deep
LAT38.5_LON-33.6,-0.34877789660684255,4200,deep
LAT38.5_LON-33.7,-0.3486044761481254,4200,deep
LAT38.5_LON-33.8,-0.34933892358422763,4200,deep
LAT38.5_LON-33.9,-0.3490086715399886,4200,deep
LAT38.5_LON-34.0,-0.3481430726560246,4200,deep
LAT38.5_LON-34.2,-0.34624292826648145,4200,deep
LAT38.5_LON-34.4,-0.34881641810154845,4200,deep
LAT38.5_LON-34.5,-0.35423979173709236,4200,deep
LAT38.5_LON-34.7,-0.34828912353430774,4200,deep
LAT38.5_LON-34.9,-0.3465526941411678,4200,deep
LAT38.5_LON-35.0,-0.3494532671286238,4200,deep
LAT38.5_LON-35.1,-0.3511201310270542,4200,deep
LAT38.5_LON-35.2,-0.34915418696290296,4200,deep
LAT38.5_LON-35.4,-0.34948731634291397,4200,deep
LAT38.5_LON-35.5,-0.3477960400460975,4200,deep
LAT38.5_LON-35.6,-0.35102769990789195,4200,deep
LAT38.5_LON-35.7,-0.3482657426485548,4200,deep
LAT38.5_LON-35.8,-0.3509906969870966,4200,deep
LAT38.5_LON-35.9,-0.34911995373341836,4200,deep
LAT38.5_LON-36.0,-0.34524125455130555,4200,deep
LAT38.5_LON-36.1,-0.34756466137676245,4200,deep
LAT38.5_LON-36.2,-0.347575878287895,4200,deep
LAT38.5_LON-36.3,-0.3507209137708631,4200,deep
LAT38.5_LON-36.4,-0.3512869415412312,4200,deep
LAT38.5_LON-36.5,-0.34784379094637724,4200,deep
LAT38.5_LON-36.6,-0.3492636143166692,4200,deep
LAT38.5_LON-36.7,-0.3509014664373742,4200,deep
LAT38.5_LON-36.8,-0.3507799240281533,4200,deep
LAT38.5_LON-36.9,-0.350954756341728,4200,deep
LAT38.5_LON-37.1,-0.3520497581664989,4200,deep
LAT38.5_LON-37.3,-0.34647475100162717,4200,deep
LAT38.5_LON-37.4,-0.3479491322095565,4200,deep
LAT38.5_LON-37.5,-0.34764888244246717,4200,deep
LAT38.5_LON-37.6,-0.3491144760844603,4200,deep
LAT38.5_LON-37.7,-0.34889580400452624,4200,deep
LAT38.5_LON-37.8,-0.3492533068337075,4200,deep
LAT38.5_LON-38.0,-0.34860301391237136,4200,deep
LAT38.5_LON-38.3,-0.34826473376620404,4200,deep
LAT38.5_LON-38.5,-0.34970782326262406,4200,deep
LAT38.5_LON-38.6,-0.34715473393424323,4200,deep
LAT38.5_LON-38.7,-0.34582140468321465,4200,deep
LAT38.5_LON-38.9,-0.3465201406493216,4200,deep
LAT38.5_LON-39.0,-0.3455070280577979,4200,deep
LAT38.5_LON-39.2,-0.3465526941411678,4200,deep
LAT38.5_LON-39.3,-0.3496495778112081,4200,deep
LAT38.5_LON-39.4,-0.34877972457847506,4200,deep
LAT38.5_LON-39.5,-0.3500111309605588,4200,deep
LAT38.5_LON-39.7,-0.34713626654090846,4200,deep
LAT38.5_LON-39.8,-0.3496191149687541,4200,deep
LAT38.5_LON-39.9,-0.34789905821356876,4200,deep
LAT38.5_LON-40.0,-0.34890747386391546,4200,deep
LAT38.6_LON-30.3,-0.34881721517129727,4200,deep
LAT38.6_LON-30.4,-0.347298532027609,4200,deep
LAT38.6_LON-32.0,-0.34530320269112863,4200,deep
LAT38.6_LON-32.4,-0.3480741503607733,4200,deep
LAT38.6_LON-32.8,-0.3503453166218421,4200,deep
LAT38.6_LON-32.9,-0.3523459691750393,4200,deep
LAT38.6_LON-33.2,-0.3501453942568757,4200,deep
LAT38.6_LON-33.4,-0.3483826815028666,4200,deep
LAT38.6_LON-33.8,-0.34972362257019235,4200,deep
LAT38.6_LON-33.9,-0.34915488779897996,4200,deep
LAT38.6_LON-34.0,-0.34843691956329303,4200,deep
LAT38.6_LON-34.1,-0.3488491040783531,4200,deep
LAT38.6_LON-34.3,-0.3492189880311653,4200,deep
LAT38.6_LON-34.4,-0.3433417794165458,4200,deep
LAT38.6_LON-34.6,-0.35105328997698115,4200,deep
LAT38.6_LON-34.8,-0.349114296922063,4200,deep
LAT38.6_LON-35.0,-0.3510067760523537,4200,deep
LAT38.6_LON-35.1,-0.34932944592447474,4200,deep
LAT38.6_LON-35.3,-0.34841089993026514,4200,deep
LAT38.6_LON-35.4,-0.3442854669253479,4200,deep
LAT38.6_LON-35.5,-0.34707711005685654,4200,deep
LAT38.6_LON-35.6,-0.34807510132285463,4200,deep
LAT38.6_LON-35.7,-0.3526043165860733,4200,deep
LAT38.6_LON-35.9,-0.35357746312624067,4200,deep
LAT38.6_LON-36.0,-0.35079340332921954,4200,deep
LAT38.6_LON-36.2,-0.34874623084885575,4200,deep
LAT38.6_LON-36.4,-0.3502239830238389,4200,deep
LAT38.6_LON-36.5,-0.3526043165860733,4200,deep
LAT38.6_LON-36.6,-0.34899914824387507,4200,deep
LAT38.6_LON-36.7,-0.3465526941411678,4200,deep
LAT38.6_LON-36.8,-0.35593958333000336,4200,deep
LAT38.6_LON-36.9,-0.35357746312624067,4200,deep
LAT38.6_LON-37.0,-0.34657245244820956,4200,deep
LAT38.6_LON-37.1,-0.3497790243832683,4200,deep
LAT38.6_LON-37.2,-0.34420322731405384,4200,deep
LAT38.6_LON-37.4,-0.347298532027609,4200,deep
LAT38.6_LON-37.5,-0.350308135188713,4200,deep
LAT38.6_LON-37.6,-0.35593958333000336,4200,deep
LAT38.6_LON-37.7,-0.347298532027609,4200,deep
LAT38.6_LON-37.8,-0.3513143046872117,4200,deep
LAT38.6_LON-37.9,-0.34700047900968994,4200,deep
LAT38.6_LON-38.0,-0.34763289606563,4200,deep
LAT38.6_LON-38.4,-0.3490511462481828,4200,deep
LAT38.6_LON-38.6,-0.34678965646431414,4200,deep
LAT38.6_LON-38.7,-0.3472635647304532,4200,deep
LAT38.6_LON-38.8,-0.3468070364628344,4200,deep
LAT38.6_LON-38.9,-0.34634035744393393,4200,deep
LAT38.6_LON-39.0,-0.34132814604360523,4200,deep
LAT38.6_LON-39.1,-0.34506705943401667,4200,deep
LAT38.6_LON-39.2,-0.34840868669178815,4200,deep
LAT38.6_LON-39.3,-0.3474513854621059,4200,deep
LAT38.6_LON-39.4,-0.3466813292494588,4200,deep
LAT38.6_LON-39.5,-0.34870978117648627,4200,deep
LAT38.6_LON-39.6,-0.35083542726364736,4200,deep
LAT38.6_LON-39.7,-0.34862140576878714,4200,deep
LAT38.6_LON-39.8,-0.34667343352391716,4200,deep
LAT38.6_LON-39.9,-0.34874623084885575,4200,deep
LAT38.7_LON-30.0,-0.34872528949776255,4200,deep
LAT38.7_LON-30.1,-0.3507059574002259,4200,deep
LAT38.7_LON-31.3,-0.3491130530295985,4200,deep
LAT38.7_LON-31.4,-0.346403535905745,4200,deep
LAT38.7_LON-31.6,-0.3493328006006043,4200,deep
LAT38.7_LON-31.8,-0.349395129130217,4200,deep
LAT38.7_LON-32.3,-0.3511201310270542,4200,deep
LAT38.7_LON-32.5,-0.3525983432943567,4200,deep
LAT38.7_LON-32.6,-0.3519128059206192,4200,deep
LAT38.7_LON-32.9,-0.35357746312624067,4200,deep
LAT38.7_LON-33.0,-0.3473880581174104,4200,deep
LAT38.7_LON-33.2,-0.349114296922063,4200,deep
LAT38.7_LON-33.4,-0.3506666124371967,4200,deep
LAT38.7_LON-33.6,-0.34745844995295905,4200,deep
LAT38.7_LON-33.7,-0.3478115259016292,4200,deep
LAT38.7_LON-33.9,-0.34927771131326496,4200,deep
LAT38.7_LON-34.0,-0.34903884288857934,4200,deep
LAT38.7_LON-34.2,-0.34603031225395375,4200,deep
LAT38.7_LON-34.3,-0.34437969796411305,4200,deep
LAT38.7_LON-34.7,-0.34908213049535924,4200,deep
LAT38.7_LON-34.8,-0.3463402342628751,4200,deep
LAT38.7_LON-35.0,-0.34903797112069,4200,deep
LAT38.7_LON-35.1,-0.35056613223579824,4200,deep
LAT38.7_LON-35.2,-0.3519128059206192,4200,deep
LAT38.7_LON-35.3,-0.3468630737462035,4200,deep
LAT38.7_LON-35.4,-0.34878578837575536,4200,deep
LAT38.7_LON-35.6,-0.34928436345770936,4200,deep
LAT38.7_LON-35.7,-0.34936963868922016,4200,deep
LAT38.7_LON-35.8,-0.3492874669298689,4200,deep
LAT38.7_LON-35.9,-0.35015843195842367,4200,deep
LAT38.7_LON-36.0,-0.34403514980133265,4200,deep
LAT38.7_LON-36.1,-0.3516683600066928,4200,deep
LAT38.7_LON-36.4,-0.3493328006006043,4200,deep
LAT38.7_LON-36.5,-0.3483592559805294,4200,deep
LAT38.7_LON-36.6,-0.3484236115009255,4200,deep
LAT38.7_LON-36.7,-0.34928900183277817,4200,deep
LAT38.7_LON-36.9,-0.34884070944571133,4200,deep
LAT38.7_LON-37.0,-0.34688714064218856,4200,deep
LAT38.7_LON-37.2,-0.3511455616860729,4200,deep
LAT38.7_LON-37.3,-0.3473581647765811,4200,deep
LAT38.7_LON-37.4,-0.34398037706541523,4200,deep
LAT38.7_LON-37.5,-0.3493002960890009,4200,deep
LAT38.7_LON-37.6,-0.3491425112875537,4200,deep
LAT38.7_LON-37.7,-0.3503783463568169,4200,deep
LAT38.7_LON-37.8,-0.34955226706386533,4200,deep
LAT38.7_LON-37.9,-0.34398037706541523,4200,deep
LAT38.7_LON-38.0,-0.35186406165756245,4200,deep
LAT38.7_LON-38.1,-0.34919737680936125,4200,deep
LAT38.7_LON-38.3,-0.34979360118918384,4200,deep
LAT38.7_LON-38.6,-0.3495581036347172,4200,deep
LAT38.7_LON-38.7,-0.3510276103773205,4200,deep
LAT38.7_LON-38.8,-0.3468998835975474,4200,deep
LAT38.7_LON-38.9,-0.34835315973064107,4200,deep
LAT38.7_LON-39.2,-0.3490814973794913,4200,deep
LAT38.7_LON-39.3,-0.349287140267881,4200,deep
LAT38.7_LON-39.4,-0.34652388218021885,4200,deep
LAT38.7_LON-39.5,-0.34835315973064107,4200,deep
LAT38.7_LON-39.6,-0.3483000352995078,4200,deep
LAT38.7_LON-39.7,-0.34743688779311244,4200,deep
LAT38.7_LON-39.8,-0.34890863342081735,4200,deep
LAT38.7_LON-39.9,-0.3510387197732018,4200,deep
LAT38.8_LON-30.5,-0.3490121503074727,4200,deep
LAT38.8_LON-32.3,-0.3493321982869424,4200,deep
LAT38.8_LON-32.4,-0.3497644970102792,4200,deep
LAT38.8_LON-32.6,-0.35186406165756245,4200,deep
LAT38.8_LON-32.7,-0.3492627767343067,4200,deep
LAT38.8_LON-33.1,-0.34655258779990017,4200,deep
LAT38.8_LON-33.2,-0.34963392526447445,4200,deep
LAT38.8_LON-33.6,-0.34688714064218856,4200,deep
LAT38.8_LON-33.8,-0.34923503758597485,4200,deep
LAT38.8_LON-33.9,-0.3480432299019276,4200,deep
LAT38.8_LON-34.4,-0.34688204304624,4200,deep
LAT38.8_LON-34.6,-0.34591802768400315,4200,deep
LAT38.8_LON-34.7,-0.34688714064218856,4200,deep
LAT38.8_LON-34.8,-0.34535618796930007,4200,deep
LAT38.8_LON-35.0,-0.3468062917164396,4200,deep
LAT38.8_LON-35.1,-0.34554097498562064,4200,deep
LAT38.8_LON-35.2,-0.34524125455130555,4200,deep
LAT38.8_LON-35.3,-0.3492942440050899,4200,deep
LAT38.8_LON-35.6,-0.3472460036544524,4200,deep
LAT38.8_LON-35.7,-0.3509831107148226,4200,deep
LAT38.8_LON-35.8,-0.34749266378414534,4200,deep
LAT38.8_LON-35.9,-0.3491331906952173,4200,deep
LAT38.8_LON-36.0,-0.3481320236534562,4200,deep
LAT38.8_LON-36.1,-0.3493328006006043,4200,deep
LAT38.8_LON-36.2,-0.3464033185879344,4200,deep
LAT38.8_LON-36.3,-0.3502701780734769,4200,deep
LAT38.8_LON-36.5,-0.3472883705013921,4200,deep
LAT38.8_LON-36.6,-0.3477501140871281,4200,deep
LAT38.8_LON-36.7,-0.3513078079307794,4200,deep
LAT38.8_LON-36.8,-0.34867643011556926,4200,deep
LAT38.8_LON-36.9,-0.34403585567192196,4200,deep
LAT38.8_LON-37.1,-0.348274894443217,4200,deep
LAT38.8_LON-37.3,-0.35080052983491183,4200,deep
LAT38.8_LON-37.4,-0.34831364704280987,4200,deep
LAT38.8_LON-37.5,-0.34872320663525996,4200,deep
LAT38.8_LON-37.6,-0.34618508770568013,4200,deep
LAT38.8_LON-37.8,-0.3504885573435805,4200,deep
LAT38.8_LON-37.9,-0.34881721517129727,4200,deep
LAT38.8_LON-38.0,-0.3497852710896122,4200,deep
LAT38.8_LON-38.2,-0.3474140921403689,4200,deep
LAT38.8_LON-38.4,-0.34648134078363835,4200,deep
LAT38.8_LON-38.5,-0.3475678253385728,4200,deep
LAT38.8_LON-38.6,-0.3504451179005674,4200,deep
LAT38.8_LON-38.8,-0.3491105270739303,4200,deep
LAT38.8_LON-38.9,-0.34909952893423757,4200,deep
LAT38.8_LON-39.1,-0.3461126979880745,4200,deep
LAT38.8_LON-39.3,-0.3451303152785356,4200,deep
LAT38.8_LON-39.4,-0.34838139851681743,4200,deep
LAT38.8_LON-39.5,-0.3496419842507542,4200,deep
LAT38.8_LON-39.7,-0.35051817369416827,4200,deep
LAT38.8_LON-39.8,-0.34770849821636,4200,deep
LAT38.8_LON-39.9,-0.34844860477488493,4200,deep
LAT38.8_LON-40.0,-0.34777164141657924,4200,deep
LAT38.9_LON-30.4,-0.34878578837575536,4200,deep
LAT38.9_LON-30.5,-0.35423979173709236,4200,deep
LAT38.9_LON-32.4,-0.3522690474329677,4200,deep
LAT38.9_LON-32.9,-0.3492415201636901,4200,deep
LAT38.9_LON-33.0,-0.3499734066198188,4200,deep
LAT38.9_LON-33.1,-0.34878578837575536,4200,deep
LAT38.9_LON-33.2,-0.35295832277154154,4200,deep
LAT38.9_LON-33.4,-0.34838713832620594,4200,deep
LAT38.9_LON-33.5,-0.35061823538228964,4200,deep
LAT38.9_LON-33.6,-0.34938297732116336,4200,deep
LAT38.9_LON-33.7,-0.34493219770999295,4200,deep
LAT38.9_LON-33.9,-0.35001578203926015,4200,deep
LAT38.9_LON-34.0,-0.348231042158223,4200,deep
LAT38.9_LON-34.2,-0.35090708152646766,4200,deep
LAT38.9_LON-34.6,-0.3491331906952173,4200,deep
LAT38.9_LON-34.7,-0.3491425112875537,4200,deep
LAT38.9_LON-34.8,-0.3494131220837899,4200,deep
LAT38.9_LON-34.9,-0.3482202494431458,4200,deep
LAT38.9_LON-35.0,-0.34711630441808444,4200,deep
LAT38.9_LON-35.2,-0.34934466784137325,4200,deep
LAT38.9_LON-35.3,-0.34947833413056534,4200,deep
LAT38.9_LON-35.4,-0.3486788844918864,4200,deep
LAT38.9_LON-35.5,-0.34549920590553407,4200,deep
LAT38.9_LON-35.6,-0.3507607033342356,4200,deep
LAT38.9_LON-35.7,-0.3461580668521956,4200,deep
LAT38.9_LON-35.8,-0.3527397270823092,4200,deep
LAT38.9_LON-35.9,-0.3473455365419119,4200,deep
LAT38.9_LON-36.0,-0.348872046730329,4200,deep
LAT38.9_LON-36.1,-0.3480741503607733,4200,deep
LAT38.9_LON-36.2,-0.34549920590553407,4200,deep
LAT38.9_LON-36.4,-0.34509608748191034,4200,deep
LAT38.9_LON-36.5,-0.3475583018475191,4200,deep
LAT38.9_LON-36.7,-0.35030380440843745,4200,deep
LAT38.9_LON-36.9,-0.34860301391237136,4200,deep
LAT38.9_LON-37.0,-0.3470899195553627,4200,deep
LAT38.9_LON-37.1,-0.34736534062939073,4200,deep
LAT38.9_LON-37.2,-0.35008934044600243,4200,deep
LAT38.9_LON-37.3,-0.3488496340102472,4200,deep
LAT38.9_LON-37.4,-0.3474018261087573,4200,deep
LAT38.9_LON-37.5,-0.34715221716562666,4200,deep
LAT38.9_LON-37.6,-0.34592170684026063,4200,deep
LAT38.9_LON-37.7,-0.3451027019372377,4200,deep
LAT38.9_LON-37.8,-0.34775540939614874,4200,deep
LAT38.9_LON-37.9,-0.3457315330149064,4200,deep
LAT38.9_LON-38.0,-0.35243536280792276,4200,deep
LAT38.9_LON-38.1,-0.3498666100118567,4200,deep
LAT38.9_LON-38.2,-0.3452267057034398,4200,deep
LAT38.9_LON-38.3,-0.35037166029547656,4200,deep
LAT38.9_LON-38.4,-0.3473908788599485,4200,deep
LAT38.9_LON-38.6,-0.3480125778334331,4200,deep
LAT38.9_LON-38.7,-0.3490797217634687,4200,deep
LAT38.9_LON-38.9,-0.345534863870558,4200,deep
LAT38.9_LON-39.0,-0.34694834617523646,4200,deep
LAT38.9_LON-39.1,-0.348673049445516,4200,deep
LAT38.9_LON-39.4,-0.3487729451091724,4200,deep
LAT38.9_LON-39.5,-0.3448583225129765,4200,deep
LAT38.9_LON-39.7,-0.3455957071555341,4200,deep
LAT38.9_LON-39.8,-0.34984537025595985,4200,deep
LAT38.9_LON-39.9,-0.34560603525758365,4200,deep
LAT38.9_LON-40.0,-0.34845884019428797,4200,deep
LAT39.0_LON-30.2,-0.34582140468321465,4200,deep
LAT39.0_LON-30.3,-0.3526990969690426,4200,deep
LAT39.0_LON-32.6,-0.3500626256676146,4200,deep
LAT39.0_LON-32.8,-0.35309514820673826,4200,deep
LAT39.0_LON-32.9,-0.34933837428286346,4200,deep
LAT39.0_LON-33.0,-0.352436763519373,4200,deep
LAT39.0_LON-33.3,-0.3514556747655915,4200,deep
LAT39.0_LON-33.6,-0.34715221716562666,4200,deep
LAT39.0_LON-33.7,-0.34786903996515867,4200,deep
LAT39.0_LON-33.8,-0.34711820147337863,4200,deep
LAT39.0_LON-33.9,-0.34519850618377124,4200,deep
LAT39.0_LON-34.0,-0.35462003783373597,4200,deep
LAT39.0_LON-34.1,-0.3474513854621059,4200,deep
LAT39.0_LON-34.2,-0.34813598736104806,4200,deep
LAT39.0_LON-34.3,-0.34864698197666333,4200,deep
LAT39.0_LON-34.4,-0.3527730383227902,4200,deep
LAT39.0_LON-34.7,-0.347171669227589,4200,deep
LAT39.0_LON-34.8,-0.34806428289223185,4200,deep
LAT39.0_LON-34.9,-0.35350780394792886,4200,deep
LAT39.0_LON-35.1,-0.3490338955180631,4200,deep
LAT39.0_LON-35.5,-0.3558118889413999,4200,deep
LAT39.0_LON-35.6,-0.35309514820673826,4200,deep
LAT39.0_LON-35.7,-0.3461121534392302,4200,deep
LAT39.0_LON-35.8,-0.3523459691750393,4200,deep
LAT39.0_LON-35.9,-0.3477058394781676,4200,deep
LAT39.0_LON-36.1,-0.346961972864864,4200,deep
LAT39.0_LON-36.2,-0.34535592779249835,4200,deep
LAT39.0_LON-36.3,-0.34622225491911185,4200,deep
LAT39.0_LON-36.4,-0.34726464535087176,4200,deep
LAT39.0_LON-36.5,-0.348603183866804,4200,deep
LAT39.0_LON-36.6,-0.34734631566513885,4200,deep
LAT39.0_LON-36.7,-0.34863231369671543,4200,deep
LAT39.0_LON-36.8,-0.34715221716562666,4200,deep
LAT39.0_LON-36.9,-0.34961196984707194,4200,deep
LAT39.0_LON-37.1,-0.34759455950428303,4200,deep
LAT39.0_LON-37.2,-0.3488601880825976,4200,deep
LAT39.0_LON-37.3,-0.3476572845884802,4200,deep
LAT39.0_LON-37.4,-0.3489867366185198,4200,deep
LAT39.0_LON-37.5,-0.34212386655807375,4200,deep
LAT39.0_LON-37.6,-0.34845884019428797,4200,deep
LAT39.0_LON-37.8,-0.35181655376864684,4200,deep
LAT39.0_LON-37.9,-0.3457315330149064,4200,deep
LAT39.0_LON-38.1,-0.3486267397793179,4200,deep
LAT39.0_LON-38.2,-0.3468030105006797,4200,deep
LAT39.0_LON-38.3,-0.35080631391541234,4200,deep
LAT39.0_LON-38.4,-0.34864354305458134,4200,deep
LAT39.0_LON-38.5,-0.34824027867509066,4200,deep
LAT39.0_LON-38.7,-0.34613396764307025,4200,deep
LAT39.0_LON-38.8,-0.34806428289223185,4200,deep
LAT39.0_LON-38.9,-0.34752266906667384,4200,deep
LAT39.0_LON-39.0,-0.34685290668065666,4200,deep
LAT39.0_LON-39.1,-0.35315838120015425,4200,deep
LAT39.0_LON-39.2,-0.34933542680424745,4200,deep
LAT39.0_LON-39.3,-0.3493065220504638,4200,deep
LAT39.0_LON-39.4,-0.34874623084885575,4200,deep
LAT39.0_LON-39.5,-0.3515318333912048,4200,deep
LAT39.0_LON-39.6,-0.34685252801214467,4200,deep
LAT39.0_LON-39.7,-0.3507647426426153,4200,deep
LAT39.0_LON-39.9,-0.34718801041317204,4200,deep
LAT39.0_LON-40.0,-0.34549920590553407,4200,deep
LAT39.1_LON-30.2,-0.34935069869891694,4200,deep
LAT39.1_LON-32.3,-0.3491425112875537,4200,deep
LAT39.1_LON-32.8,-0.35210042923229995,4200,deep
LAT39.1_LON-32.9,-0.34909952893423757,4200,deep
LAT39.1_LON-33.0,-0.3489798632294255,4200,deep
LAT39.1_LON-33.1,-0.3507890301034824,4200,deep
LAT39.1_LON-33.3,-0.35080096026780244,4200,deep
LAT39.1_LON-33.4,-0.3499603949999363,4200,deep
LAT39.1_LON-33.6,-0.3482109964891323,4200,deep
LAT39.1_LON-33.7,-0.3500119442448627,4200,deep
LAT39.1_LON-33.8,-0.351075355213326,4200,deep
LAT39.1_LON-33.9,-0.34919431844558363,4200,deep
LAT39.1_LON-34.0,-0.3481899252455608,4200,deep
LAT39.1_LON-34.1,-0.3489138169760016,4200,deep
LAT39.1_LON-34.2,-0.3468591031008249,4200,deep
LAT39.1_LON-34.3,-0.3485788529931939,4200,deep
LAT39.1_LON-34.4,-0.3417992822118166,4200,deep
LAT39.1_LON-34.5,-0.3481650985310202,4200,deep
LAT39.1_LON-34.7,-0.3493328006006043,4200,deep
LAT39.1_LON-34.8,-0.3491130530295985,4200,deep
LAT39.1_LON-35.0,-0.3503666265584819,4200,deep
LAT39.1_LON-35.1,-0.3479085792235471,4200,deep
LAT39.1_LON-35.2,-0.3416265537584565,4200,deep
LAT39.1_LON-35.3,-0.34972320143334357,4200,deep
LAT39.1_LON-35.4,-0.34897923122727437,4200,deep
LAT39.1_LON-35.5,-0.3484748447397796,4200,deep
LAT39.1_LON-35.7,-0.347298532027609,4200,deep
LAT39.1_LON-36.0,-0.34877918456426277,4200,deep
LAT39.1_LON-36.1,-0.3491425112875537,4200,deep
LAT39.1_LON-36.2,-0.34822113044953823,4200,deep
LAT39.1_LON-36.3,-0.3472883705013921,4200,deep
LAT39.1_LON-36.4,-0.34742722839571183,4200,deep
LAT39.1_LON-36.5,-0.3479307410935319,4200,deep
LAT39.1_LON-36.6,-0.3525901387401946,4200,deep
LAT39.1_LON-36.9,-0.34937683462292024,4200,deep
LAT39.1_LON-37.0,-0.34895837140751684,4200,deep
LAT39.1_LON-37.1,-0.34898988947106635,4200,deep
LAT39.1_LON-37.2,-0.3480044700845676,4200,deep
LAT39.1_LON-37.3,-0.34786859257971536,4200,deep
LAT39.1_LON-37.4,-0.3472460036544524,4200,deep
LAT39.1_LON-37.5,-0.3513815944072864,4200,deep
LAT39.1_LON-37.6,-0.34724496170762387,4200,deep
LAT39.1_LON-37.8,-0.34530320269112863,4200,deep
LAT39.1_LON-38.1,-0.34543446487129775,4200,deep
LAT39.1_LON-38.2,-0.3475020674116822,4200,deep
LAT39.1_LON-38.3,-0.3491511657963675,4200,deep
LAT39.1_LON-38.4,-0.3486147294731963,4200,deep
LAT39.1_LON-38.6,-0.3470822617268473,4200,deep
LAT39.1_LON-38.7,-0.34656021445141993,4200,deep
LAT39.1_LON-38.8,-0.34493877030445586,4200,deep
LAT39.1_LON-38.9,-0.349529021621107,4200,deep
LAT39.1_LON-39.1,-0.34768735758005825,4200,deep
LAT39.1_LON-39.2,-0.3560399819341703,4200,deep
LAT39.1_LON-39.3,-0.3490934866011667,4200,deep
LAT39.1_LON-39.5,-0.3469758399874415,4200,deep
LAT39.1_LON-39.6,-0.3493805562314478,4200,deep
LAT39.1_LON-39.7,-0.3491144760844603,4200,deep
LAT39.1_LON-39.8,-0.34520247580872937,4200,deep
LAT39.1_LON-39.9,-0.34950915143235944,4200,deep
LAT39.2_LON-30.1,-0.35083542726364736,4200,deep
LAT39.2_LON-30.6,-0.3454778199889376,4200,deep
LAT39.2_LON-32.2,-0.34963645414342515,4200,deep
LAT39.2_LON-33.0,-0.3515318333912048,4200,deep
LAT39.2_LON-33.1,-0.35001578203926015,4200,deep
LAT39.2_LON-33.3,-0.349580635128528,4200,deep
LAT39.2_LON-33.5,-0.3525901387401946,4200,deep
LAT39.2_LON-33.6,-0.34982507477061087,4200,deep
LAT39.2_LON-33.7,-0.35210042923229995,4200,deep
LAT39.2_LON-33.8,-0.34813566697024434,4200,deep
LAT39.2_LON-33.9,-0.3509557932983257,4200,deep
LAT39.2_LON-34.2,-0.3492415201636901,4200,deep
LAT39.2_LON-34.4,-0.3478139588630983,4200,deep
LAT39.2_LON-34.6,-0.34921974191905375,4200,deep
LAT39.2_LON-34.7,-0.3499041052394957,4200,deep
LAT39.2_LON-34.8,-0.3488324248197354,4200,deep
LAT39.2_LON-34.9,-0.34483446388835964,4200,deep
LAT39.2_LON-35.0,-0.34900757156255324,4200,deep
LAT39.2_LON-35.1,-0.34797562556065265,4200,deep
LAT39.2_LON-35.2,-0.34902750198278004,4200,deep
LAT39.2_LON-35.6,-0.34798740377712206,4200,deep
LAT39.2_LON-35.7,-0.3483872032443564,4200,deep
LAT39.2_LON-35.8,-0.34873743181184147,4200,deep
LAT39.2_LON-35.9,-0.34716189762297983,4200,deep
LAT39.2_LON-36.0,-0.34598271313148793,4200,deep
LAT39.2_LON-36.1,-0.3482748856452165,4200,deep
LAT39.2_LON-36.2,-0.34736999085836423,4200,deep
LAT39.2_LON-36.3,-0.3501051509569727,4200,deep
LAT39.2_LON-36.4,-0.349985424187459,4200,deep
LAT39.2_LON-36.5,-0.34842625846173286,4200,deep
LAT39.2_LON-36.6,-0.3511140592950748,4200,deep
LAT39.2_LON-36.8,-0.35048610425961835,4200,deep
LAT39.2_LON-37.0,-0.3481812579572996,4200,deep
LAT39.2_LON-37.1,-0.350923739913278,4200,deep
LAT39.2_LON-37.2,-0.34982485365186733,4200,deep
LAT39.2_LON-37.3,-0.3492147099814228,4200,deep
LAT39.2_LON-37.4,-0.3473886016191522,4200,deep
LAT39.2_LON-37.5,-0.34927771131326496,4200,deep
LAT39.2_LON-37.6,-0.3488473723918048,4200,deep
LAT39.2_LON-37.7,-0.349818254221527,4200,deep
LAT39.2_LON-37.8,-0.3494926899686712,4200,deep
LAT39.2_LON-37.9,-0.34792250490534526,4200,deep
LAT39.2_LON-38.0,-0.34803707943857376,4200,deep
LAT39.2_LON-38.1,-0.34693659699897794,4200,deep
LAT39.2_LON-38.2,-0.3494221196795238,4200,deep
LAT39.2_LON-38.3,-0.349615694775701,4200,deep
LAT39.2_LON-38.4,-0.3451430752273722,4200,deep
LAT39.2_LON-38.5,-0.3465526941411678,4200,deep
LAT39.2_LON-38.6,-0.34652388218021885,4200,deep
LAT39.2_LON-38.7,-0.34699624044166166,4200,deep
LAT39.2_LON-38.8,-0.3519128059206192,4200,deep
LAT39.2_LON-38.9,-0.3470927951033989,4200,deep
LAT39.2_LON-39.3,-0.34845884019428797,4200,deep
LAT39.2_LON-39.4,-0.3513884879439005,4200,deep
LAT39.2_LON-39.6,-0.35568700190451,4200,deep
LAT39.2_LON-39.7,-0.34899981471968466,4200,deep
LAT39.2_LON-39.8,-0.34745609295068103,4200,deep
LAT39.2_LON-39.9,-0.3482906355548396,4200,deep
LAT39.2_LON-40.0,-0.34961944042902116,4200,deep
LAT39.3_LON-31.1,-0.34937683462292024,4200,deep
LAT39.3_LON-32.4,-0.34823720587433427,4200,deep
LAT39.3_LON-32.6,-0.34745431197515964,4200,deep
LAT39.3_LON-32.8,-0.35572777417655277,4200,deep
LAT39.3_LON-33.0,-0.35094450992823867,4200,deep
LAT39.3_LON-33.1,-0.34895837140751684,4200,deep
LAT39.3_LON-33.2,-0.3519770883023145,4200,deep
LAT39.3_LON-33.3,-0.35234334022799607,4200,deep
LAT39.3_LON-33.5,-0.3457315330149064,4200,deep
LAT39.3_LON-33.7,-0.34940022602942955,4200,deep
LAT39.3_LON-33.8,-0.3493328006006043,4200,deep
LAT39.3_LON-33.9,-0.3501141339170494,4200,deep
LAT39.3_LON-34.0,-0.3497311863294491,4200,deep
LAT39.3_LON-34.1,-0.34947833413056534,4200,deep
LAT39.3_LON-34.2,-0.3481320236534562,4200,deep
LAT39.3_LON-34.3,-0.3480831248327908,4200,deep
LAT39.3_LON-34.4,-0.34932944592447474,4200,deep
LAT39.3_LON-34.5,-0.34931352230284707,4200,deep
LAT39.3_LON-34.7,-0.34940096424504186,4200,deep
LAT39.3_LON-34.8,-0.34787696124758455,4200,deep
LAT39.3_LON-35.0,-0.3486163091460018,4200,deep
LAT39.3_LON-35.2,-0.35188380671557307,4200,deep
LAT39.3_LON-35.3,-0.34698285837826454,4200,deep
LAT39.3_LON-35.4,-0.34722632971584916,4200,deep
LAT39.3_LON-35.5,-0.34840141217669446,4200,deep
LAT39.3_LON-35.6,-0.34835315973064107,4200,deep
LAT39.3_LON-35.7,-0.34951405566347415,4200,deep
LAT39.3_LON-35.8,-0.34566684091447086,4200,deep
LAT39.3_LON-35.9,-0.34633680860437094,4200,deep
LAT39.3_LON-36.0,-0.34857876122626164,4200,deep
LAT39.3_LON-36.1,-0.3535700080045792,4200,deep
LAT39.3_LON-36.2,-0.3461734705522782,4200,deep
LAT39.3_LON-36.3,-0.34507253256081094,4200,deep
LAT39.3_LON-36.4,-0.3474225267677974,4200,deep
LAT39.3_LON-36.6,-0.34842162604510996,4200,deep
LAT39.3_LON-36.7,-0.3472883705013921,4200,deep
LAT39.3_LON-36.8,-0.34898902204697163,4200,deep
LAT39.3_LON-36.9,-0.3502878588825273,4200,deep
LAT39.3_LON-37.0,-0.3458972568081402,4200,deep
LAT39.3_LON-37.1,-0.34939595487863606,4200,deep
LAT39.3_LON-37.4,-0.3506870795920691,4200,deep
LAT39.3_LON-37.5,-0.3464318053656439,4200,deep
LAT39.3_LON-37.6,-0.34911041852943847,4200,deep
LAT39.3_LON-37.7,-0.3533926126801018,4200,deep
LAT39.3_LON-37.8,-0.346433999458989,4200,deep
LAT39.3_LON-37.9,-0.35134588002415185,4200,deep
LAT39.3_LON-38.0,-0.35080631391541234,4200,deep
LAT39.3_LON-38.1,-0.34737154036024775,4200,deep
LAT39.3_LON-38.2,-0.34963421694013075,4200,deep
LAT39.3_LON-38.3,-0.34963463501210923,4200,deep
LAT39.3_LON-38.4,-0.34927771131326496,4200,deep
LAT39.3_LON-38.5,-0.3481699310365338,4200,deep
LAT39.3_LON-38.6,-0.34895837140751684,4200,deep
LAT39.3_LON-38.8,-0.34872848364713427,4200,deep
LAT39.3_LON-38.9,-0.34882181397004486,4200,deep
LAT39.3_LON-39.0,-0.348666821353258,4200,deep
LAT39.3_LON-39.1,-0.34707210931760213,4200,deep
LAT39.3_LON-39.3,-0.3491144760844603,4200,deep
LAT39.3_LON-39.4,-0.3476448269577788,4200,deep
LAT39.3_LON-39.7,-0.3490815193712684,4200,deep
LAT39.3_LON-39.9,-0.3480751925270197,4200,deep
LAT39.4_LON-31.1,-0.3470771982080638,4200,deep
LAT39.4_LON-31.3,-0.34509608748191034,4200,deep
LAT39.4_LON-31.8,-0.3477844603428097,4200,deep
LAT39.4_LON-31.9,-0.35001399074104844,4200,deep
LAT39.4_LON-32.0,-0.354111458394645,4200,deep
LAT39.4_LON-32.6,-0.3560399819341703,4200,deep
LAT39.4_LON-32.7,-0.35423979173709236,4200,deep
LAT39.4_LON-32.8,-0.3508386514654492,4200,deep
LAT39.4_LON-32.9,-0.35595043254351144,4200,deep
LAT39.4_LON-33.0,-0.3486021767487516,4200,deep
LAT39.4_LON-33.1,-0.34957724558985226,4200,deep
LAT39.4_LON-33.2,-0.348939637488461,4200,deep
LAT39.4_LON-33.5,-0.3491425112875537,4200,deep
LAT39.4_LON-33.6,-0.3493321982869424,4200,deep
LAT39.4_LON-33.8,-0.34713529447361746,4200,deep
LAT39.4_LON-33.9,-0.3504759690761929,4200,deep
LAT39.4_LON-34.0,-0.3490934866011667,4200,deep
LAT39.4_LON-34.2,-0.347298532027609,4200,deep
LAT39.4_LON-34.4,-0.3465526941411678,4200,deep
LAT39.4_LON-34.6,-0.35231820028303407,4200,deep
LAT39.4_LON-34.8,-0.34900575483011675,4200,deep
LAT39.4_LON-34.9,-0.3479083340595796,4200,deep
LAT39.4_LON-35.0,-0.34909147998972956,4200,deep
LAT39.4_LON-35.1,-0.3490338955180631,4200,deep
LAT39.4_LON-35.2,-0.34786297821207546,4200,deep
LAT39.4_LON-35.3,-0.34685666140892774,4200,deep
LAT39.4_LON-35.4,-0.3476603130658352,4200,deep
LAT39.4_LON-35.5,-0.3475119323004826,4200,deep
LAT39.4_LON-35.6,-0.349580635128528,4200,deep
LAT39.4_LON-35.7,-0.34628532635059867,4200,deep
LAT39.4_LON-35.8,-0.34687106726592426,4200,deep
LAT39.4_LON-36.0,-0.3483203848372418,4200,deep
LAT39.4_LON-36.1,-0.34570748791327,4200,deep
LAT39.4_LON-36.3,-0.34878578837575536,4200,deep
LAT39.4_LON-36.4,-0.34950915143235944,4200,deep
LAT39.4_LON-36.5,-0.34712895506730845,4200,deep
LAT39.4_LON-36.6,-0.34930784453909147,4200,deep
LAT39.4_LON-36.8,-0.3488564762396224,4200,deep
LAT39.4_LON-36.9,-0.34802934184591566,4200,deep
LAT39.4_LON-37.0,-0.34881721517129727,4200,deep
LAT39.4_LON-37.1,-0.348266894095869,4200,deep
LAT39.4_LON-37.3,-0.3479707881813325,4200,deep
LAT39.4_LON-37.5,-0.3474982301267981,4200,deep
LAT39.4_LON-37.7,-0.3511908120420829,4200,deep
LAT39.4_LON-37.8,-0.35000598733751076,4200,deep
LAT39.4_LON-37.9,-0.3471808531972134,4200,deep
LAT39.4_LON-38.0,-0.34885814472098864,4200,deep
LAT39.4_LON-38.1,-0.3496419842507542,4200,deep
LAT39.4_LON-38.2,-0.3481673165845907,4200,deep
LAT39.4_LON-38.3,-0.35267342427730847,4200,deep
LAT39.4_LON-38.4,-0.3479961236296816,4200,deep
LAT39.4_LON-38.5,-0.3481960821792713,4200,deep
LAT39.4_LON-38.6,-0.3523459691750393,4200,deep
LAT39.4_LON-38.7,-0.34756390050254454,4200,deep
LAT39.4_LON-38.8,-0.35051626228098626,4200,deep
LAT39.4_LON-39.1,-0.35165432472784486,4200,deep
LAT39.4_LON-39.2,-0.3517946586099291,4200,deep
LAT39.4_LON-39.3,-0.3471137205131854,4200,deep
LAT39.4_LON-39.5,-0.34688714064218856,4200,deep
LAT39.4_LON-39.7,-0.34549318899273196,4200,deep
LAT39.4_LON-40.0,-0.3461548433046044,4200,deep
LAT39.5_LON-31.1,-0.3463584170392839,4200,deep
LAT39.5_LON-32.2,-0.34877789660684255,4200,deep
LAT39.5_LON-32.5,-0.3523459691750393,4200,deep
LAT39.5_LON-32.6,-0.3485514346479635,4200,deep
LAT39.5_LON-32.9,-0.350796800977382,4200,deep
LAT39.5_LON-33.2,-0.349580635128528,4200,deep
LAT39.5_LON-33.5,-0.348924278205874,4200,deep
LAT39.5_LON-34.0,-0.349580635128528,4200,deep
LAT39.5_LON-34.1,-0.35210042923229995,4200,deep
LAT39.5_LON-34.4,-0.3480094154991497,4200,deep
LAT39.5_LON-34.5,-0.3492972225464728,4200,deep
LAT39.5_LON-34.6,-0.34883948675252596,4200,deep
LAT39.5_LON-34.7,-0.3465526941411678,4200,deep
LAT39.5_LON-34.9,-0.34878578837575536,4200,deep
LAT39.5_LON-35.0,-0.34939826441155913,4200,deep
LAT39.5_LON-35.1,-0.3472883705013921,4200,deep
LAT39.5_LON-35.2,-0.349529021621107,4200,deep
LAT39.5_LON-35.3,-0.34666008441063667,4200,deep
LAT39.5_LON-35.4,-0.34956819570359093,4200,deep
LAT39.5_LON-35.5,-0.3498159188457442,4200,deep
LAT39.5_LON-35.6,-0.3490698649054156,4200,deep
LAT39.5_LON-35.7,-0.3479549069787386,4200,deep
LAT39.5_LON-35.8,-0.3511677648134864,4200,deep
LAT39.5_LON-35.9,-0.3491715883725177,4200,deep
LAT39.5_LON-36.1,-0.3498301056005203,4200,deep
LAT39.5_LON-36.3,-0.3492972225464728,4200,deep
LAT39.5_LON-36.4,-0.3476128333641692,4200,deep
LAT39.5_LON-36.5,-0.3470299128351244,4200,deep
LAT39.5_LON-36.6,-0.34838713832620594,4200,deep
LAT39.5_LON-36.8,-0.3473913710733291,4200,deep
LAT39.5_LON-36.9,-0.34745280458492295,4200,deep
LAT39.5_LON-37.1,-0.35219631629628567,4200,deep
LAT39.5_LON-37.2,-0.3493913618375879,4200,deep
LAT39.5_LON-37.4,-0.35268593179667007,4200,deep
LAT39.5_LON-37.5,-0.34788258665285926,4200,deep
LAT39.5_LON-37.6,-0.3477122722244695,4200,deep
LAT39.5_LON-37.8,-0.34950915143235944,4200,deep
LAT39.5_LON-37.9,-0.34565622987834915,4200,deep
LAT39.5_LON-38.0,-0.34628549312617707,4200,deep
LAT39.5_LON-38.1,-0.3459131764769812,4200,deep
LAT39.5_LON-38.3,-0.34538506766345783,4200,deep
LAT39.5_LON-38.4,-0.34524125455130555,4200,deep
LAT39.5_LON-38.5,-0.3480741503607733,4200,deep
LAT39.5_LON-38.6,-0.3489433452668321,4200,deep
LAT39.5_LON-38.7,-0.34665246785887005,4200,deep
LAT39.5_LON-38.8,-0.3455841462737601,4200,deep
LAT39.5_LON-38.9,-0.3491130530295985,4200,deep
LAT39.5_LON-39.1,-0.3479549069787386,4200,deep
LAT39.5_LON-39.5,-0.34953706686747066,4200,deep
LAT39.5_LON-39.6,-0.3425581351185296,4200,deep
LAT39.5_LON-39.7,-0.34530320269112863,4200,deep
LAT39.5_LON-39.8,-0.34571017669196247,4200,deep
LAT39.5_LON-39.9,-0.34713191708584695,4200,deep
LAT39.5_LON-40.0,-0.34877789660684255,4200,deep
LAT39.6_LON-32.0,-0.34952764155758914,4200,deep
LAT39.6_LON-32.1,-0.34927241759517785,4200,deep
LAT39.6_LON-32.4,-0.35180200937236594,4200,deep
LAT39.6_LON-32.5,-0.3500626256676146,4200,deep
LAT39.6_LON-32.6,-0.35001578203926015,4200,deep
LAT39.6_LON-32.7,-0.3460672299795088,4200,deep
LAT39.6_LON-32.8,-0.35039021324638997,4200,deep
LAT39.6_LON-32.9,-0.35267342427730847,4200,deep
LAT39.6_LON-33.3,-0.3492132960719472,4200,deep
LAT39.6_LON-33.4,-0.3511270297029182,4200,deep
LAT39.6_LON-33.5,-0.3498712002250198,4200,deep
LAT39.6_LON-33.6,-0.3489915533208264,4200,deep
LAT39.6_LON-33.8,-0.3505803373203111,4200,deep
LAT39.6_LON-33.9,-0.34202854170741254,4200,deep
LAT39.6_LON-34.0,-0.3519060564902623,4200,deep
LAT39.6_LON-34.1,-0.34897199913705035,4200,deep
LAT39.6_LON-34.3,-0.34845884019428797,4200,deep
LAT39.6_LON-34.5,-0.3490338955180631,4200,deep
LAT39.6_LON-34.6,-0.34881721517129727,4200,deep
LAT39.6_LON-34.7,-0.3454778199889376,4200,deep
LAT39.6_LON-34.8,-0.34938297732116336,4200,deep
LAT39.6_LON-34.9,-0.3485313957560548,4200,deep
LAT39.6_LON-35.1,-0.3486928477569483,4200,deep
LAT39.6_LON-35.2,-0.34802667773470924,4200,deep
LAT39.6_LON-35.3,-0.3454778199889376,4200,deep
LAT39.6_LON-35.4,-0.3466441969526973,4200,deep
LAT39.6_LON-35.6,-0.3473129041451933,4200,deep
LAT39.6_LON-35.7,-0.3491828884221995,4200,deep
LAT39.6_LON-35.9,-0.34811970950174476,4200,deep
LAT39.6_LON-36.0,-0.3483416529456076,4200,deep
LAT39.6_LON-36.2,-0.3487533401226582,4200,deep
LAT39.6_LON-36.4,-0.3519128059206192,4200,deep
LAT39.6_LON-36.5,-0.3479549069787386,4200,deep
LAT39.6_LON-36.8,-0.35186406165756245,4200,deep
LAT39.6_LON-37.0,-0.3483818843162413,4200,deep
LAT39.6_LON-37.1,-0.3472883705013921,4200,deep
LAT39.6_LON-37.3,-0.34919837574035517,4200,deep
LAT39.6_LON-37.5,-0.34949167825018895,4200,deep
LAT39.6_LON-37.6,-0.34966732066336437,4200,deep
LAT39.6_LON-37.7,-0.34911911677486196,4200,deep
LAT39.6_LON-37.8,-0.3480118979514846,4200,deep
LAT39.6_LON-38.0,-0.34930784453909147,4200,deep
LAT39.6_LON-38.1,-0.350523285815048,4200,deep
LAT39.6_LON-38.2,-0.34592955556348226,4200,deep
LAT39.6_LON-38.3,-0.3451788001236449,4200,deep
LAT39.6_LON-38.4,-0.34838139851681743,4200,deep
LAT39.6_LON-38.5,-0.3435007002346998,4200,deep
LAT39.6_LON-38.6,-0.3489908210511712,4200,deep
LAT39.6_LON-38.7,-0.3474461985141335,4200,deep
LAT39.6_LON-38.9,-0.3481351830479586,4200,deep
LAT39.6_LON-39.1,-0.34787696124758455,4200,deep
LAT39.6_LON-39.2,-0.34535592779249835,4200,deep
LAT39.6_LON-39.3,-0.3478107724967942,4200,deep
LAT39.6_LON-39.4,-0.34786782388772436,4200,deep
LAT39.6_LON-39.5,-0.3482197627443912,4200,deep
LAT39.6_LON-39.6,-0.3491828884221995,4200,deep
LAT39.6_LON-39.7,-0.3481699310365338,4200,deep
LAT39.6_LON-39.8,-0.34820723000689485,4200,deep
LAT39.6_LON-39.9,-0.3455244346534547,4200,deep
LAT39.6_LON-40.0,-0.34621486268425133,4200,deep
LAT39.7_LON-31.2,-0.3467056845741059,4200,deep
LAT39.7_LON-32.4,-0.35051626228098626,4200,deep
LAT39.7_LON-32.5,-0.34911911677486196,4200,deep
LAT39.7_LON-32.6,-0.34149396698794804,4200,deep
LAT39.7_LON-33.0,-0.34958780371012865,4200,deep
LAT39.7_LON-33.1,-0.3531009003751466,4200,deep
LAT39.7_LON-33.3,-0.34841218732464135,4200,deep
LAT39.7_LON-33.4,-0.3493122952218314,4200,deep
LAT39.7_LON-33.5,-0.3498666100118567,4200,deep
LAT39.7_LON-33.6,-0.34928224253519136,4200,deep
LAT39.7_LON-33.7,-0.35146096060746,4200,deep
LAT39.7_LON-33.8,-0.3476603130658352,4200,deep
LAT39.7_LON-33.9,-0.3472578602186346,4200,deep
LAT39.7_LON-34.0,-0.349818254221527,4200,deep
LAT39.7_LON-34.1,-0.35172976682807305,4200,deep
LAT39.7_LON-34.2,-0.3490595182582588,4200,deep
LAT39.7_LON-34.3,-0.34921974191905375,4200,deep
LAT39.7_LON-34.4,-0.3513884879439005,4200,deep
LAT39.7_LON-34.5,-0.3519128059206192,4200,deep
LAT39.7_LON-34.6,-0.3481249677607187,4200,deep
LAT39.7_LON-34.7,-0.34830256787325153,4200,deep
LAT39.7_LON-34.8,-0.348231042158223,4200,deep
LAT39.7_LON-34.9,-0.3471431992446375,4200,deep
LAT39.7_LON-35.0,-0.34524125455130555,4200,deep
LAT39.7_LON-35.2,-0.3486638627295436,4200,deep
LAT39.7_LON-35.3,-0.34957610457797667,4200,deep
LAT39.7_LON-35.4,-0.34543062951629266,4200,deep
LAT39.7_LON-35.5,-0.3478334941334198,4200,deep
LAT39.7_LON-35.7,-0.3480876267776919,4200,deep
LAT39.7_LON-35.8,-0.34731603192045235,4200,deep
LAT39.7_LON-35.9,-0.3447864964052935,4200,deep
LAT39.7_LON-36.0,-0.3450765646188076,4200,deep
LAT39.7_LON-36.1,-0.35092772009665846,4200,deep
LAT39.7_LON-36.2,-0.34715221716562666,4200,deep
LAT39.7_LON-36.3,-0.3462606589769357,4200,deep
LAT39.7_LON-36.7,-0.3461213791543132,4200,deep
LAT39.7_LON-36.8,-0.3486182967567894,4200,deep
LAT39.7_LON-36.9,-0.3487893984805595,4200,deep
LAT39.7_LON-37.0,-0.34695131613925434,4200,deep
LAT39.7_LON-37.1,-0.3473926107448472,4200,deep
LAT39.7_LON-37.3,-0.3459131764769812,4200,deep
LAT39.7_LON-37.4,-0.3460230338451464,4200,deep
LAT39.7_LON-37.5,-0.3492972225464728,4200,deep
LAT39.7_LON-37.8,-0.34845263625442807,4200,deep
LAT39.7_LON-37.9,-0.35034373035201793,4200,deep
LAT39.7_LON-38.0,-0.3477994342272691,4200,deep
LAT39.7_LON-38.3,-0.3482014232929262,4200,deep
LAT39.7_LON-38.4,-0.3474169063195145,4200,deep
LAT39.7_LON-38.6,-0.34639371882508563,4200,deep
LAT39.7_LON-38.7,-0.3477410201095339,4200,deep
LAT39.7_LON-38.9,-0.34649015795149224,4200,deep
LAT39.7_LON-39.2,-0.3462606589769357,4200,deep
LAT39.7_LON-39.3,-0.34877239925176917,4200,deep
LAT39.7_LON-39.4,-0.3493321982869424,4200,deep
LAT39.7_LON-39.8,-0.3492456681044172,4200,deep
LAT39.7_LON-40.0,-0.34938297732116336,4200,deep
LAT39.8_LON-32.3,-0.3452889423399403,4200,deep
LAT39.8_LON-32.5,-0.3487345177629369,4200,deep
LAT39.8_LON-32.7,-0.3483445872044982,4200,deep
LAT39.8_LON-32.9,-0.34878578837575536,4200,deep
LAT39.8_LON-33.0,-0.34838713832620594,4200,deep
LAT39.8_LON-33.2,-0.34921952838938236,4200,deep
LAT39.8_LON-33.3,-0.35022565962212326,4200,deep
LAT39.8_LON-33.4,-0.35072037022119146,4200,deep
LAT39.8_LON-33.8,-0.3504168383332921,4200,deep
LAT39.8_LON-34.0,-0.3471356352369995,4200,deep
LAT39.8_LON-34.1,-0.3493505326496464,4200,deep
LAT39.8_LON-34.2,-0.34900089871482187,4200,deep
LAT39.8_LON-34.4,-0.3454751132022574,4200,deep
LAT39.8_LON-34.5,-0.34506705943401667,4200,deep
LAT39.8_LON-34.6,-0.3509764185779207,4200,deep
LAT39.8_LON-34.7,-0.3491130530295985,4200,deep
LAT39.8_LON-34.8,-0.35357746312624067,4200,deep
LAT39.8_LON-35.0,-0.35080631391541234,4200,deep
LAT39.8_LON-35.1,-0.3493328006006043,4200,deep
LAT39.8_LON-35.2,-0.34932944592447474,4200,deep
LAT39.8_LON-35.3,-0.3493300822109752,4200,deep
LAT39.8_LON-35.4,-0.3459159466005898,4200,deep
LAT39.8_LON-35.5,-0.3484605203071265,4200,deep
LAT39.8_LON-35.6,-0.3498666100118567,4200,deep
LAT39.8_LON-35.7,-0.34843691956329303,4200,deep
LAT39.8_LON-35.9,-0.3481699310365338,4200,deep
LAT39.8_LON-36.1,-0.3444559412944589,4200,deep
LAT39.8_LON-36.2,-0.3500846201301743,4200,deep
LAT39.8_LON-36.3,-0.34766681197250543,4200,deep
LAT39.8_LON-36.4,-0.3503783463568169,4200,deep
LAT39.8_LON-36.5,-0.3463362917665993,4200,deep
LAT39.8_LON-36.6,-0.3483587329896829,4200,deep
LAT39.8_LON-36.7,-0.34617363335103013,4200,deep
LAT39.8_LON-36.8,-0.3493505326496464,4200,deep
LAT39.8_LON-36.9,-0.34843691956329303,4200,deep
LAT39.8_LON-37.0,-0.34937806383314124,4200,deep
LAT39.8_LON-37.1,-0.3478107724967942,4200,deep
LAT39.8_LON-37.4,-0.3473717377158838,4200,deep
LAT39.8_LON-37.5,-0.34542451387494755,4200,deep
LAT39.8_LON-37.6,-0.34519850618377124,4200,deep
LAT39.8_LON-37.7,-0.34874623084885575,4200,deep
LAT39.8_LON-37.9,-0.3480741503607733,4200,deep
LAT39.8_LON-38.0,-0.34671443979850075,4200,deep
LAT39.8_LON-38.1,-0.34581978009822834,4200,deep
LAT39.8_LON-38.3,-0.34642112721188095,4200,deep
LAT39.8_LON-38.5,-0.3478635697618846,4200,deep
LAT39.8_LON-38.6,-0.34491934878787534,4200,deep
LAT39.8_LON-38.7,-0.3490623533835373,4200,deep
LAT39.8_LON-38.8,-0.3472883705013921,4200,deep
LAT39.8_LON-39.0,-0.34869165408085045,4200,deep
LAT39.8_LON-39.1,-0.34838713832620594,4200,deep
LAT39.8_LON-39.2,-0.3477364228647092,4200,deep
LAT39.8_LON-39.3,-0.35180200937236594,4200,deep
LAT39.8_LON-39.4,-0.3511152858708952,4200,deep
LAT39.8_LON-39.6,-0.3474513854621059,4200,deep
LAT39.8_LON-39.7,-0.34605977363869256,4200,deep
LAT39.8_LON-39.8,-0.3469335827979657,4200,deep
LAT39.9_LON-30.1,-0.3493638685683586,4200,deep
LAT39.9_LON-31.8,-0.35251513679105867,4200,deep
LAT39.9_LON-32.0,-0.35180200937236594,4200,deep
LAT39.9_LON-32.3,-0.347298532027609,4200,deep
LAT39.9_LON-32.6,-0.34843911138434824,4200,deep
LAT39.9_LON-33.0,-0.3437719171018455,4200,deep
LAT39.9_LON-33.1,-0.35007315489055113,4200,deep
LAT39.9_LON-33.3,-0.3464043946295584,4200,deep
LAT39.9_LON-33.6,-0.3498226392947233,4200,deep
LAT39.9_LON-33.7,-0.34845884019428797,4200,deep
LAT39.9_LON-33.9,-0.34877789660684255,4200,deep
LAT39.9_LON-34.0,-0.34929279715233663,4200,deep
LAT39.9_LON-34.2,-0.3510276103773205,4200,deep
LAT39.9_LON-34.3,-0.34882181397004486,4200,deep
LAT39.9_LON-34.4,-0.34687106726592426,4200,deep
LAT39.9_LON-34.5,-0.35180200937236594,4200,deep
LAT39.9_LON-34.6,-0.349540942514183,4200,deep
LAT39.9_LON-34.7,-0.3516245009175074,4200,deep
LAT39.9_LON-34.8,-0.3495935525137405,4200,deep
LAT39.9_LON-34.9,-0.35357735200582235,4200,deep
LAT39.9_LON-35.0,-0.3492636143166692,4200,deep
LAT39.9_LON-35.1,-0.3491419668586825,4200,deep
LAT39.9_LON-35.2,-0.34220540696682805,4200,deep
LAT39.9_LON-35.3,-0.3480847379838416,4200,deep
LAT39.9_LON-35.4,-0.34731985041502716,4200,deep
LAT39.9_LON-35.5,-0.3453293223516865,4200,deep
LAT39.9_LON-35.6,-0.3468096541220665,4200,deep
LAT39.9_LON-35.7,-0.35008934044600243,4200,deep
LAT39.9_LON-35.8,-0.349580635128528,4200,deep
LAT39.9_LON-36.0,-0.34613396764307025,4200,deep
LAT39.9_LON-36.1,-0.34694756143843625,4200,deep
LAT39.9_LON-36.2,-0.3490125711542944,4200,deep
LAT39.9_LON-36.3,-0.35147735674651104,4200,deep
LAT39.9_LON-36.4,-0.3514224584818302,4200,deep
LAT39.9_LON-36.5,-0.34892918705926423,4200,deep
LAT39.9_LON-36.6,-0.3491773517567669,4200,deep
LAT39.9_LON-36.7,-0.3497311863294491,4200,deep
LAT39.9_LON-36.8,-0.3482195642657875,4200,deep
LAT39.9_LON-36.9,-0.3489852576644823,4200,deep
LAT39.9_LON-37.1,-0.3522106902254939,4200,deep
LAT39.9_LON-37.2,-0.3497061369904173,4200,deep
LAT39.9_LON-37.3,-0.35233971474554254,4200,deep
LAT39.9_LON-37.4,-0.3479549069787386,4200,deep
LAT39.9_LON-37.5,-0.3497085750119245,4200,deep
LAT39.9_LON-37.6,-0.35568700190451,4200,deep
LAT39.9_LON-37.8,-0.3475297543864163,4200,deep
LAT39.9_LON-37.9,-0.34935671782391364,4200,deep
LAT39.9_LON-38.0,-0.34530320269112863,4200,deep
LAT39.9_LON-38.1,-0.34802556206378715,4200,deep
LAT39.9_LON-38.2,-0.3488677176379726,4200,deep
LAT39.9_LON-38.3,-0.3513726280691287,4200,deep
LAT39.9_LON-38.4,-0.34946795936360425,4200,deep
LAT39.9_LON-38.5,-0.34581225340581895,4200,deep
LAT39.9_LON-38.6,-0.3481050232693365,4200,deep
LAT39.9_LON-38.7,-0.34604368503458033,4200,deep
LAT39.9_LON-38.9,-0.349408065429932,4200,deep
LAT39.9_LON-39.1,-0.34843691956329303,4200,deep
LAT39.9_LON-39.2,-0.34554097498562064,4200,deep
LAT39.9_LON-39.3,-0.34637995217216666,4200,deep
LAT39.9_LON-39.4,-0.34599971434658233,4200,deep
LAT39.9_LON-39.5,-0.3470339321634043,4200,deep
LAT39.9_LON-39.6,-0.3492400554843361,4200,deep
LAT39.9_LON-39.8,-0.34921011130040935,4200,deep
LAT39.9_LON-39.9,-0.3491425112875537,4200,deep
LAT39.9_LON-40.0,-0.3461496770032544,4200,deep
LAT40.0_LON-30.1,-0.34574620386718913,4200,deep
LAT40.0_LON-32.1,-0.35267342427730847,4200,deep
LAT40.0_LON-32.2,-0.3472460036544524,4200,deep
LAT40.0_LON-32.7,-0.3488897502314247,4200,deep
LAT40.0_LON-32.8,-0.35091492845249844,4200,deep
LAT40.0_LON-32.9,-0.35083542726364736,4200,deep
LAT40.0_LON-33.2,-0.3486986918745986,4200,deep
LAT40.0_LON-33.4,-0.3489908210511712,4200,deep
LAT40.0_LON-33.6,-0.3461213791543132,4200,deep
LAT40.0_LON-34.0,-0.3519770883023145,4200,deep
LAT40.0_LON-34.1,-0.3492636143166692,4200,deep
LAT40.0_LON-34.3,-0.34336673975810095,4200,deep
LAT40.0_LON-34.4,-0.35234334022799607,4200,deep
LAT40.0_LON-34.7,-0.35557826240415635,4200,deep
LAT40.0_LON-34.8,-0.34956163974675,4200,deep
LAT40.0_LON-34.9,-0.3491138567478528,4200,deep
LAT40.0_LON-35.0,-0.3493328006006043,4200,deep
LAT40.0_LON-35.1,-0.3449119709279357,4500,deep
LAT40.0_LON-35.2,-0.34404982819792984,4500,deep
LAT40.0_LON-35.5,-0.34736687536443844,4200,deep
LAT40.0_LON-35.6,-0.34844745888247886,4200,deep
LAT40.0_LON-35.7,-0.3469781442212054,4500,deep
LAT40.0_LON-35.8,-0.34769207814294434,4200,deep
LAT40.0_LON-35.9,-0.347999238829878,4200,deep
LAT40.0_LON-36.0,-0.345598900079292,4500,deep
LAT40.0_LON-36.1,-0.35109066137936024,4500,deep
LAT40.0_LON-36.2,-0.3430890910073413,4200,deep
LAT40.0_LON-36.3,-0.3509189444265708,4200,deep
LAT40.0_LON-36.4,-0.3465872887131588,4200,deep
LAT40.0_LON-36.5,-0.3433683663565343,4500,deep
LAT40.0_LON-36.6,-0.34492892605766673,4200,deep
LAT40.0_LON-36.7,-0.34533543215794704,4500,deep
LAT40.0_LON-36.8,-0.3462528245577364,4500,deep
LAT40.0_LON-36.9,-0.34728462604649374,4200,deep
LAT40.0_LON-37.0,-0.3454739299406522,4200,deep
LAT40.0_LON-37.1,-0.3476488331796759,4200,deep
LAT40.0_LON-37.2,-0.3429183927744303,4500,deep
LAT40.0_LON-37.3,-0.34938297732116336,4200,deep
LAT40.0_LON-37.4,-0.348819264974161,4200,deep
LAT40.0_LON-37.5,-0.3462607931457594,4200,deep
LAT40.0_LON-37.6,-0.34495161593690965,4200,deep
LAT40.0_LON-37.7,-0.34585076151554195,4200,deep
LAT40.0_LON-37.8,-0.34509676711650666,4200,deep
LAT40.0_LON-37.9,-0.3470799810622838,4500,deep
LAT40.0_LON-38.0,-0.3481006003677414,4200,deep
LAT40.0_LON-38.1,-0.34397286635133356,4200,deep
LAT40.0_LON-38.2,-0.34917466988229473,4500,deep
LAT40.0_LON-38.3,-0.3474223365422385,4200,deep
LAT40.0_LON-38.4,-0.34849357310391554,4200,deep
LAT40.0_LON-38.5,-0.34507336596820115,4500,deep
LAT40.0_LON-38.6,-0.34656773489388604,4200,deep
LAT40.0_LON-38.7,-0.34366413357969405,4500,deep
LAT40.0_LON-38.8,-0.3438204546216051,4200,deep
LAT40.0_LON-38.9,-0.3447621858040535,4500,deep
LAT40.0_LON-39.0,-0.34548770310883786,4200,deep
LAT40.0_LON-39.1,-0.3474912753685183,4200,deep
LAT40.0_LON-39.2,-0.3467092298873534,4500,deep
LAT40.0_LON-39.3,-0.3423542657653049,4500,deep
LAT40.0_LON-39.4,-0.34285958451762855,4200,deep
LAT40.0_LON-39.5,-0.3413149860590435,4500,deep
LAT40.0_LON-39.7,-0.34793696726346257,4200,deep
LAT40.0_LON-39.8,-0.3453362513807423,4500,deep
LAT40.0_LON-39.9,-0.3451027019372377,4200,deep
LAT40.0_LON-40.0,-0.34339630180688374,4500,deep
LAT40.0_LON-40.1,-0.3449577188944357,4500,deep
LAT40.0_LON-40.3,-0.34180119580416823,4500,deep
LAT40.0_LON-40.4,-0.34507833988057324,4500,deep
LAT40.0_LON-40.5,-0.3434919507618146,4500,deep
LAT40.0_LON-40.7,-0.34270841123949086,4500,deep
LAT40.0_LON-41.0,-0.3418200220411717,4500,deep
LAT40.0_LON-41.3,-0.34456495063407344,4500,deep
LAT40.0_LON-41.6,-0.3439849187947719,4500,deep
LAT40.0_LON-41.9,-0.34510557364681355,4500,deep
LAT40.0_LON-42.0,-0.3464005697773356,4500,deep
LAT40.0_LON-42.1,-0.3467381641490688,4500,deep
LAT40.0_LON-42.2,-0.34714309513042435,4500,deep
LAT40.0_LON-42.8,-0.3428460630528386,4500,deep
LAT40.0_LON-42.9,-0.3487716251317816,4500,deep
LAT40.0_LON-43.0,-0.34478145757947454,4500,deep
LAT40.0_LON-43.1,-0.34574775224082444,4500,deep
LAT40.0_LON-43.2,-0.3452109941877503,4500,deep
LAT40.0_LON-43.3,-0.34452955842830696,4500,deep
LAT40.0_LON-43.4,-0.34564610091257963,4500,deep
LAT40.0_LON-43.7,-0.34218771950947097,4500,deep
LAT40.0_LON-44.1,-0.34426094065025936,4500,deep
LAT40.0_LON-44.2,-0.3428460630528386,4500,deep
LAT40.0_LON-44.3,-0.34422235446869315,4500,deep
LAT40.0_LON-44.4,-0.3421767330642989,4500,deep
LAT40.0_LON-44.5,-0.3444207125098356,4500,deep
LAT40.0_LON-44.6,-0.3448389078565363,4500,deep
LAT40.0_LON-44.7,-0.3428581325561053,4500,deep
LAT40.0_LON-44.9,-0.3447498747473829,4500,deep
LAT40.1_LON-35.0,-0.34522835765813287,4500,deep
LAT40.1_LON-35.1,-0.3448158891890131,4500,deep
LAT40.1_LON-35.2,-0.34380844497425045,4500,deep
LAT40.1_LON-35.4,-0.3445510816974587,4500,deep
LAT40.1_LON-35.5,-0.344287763902095,4500,deep
LAT40.1_LON-35.6,-0.3455440832394457,4500,deep
LAT40.1_LON-35.7,-0.3435548677276926,4500,deep
LAT40.1_LON-35.9,-0.34448222328725003,4500,deep
LAT40.1_LON-36.0,-0.34325074238917913,4500,deep
LAT40.1_LON-36.1,-0.3436753513452811,4500,deep
LAT40.1_LON-36.2,-0.34380703396693524,4500,deep
LAT40.1_LON-36.3,-0.34389003491861564,4500,deep
LAT40.1_LON-36.4,-0.3421767330642989,4500,deep
LAT40.1_LON-36.5,-0.34299884498871774,4500,deep
LAT40.1_LON-36.6,-0.3431381961031,4500,deep
LAT40.1_LON-36.7,-0.34583212456187507,4500,deep
LAT40.1_LON-36.8,-0.3411022351750585,4500,deep
LAT40.1_LON-37.0,-0.33903098617113,4500,deep
LAT40.1_LON-37.1,-0.3436764856143456,4500,deep
LAT40.1_LON-37.2,-0.34448538144032825,4500,deep
LAT40.1_LON-37.3,-0.34359932682101707,4500,deep
LAT40.1_LON-37.4,-0.3429299419165339,4500,deep
LAT40.1_LON-37.7,-0.3441392733762026,4500,deep
LAT40.1_LON-37.8,-0.3454879801457732,4500,deep
LAT40.1_LON-37.9,-0.3442768881837424,4500,deep
LAT40.1_LON-38.0,-0.3460195474953619,4500,deep
LAT40.1_LON-38.1,-0.3475232568746277,4500,deep
LAT40.1_LON-38.2,-0.33891043250292696,4500,deep
LAT40.1_LON-38.3,-0.3420633764663373,4500,deep
LAT40.1_LON-38.4,-0.3438592477021428,4500,deep
LAT40.1_LON-38.5,-0.341386559613703,4500,deep
LAT40.1_LON-38.6,-0.34611684211395033,4500,deep
LAT40.1_LON-38.7,-0.34558821138048956,4500,deep
LAT40.1_LON-38.8,-0.3407185472117719,4500,deep
LAT40.1_LON-38.9,-0.34295343318326865,4500,deep
LAT40.1_LON-39.0,-0.3443750198212183,4500,deep
LAT40.1_LON-39.1,-0.3448592426290143,4500,deep
LAT40.1_LON-39.2,-0.3464284271834865,4500,deep
LAT40.1_LON-39.4,-0.34368926686127377,4500,deep
LAT40.1_LON-39.5,-0.3433865007387214,4500,deep
LAT40.1_LON-39.6,-0.34325599391387307,4500,deep
LAT40.1_LON-39.7,-0.34455851034983,4500,deep
LAT40.1_LON-39.8,-0.3445507421367342,4500,deep
LAT40.1_LON-39.9,-0.3439193067890222,4500,deep
LAT40.1_LON-40.3,-0.341778589614076,4500,deep
LAT40.1_LON-40.4,-0.34502142507361555,4500,deep
LAT40.1_LON-40.5,-0.34508853133726236,4500,deep
LAT40.1_LON-40.6,-0.3415544949394376,4500,deep
LAT40.1_LON-40.7,-0.3439849187947719,4500,deep
LAT40.1_LON-40.8,-0.3454903329935874,4500,deep
LAT40.1_LON-41.0,-0.3441164883799739,4500,deep
LAT40.1_LON-41.1,-0.3439397853076741,4500,deep
LAT40.1_LON-41.2,-0.3419797943163077,4500,deep
LAT40.1_LON-41.4,-0.34242810562540754,4500,deep
LAT40.1_LON-41.5,-0.34471279887125406,4500,deep
LAT40.1_LON-41.9,-0.3455545270004292,4500,deep
LAT40.1_LON-42.1,-0.3439588301488457,4500,deep
LAT40.1_LON-42.2,-0.34302958970678976,4500,deep
LAT40.1_LON-42.3,-0.34408252235154824,4500,deep
LAT40.1_LON-42.4,-0.3459145126050792,4500,deep
LAT40.1_LON-42.5,-0.34455381180310624,4500,deep
LAT40.1_LON-42.7,-0.34601805197106555,4500,deep
LAT40.1_LON-42.8,-0.3417109546267599,4500,deep
LAT40.1_LON-42.9,-0.3457713393100943,4500,deep
LAT40.1_LON-43.1,-0.3459303376534686,4500,deep
LAT40.1_LON-43.2,-0.3442612167660912,4500,deep
LAT40.1_LON-43.3,-0.3413812096301517,4500,deep
LAT40.1_LON-43.4,-0.3458278375137458,4500,deep
LAT40.1_LON-43.5,-0.34372358567148664,4500,deep
LAT40.1_LON-43.6,-0.3472222085847218,4500,deep
LAT40.1_LON-43.7,-0.3448821073015292,4500,deep
LAT40.1_LON-43.8,-0.34436626625249633,4500,deep
LAT40.1_LON-44.0,-0.34362426195031726,4500,deep
LAT40.1_LON-44.1,-0.3420053854318751,4500,deep
LAT40.1_LON-44.2,-0.3457544283547479,4500,deep
LAT40.1_LON-44.3,-0.3461811130351687,4500,deep
LAT40.1_LON-44.4,-0.34769864497301356,4500,deep
LAT40.1_LON-44.6,-0.3440626363356162,4500,deep
LAT40.1_LON-44.7,-0.34386070854796963,4500,deep
LAT40.1_LON-44.8,-0.3471075977598703,4500,deep
LAT40.1_LON-44.9,-0.3452060464520588,4500,deep
LAT40.2_LON-35.1,-0.34242884720839595,4500,deep
LAT40.2_LON-35.2,-0.3436556281128439,4500,deep
LAT40.2_LON-35.3,-0.34757872576319176,4500,deep
LAT40.2_LON-35.4,-0.3445327458145804,4500,deep
LAT40.2_LON-35.6,-0.34806813839384976,4500,deep
LAT40.2_LON-35.7,-0.3427423605353429,4500,deep
LAT40.2_LON-35.8,-0.3431381997047448,4500,deep
LAT40.2_LON-36.0,-0.3450719505252683,4500,deep
LAT40.2_LON-36.1,-0.3461206473638014,4500,deep
LAT40.2_LON-36.2,-0.3444157435152473,4500,deep
LAT40.2_LON-36.3,-0.34534590491467687,4500,deep
LAT40.2_LON-36.4,-0.34256451360404333,4500,deep
LAT40.2_LON-36.5,-0.3481389249235459,4500,deep
LAT40.2_LON-36.6,-0.3449263932264167,4500,deep
LAT40.2_LON-36.7,-0.34329878453984086,4500,deep
LAT40.2_LON-36.8,-0.34639853206040705,4500,deep
LAT40.2_LON-36.9,-0.34552947596905303,4500,deep
LAT40.2_LON-37.0,-0.34267541276440744,4500,deep
LAT40.2_LON-37.1,-0.3440279354890595,4500,deep
LAT40.2_LON-37.2,-0.343009016002384,4500,deep
LAT40.2_LON-37.3,-0.34515064366341586,4500,deep
LAT40.2_LON-37.4,-0.3428474360639301,4500,deep
LAT40.2_LON-37.5,-0.34587374399092274,4500,deep
LAT40.2_LON-37.6,-0.33785316568483714,4500,deep
LAT40.2_LON-37.7,-0.34585697186058806,4500,deep
LAT40.2_LON-37.9,-0.3416362335202878,4500,deep
LAT40.2_LON-38.1,-0.34323630639495906,4500,deep
LAT40.2_LON-38.2,-0.3438162084548529,4500,deep
LAT40.2_LON-38.3,-0.3446408505834119,4500,deep
LAT40.2_LON-38.4,-0.3450572425080429,4500,deep
LAT40.2_LON-38.5,-0.34449729746330054,4500,deep
LAT40.2_LON-38.6,-0.34491880282827647,4500,deep
LAT40.2_LON-38.7,-0.3446408505834119,4500,deep
LAT40.2_LON-38.8,-0.3441385964144086,4500,deep
LAT40.2_LON-38.9,-0.3436514437654989,4500,deep
LAT40.2_LON-39.0,-0.3504714094774609,4500,deep
LAT40.2_LON-39.1,-0.34377510468641886,4500,deep
LAT40.2_LON-39.2,-0.3424763558725296,4500,deep
LAT40.2_LON-39.3,-0.34635570521972786,4500,deep
LAT40.2_LON-39.4,-0.3458680839196608,4500,deep
LAT40.2_LON-39.7,-0.34478710709004634,4500,deep
LAT40.2_LON-39.9,-0.34493400048118966,4500,deep
LAT40.2_LON-40.1,-0.3405444538487463,4500,deep
LAT40.2_LON-40.3,-0.3439817917918806,4500,deep
LAT40.2_LON-40.4,-0.3418270987661014,4500,deep
LAT40.2_LON-40.5,-0.34580203383746677,4500,deep
LAT40.2_LON-40.6,-0.34487079860778447,4500,deep
LAT40.2_LON-40.7,-0.34346757751527285,4500,deep
LAT40.2_LON-40.8,-0.34360551513944526,4500,deep
LAT40.2_LON-40.9,-0.3442053912181245,4500,deep
LAT40.2_LON-41.2,-0.34434533360583147,4500,deep
LAT40.2_LON-41.3,-0.34527012745545144,4500,deep
LAT40.2_LON-41.4,-0.3451318026519879,4500,deep
LAT40.2_LON-41.5,-0.34393695586625195,4500,deep
LAT40.2_LON-41.6,-0.34678281362124763,4500,deep
LAT40.2_LON-41.7,-0.34639853206040705,4500,deep
LAT40.2_LON-41.8,-0.34601805197106555,4500,deep
LAT40.2_LON-41.9,-0.3428817542044239,4500,deep
LAT40.2_LON-42.0,-0.3445708368402978,4500,deep
LAT40.2_LON-42.2,-0.34412286563643885,4500,deep
LAT40.2_LON-42.4,-0.34611684211395033,4500,deep
LAT40.2_LON-42.5,-0.34444617846397657,4500,deep
LAT40.2_LON-42.6,-0.3437108028759508,4500,deep
LAT40.2_LON-42.7,-0.34111313997972154,4500,deep
LAT40.2_LON-42.8,-0.34423697391596164,4500,deep
LAT40.2_LON-42.9,-0.34388386386881276,4500,deep
LAT40.2_LON-43.0,-0.3431876621376882,4500,deep
LAT40.2_LON-43.1,-0.3441940847310636,4500,deep
LAT40.2_LON-43.2,-0.3432579063451615,4500,deep
LAT40.2_LON-43.3,-0.34455381180310624,4500,deep
LAT40.2_LON-43.4,-0.34341775051965046,4500,deep
LAT40.2_LON-43.5,-0.34498460825342986,4500,deep
LAT40.2_LON-43.8,-0.3428314548358627,4500,deep
LAT40.2_LON-43.9,-0.3443910229916518,4500,deep
LAT40.2_LON-44.0,-0.34458057484135957,4500,deep
LAT40.2_LON-44.1,-0.34138980233183286,4500,deep
LAT40.2_LON-44.2,-0.3472222085847218,4500,deep
LAT40.2_LON-44.3,-0.3448224897558085,4500,deep
LAT40.2_LON-44.4,-0.34390574888100167,4500,deep
LAT40.2_LON-44.5,-0.3437658293586827,4500,deep
LAT40.2_LON-44.6,-0.34163098348233417,4500,deep
LAT40.2_LON-44.7,-0.34434807324463473,4500,deep
LAT40.2_LON-44.8,-0.3457838634850975,4500,deep
LAT40.2_LON-44.9,-0.3449877183811575,4500,deep
LAT40.3_LON-35.0,-0.34393264608909835,4500,deep
LAT40.3_LON-35.1,-0.3441625637985386,4500,deep
LAT40.3_LON-35.2,-0.3437402945451422,4500,deep
LAT40.3_LON-35.3,-0.34224201144541616,4500,deep
LAT40.3_LON-35.5,-0.34178694687611266,4500,deep
LAT40.3_LON-35.6,-0.34550446231735893,4500,deep
LAT40.3_LON-35.7,-0.3460721820548049,4500,deep
LAT40.3_LON-35.8,-0.3433731423816625,4500,deep
LAT40.3_LON-35.9,-0.34305605670971695,4500,deep
LAT40.3_LON-36.0,-0.34711836354131065,4500,deep
LAT40.3_LON-36.1,-0.3453980145933572,4500,deep
LAT40.3_LON-36.2,-0.3464237462844286,4500,deep
LAT40.3_LON-36.3,-0.3443910229916518,4500,deep
LAT40.3_LON-36.4,-0.34437706129580653,4500,deep
LAT40.3_LON-36.6,-0.34329398590480736,4500,deep
LAT40.3_LON-36.7,-0.3446590555356444,4500,deep
LAT40.3_LON-36.8,-0.3433610764960028,4500,deep
LAT40.3_LON-36.9,-0.34301419731540395,4500,deep
LAT40.3_LON-37.0,-0.34327294531708014,4500,deep
LAT40.3_LON-37.1,-0.3435715659305487,4500,deep
LAT40.3_LON-37.2,-0.34356109914604566,4500,deep
LAT40.3_LON-37.3,-0.3452037370698213,4500,deep
LAT40.3_LON-37.4,-0.34611684211395033,4500,deep
LAT40.3_LON-37.5,-0.3460397096809792,4500,deep
LAT40.3_LON-37.6,-0.34508380998702487,4500,deep
LAT40.3_LON-37.7,-0.3441743299027455,4500,deep
LAT40.3_LON-37.9,-0.3389699333495087,4500,deep
LAT40.3_LON-38.0,-0.3436222191815778,4500,deep
LAT40.3_LON-38.1,-0.34503876824791485,4500,deep
LAT40.3_LON-38.3,-0.3431977128373403,4500,deep
LAT40.3_LON-38.4,-0.3443172358959666,4500,deep
LAT40.3_LON-38.5,-0.34444840153637374,4500,deep
LAT40.3_LON-38.6,-0.3426812693253686,4500,deep
LAT40.3_LON-38.7,-0.3445044675258859,4500,deep
LAT40.3_LON-38.8,-0.3410539202998184,4500,deep
LAT40.3_LON-38.9,-0.3443143866471481,4500,deep
LAT40.3_LON-39.0,-0.3477571369506425,4500,deep
LAT40.3_LON-39.3,-0.34226110810628424,4500,deep
LAT40.3_LON-39.4,-0.3451560474990672,4500,deep
LAT40.3_LON-39.5,-0.3403602948839269,4500,deep
LAT40.3_LON-39.6,-0.3459937234454771,4500,deep
LAT40.3_LON-39.8,-0.3428581325561053,4500,deep
LAT40.3_LON-40.2,-0.3443383976517164,4500,deep
LAT40.3_LON-40.3,-0.34001354865787914,4500,deep
LAT40.3_LON-40.4,-0.3439970403948925,4500,deep
LAT40.3_LON-40.8,-0.3449470272971933,4500,deep
LAT40.3_LON-41.0,-0.34259517305241527,4500,deep
LAT40.3_LON-41.1,-0.34393695586625195,4500,deep
LAT40.3_LON-41.3,-0.34452906416612694,4500,deep
LAT40.3_LON-41.4,-0.3417525955656354,4500,deep
LAT40.3_LON-41.5,-0.3445507421367342,4500,deep
LAT40.3_LON-41.6,-0.3479079680749479,4500,deep
LAT40.3_LON-41.7,-0.3442705590009718,4500,deep
LAT40.3_LON-41.9,-0.3461539836487382,4500,deep
LAT40.3_LON-42.1,-0.34541128568666624,4500,deep
LAT40.3_LON-42.2,-0.3434795260436032,4500,deep
LAT40.3_LON-42.4,-0.3437715951475846,4500,deep
LAT40.3_LON-42.5,-0.3446559136572618,4500,deep
LAT40.3_LON-42.6,-0.342194618740487,4500,deep
LAT40.3_LON-42.7,-0.34366822374247225,4500,deep
LAT40.3_LON-42.8,-0.34379443397768406,4500,deep
LAT40.3_LON-43.0,-0.3444323729825073,4500,deep
LAT40.3_LON-43.1,-0.3439375841651794,4500,deep
LAT40.3_LON-43.3,-0.3450480036990559,4500,deep
LAT40.3_LON-43.4,-0.3411239289419536,4500,deep
LAT40.3_LON-43.5,-0.3455296077544993,4500,deep
LAT40.3_LON-43.6,-0.3488614718761255,4500,deep
LAT40.3_LON-43.7,-0.34568201682396504,4500,deep
LAT40.3_LON-43.8,-0.3455980059703492,4500,deep
LAT40.3_LON-43.9,-0.34344015491463215,4500,deep
LAT40.3_LON-44.0,-0.339949769011719,4500,deep
LAT40.3_LON-44.1,-0.34248290720271374,4500,deep
LAT40.3_LON-44.2,-0.34391945786537437,4500,deep
LAT40.3_LON-44.3,-0.3447221161216167,4500,deep
LAT40.3_LON-44.4,-0.34609418493220245,4500,deep
LAT40.3_LON-44.5,-0.3449577188944357,4500,deep
LAT40.3_LON-44.6,-0.344003414854299,4500,deep
LAT40.3_LON-44.7,-0.3465964237352984,4500,deep
LAT40.3_LON-44.9,-0.34638714603719256,4500,deep
LAT40.3_LON-45.0,-0.3443289579586703,4500,deep
LAT40.4_LON-35.3,-0.34179210490868134,4500,deep
LAT40.4_LON-35.5,-0.3417764414523296,4500,deep
LAT40.4_LON-35.6,-0.3419797943163077,4500,deep
LAT40.4_LON-35.7,-0.3441284553400724,4500,deep
LAT40.4_LON-35.8,-0.34472295986433915,4500,deep
LAT40.4_LON-35.9,-0.3447127804289756,4500,deep
LAT40.4_LON-36.0,-0.3447634794352951,4500,deep
LAT40.4_LON-36.1,-0.34349173970339963,4500,deep
LAT40.4_LON-36.2,-0.34326945678587795,4500,deep
LAT40.4_LON-36.3,-0.34508880902819333,4500,deep
LAT40.4_LON-36.4,-0.34142704332146406,4500,deep
LAT40.4_LON-36.5,-0.34464901328666947,4500,deep
LAT40.4_LON-36.6,-0.3442891969215822,4500,deep
LAT40.4_LON-36.7,-0.3449817128733213,4500,deep
LAT40.4_LON-36.8,-0.34287263889318637,4500,deep
LAT40.4_LON-37.2,-0.3490700857729908,4500,deep
LAT40.4_LON-37.3,-0.3448492968845784,4500,deep
LAT40.4_LON-37.5,-0.3428656144567569,4500,deep
LAT40.4_LON-37.6,-0.3444386633452001,4500,deep
LAT40.4_LON-37.7,-0.3448813217697666,4500,deep
LAT40.4_LON-37.8,-0.3428069187009155,4500,deep
LAT40.4_LON-37.9,-0.33934310491207453,4500,deep
LAT40.4_LON-38.0,-0.34245877476542963,4500,deep
LAT40.4_LON-38.1,-0.34405042515243833,4500,deep
LAT40.4_LON-38.2,-0.34310241827860144,4500,deep
LAT40.4_LON-38.3,-0.3448133680920279,4500,deep
LAT40.4_LON-38.4,-0.3457218968806587,4500,deep
LAT40.4_LON-38.6,-0.34244694538962156,4500,deep
LAT40.4_LON-38.7,-0.3484761675052722,4500,deep
LAT40.4_LON-38.8,-0.34508853133726236,4500,deep
LAT40.4_LON-38.9,-0.3445653251197014,4500,deep
LAT40.4_LON-39.0,-0.3419768069045737,4500,deep
LAT40.4_LON-39.3,-0.345793676846137,4500,deep
LAT40.4_LON-39.4,-0.34268040036176517,4500,deep
LAT40.4_LON-39.6,-0.3410285395321009,4500,deep
LAT40.4_LON-40.2,-0.3453139162506425,4500,deep
LAT40.4_LON-40.5,-0.3432082127551717,4500,deep
LAT40.4_LON-40.6,-0.34879880109006883,4500,deep
LAT40.4_LON-40.7,-0.3441743299027455,4500,deep
LAT40.4_LON-41.1,-0.3451498843606437,4500,deep
LAT40.4_LON-41.2,-0.3413173553685051,4500,deep
LAT40.4_LON-41.3,-0.3415988753927031,4500,deep
LAT40.4_LON-41.4,-0.34163098348233417,4500,deep
LAT40.4_LON-41.5,-0.3433544608683688,4500,deep
LAT40.4_LON-41.6,-0.344594051299592,4500,deep
LAT40.4_LON-41.7,-0.3413173553685051,4500,deep
LAT40.4_LON-41.8,-0.34534935664335176,4500,deep
LAT40.4_LON-41.9,-0.3478856536823904,4500,deep
LAT40.4_LON-42.0,-0.3444207125098356,4500,deep
LAT40.4_LON-42.1,-0.3416295628805447,4500,deep
LAT40.4_LON-42.3,-0.3447498747473829,4500,deep
LAT40.4_LON-42.4,-0.34634498282580645,4500,deep
LAT40.4_LON-42.6,-0.3452374061307375,4500,deep
LAT40.4_LON-42.7,-0.3425229116660584,4500,deep
LAT40.4_LON-42.8,-0.3481389249235459,4500,deep
LAT40.4_LON-42.9,-0.3426531247012521,4500,deep
LAT40.4_LON-43.1,-0.34399835342902535,4500,deep
LAT40.4_LON-43.2,-0.3444323729825073,4500,deep
LAT40.4_LON-43.3,-0.3449753828017023,4500,deep
LAT40.4_LON-43.4,-0.34186189173005416,4500,deep
LAT40.4_LON-43.5,-0.34530486304568236,4500,deep
LAT40.4_LON-43.7,-0.3448284948663986,4500,deep
LAT40.4_LON-43.8,-0.3466996017763007,4500,deep
LAT40.4_LON-43.9,-0.34308006486771014,4500,deep
LAT40.4_LON-44.1,-0.34509056799823834,4500,deep
LAT40.4_LON-44.2,-0.3458991955855226,4500,deep
LAT40.4_LON-44.3,-0.3436222191815778,4500,deep
LAT40.4_LON-44.4,-0.3443528020219855,4500,deep
LAT40.4_LON-44.5,-0.3440360111068208,4500,deep
LAT40.4_LON-44.6,-0.34351968301349234,4500,deep
LAT40.4_LON-44.7,-0.3453093982704283,4500,deep
LAT40.4_LON-44.8,-0.3461140174697433,4500,deep
LAT40.4_LON-45.0,-0.34307308836312755,4500,deep
LAT40.5_LON-35.1,-0.3467805686289081,4500,deep
LAT40.5_LON-35.2,-0.3449558152529095,4500,deep
LAT40.5_LON-35.3,-0.343409262194491,4500,deep
LAT40.5_LON-35.4,-0.34355281494832585,4500,deep
LAT40.5_LON-35.5,-0.340955463779094,4500,deep
LAT40.5_LON-35.7,-0.3431507672333344,4500,deep
LAT40.5_LON-35.8,-0.33975759311263604,4500,deep
LAT40.5_LON-36.0,-0.3440133362273965,4500,deep
LAT40.5_LON-36.1,-0.34230247231464095,4500,deep
LAT40.5_LON-36.2,-0.3451182362211878,4500,deep
LAT40.5_LON-36.3,-0.3440992223631756,4500,deep
LAT40.5_LON-36.4,-0.341778589614076,4500,deep
LAT40.5_LON-36.8,-0.34771062744841663,4500,deep
LAT40.5_LON-36.9,-0.3427764511604119,4500,deep
LAT40.5_LON-37.0,-0.3457195937574177,4500,deep
LAT40.5_LON-37.1,-0.3424730487269474,4500,deep
LAT40.5_LON-37.2,-0.3442836742332073,4500,deep
LAT40.5_LON-37.3,-0.3466537730847793,4500,deep
LAT40.5_LON-37.4,-0.34621408584730395,4500,deep
LAT40.5_LON-37.5,-0.3424532927574585,4500,deep
LAT40.5_LON-37.6,-0.3415570639418737,4500,deep
LAT40.5_LON-37.7,-0.3433740609698941,4500,deep
LAT40.5_LON-37.8,-0.34597293103935123,4500,deep
LAT40.5_LON-37.9,-0.3450127442582044,4500,deep
LAT40.5_LON-38.3,-0.3424052677612392,4500,deep
LAT40.5_LON-38.4,-0.3444902563805632,4500,deep
LAT40.5_LON-38.5,-0.34142704332146406,4500,deep
LAT40.5_LON-38.7,-0.3461436253187362,4500,deep
LAT40.5_LON-38.8,-0.3460085839827351,4500,deep
LAT40.5_LON-38.9,-0.3461539836487382,4500,deep
LAT40.5_LON-39.0,-0.34374940479038,4500,deep
LAT40.5_LON-39.6,-0.3465112465491456,4500,deep
LAT40.5_LON-39.7,-0.35166270392017557,4500,deep
LAT40.5_LON-39.8,-0.34393695586625195,4500,deep
LAT40.5_LON-40.0,-0.3505447046761945,4500,deep
LAT40.5_LON-40.1,-0.3437552836264876,4500,deep
LAT40.5_LON-40.2,-0.3441385964144086,4500,deep
LAT40.5_LON-40.3,-0.3452252124767864,4500,deep
LAT40.5_LON-40.4,-0.34294236844892323,4500,deep
LAT40.5_LON-40.8,-0.3433222478009676,4500,deep
LAT40.5_LON-41.0,-0.345558855245153,4500,deep
LAT40.5_LON-41.1,-0.34302958970678976,4500,deep
LAT40.5_LON-41.2,-0.34498900601661214,4500,deep
LAT40.5_LON-41.3,-0.34392785165268275,4500,deep
LAT40.5_LON-41.4,-0.34578032695243865,4500,deep
LAT40.5_LON-41.5,-0.34377685472996233,4500,deep
LAT40.5_LON-41.6,-0.3466382161950877,4500,deep
LAT40.5_LON-41.7,-0.34397223800248694,4500,deep
LAT40.5_LON-42.1,-0.34394978572418966,4500,deep
LAT40.5_LON-42.2,-0.3411250798900319,4500,deep
LAT40.5_LON-42.4,-0.33949131408900773,4500,deep
LAT40.5_LON-42.6,-0.3472541351804841,4500,deep
LAT40.5_LON-42.7,-0.3456030008011604,4500,deep
LAT40.5_LON-42.8,-0.34621408584730395,4500,deep
LAT40.5_LON-42.9,-0.3449618210422731,4500,deep
LAT40.5_LON-43.0,-0.34302958970678976,4500,deep
LAT40.5_LON-43.2,-0.34603051100798876,4500,deep
LAT40.5_LON-43.3,-0.3443515158521782,4500,deep
LAT40.5_LON-43.4,-0.34481667972026314,4500,deep
LAT40.5_LON-43.5,-0.341778589614076,4500,deep
LAT40.5_LON-43.7,-0.3468446788791187,4500,deep
LAT40.5_LON-43.8,-0.34401173894674825,4500,deep
LAT40.5_LON-43.9,-0.3444386633452001,4500,deep
LAT40.5_LON-44.0,-0.3437532892966524,4500,deep
LAT40.5_LON-44.3,-0.34510557364681355,4500,deep
LAT40.5_LON-44.5,-0.3446190016261208,4500,deep
LAT40.5_LON-44.7,-0.34476258942231386,4500,deep
LAT40.5_LON-44.8,-0.3433665627874972,4500,deep
LAT40.5_LON-44.9,-0.34226786565902945,4500,deep
LAT40.5_LON-45.0,-0.34574775224082444,4500,deep
LAT40.6_LON-35.0,-0.346487451309829,4500,deep
LAT40.6_LON-35.1,-0.3431615578737703,4500,deep
LAT40.6_LON-35.4,-0.34805561404745256,4500,deep
LAT40.6_LON-35.6,-0.3442109297781249,4500,deep
LAT40.6_LON-35.7,-0.34525157365178993,4500,deep
LAT40.6_LON-35.8,-0.3465964237352984,4500,deep
LAT40.6_LON-35.9,-0.34879880109006883,4500,deep
LAT40.6_LON-36.0,-0.3453952247899766,4500,deep
LAT40.6_LON-36.3,-0.3420421790255565,4500,deep
LAT40.6_LON-36.4,-0.3420421790255565,4500,deep
LAT40.6_LON-36.5,-0.3441167006011415,4500,deep
LAT40.6_LON-36.6,-0.3432742506104081,4500,deep
LAT40.6_LON-36.7,-0.3471789331393552,4500,deep
LAT40.6_LON-36.8,-0.3429442830341027,4500,deep
LAT40.6_LON-36.9,-0.3428762775651594,4500,deep
LAT40.6_LON-37.0,-0.34347834797085464,4500,deep
LAT40.6_LON-37.2,-0.34434647757919246,4500,deep
LAT40.6_LON-37.4,-0.33951321208680435,4500,deep
LAT40.6_LON-37.5,-0.34344294564683286,4500,deep
LAT40.6_LON-37.7,-0.3438826648464125,4500,deep
LAT40.6_LON-37.9,-0.34307308836312755,4500,deep
LAT40.6_LON-38.0,-0.3439849187947719,4500,deep
LAT40.6_LON-38.1,-0.34583423674581865,4500,deep
LAT40.6_LON-38.2,-0.34455381180310624,4500,deep
LAT40.6_LON-38.3,-0.34435384457834195,4500,deep
LAT40.6_LON-38.5,-0.3420561445961208,4500,deep
LAT40.6_LON-39.1,-0.3438372862469563,4500,deep
LAT40.6_LON-39.5,-0.34449833802661023,4500,deep
LAT40.6_LON-39.6,-0.341778589614076,4500,deep
LAT40.6_LON-39.8,-0.3424730487269474,4500,deep
LAT40.6_LON-40.0,-0.34478710709004634,4500,deep
LAT40.6_LON-40.1,-0.34203644539364697,4500,deep
LAT40.6_LON-40.2,-0.3436676966492895,4500,deep
LAT40.6_LON-40.3,-0.3439849187947719,4500,deep
LAT40.6_LON-40.5,-0.3458097134952693,4500,deep
LAT40.6_LON-40.6,-0.3448016643197178,4500,deep
LAT40.6_LON-40.7,-0.34373940814779846,4500,deep
LAT40.6_LON-40.8,-0.34456462468582255,4500,deep
LAT40.6_LON-40.9,-0.3435654593142594,4500,deep
LAT40.6_LON-41.0,-0.3439397853076741,4500,deep
LAT40.6_LON-41.3,-0.34407720612510906,4500,deep
LAT40.6_LON-41.4,-0.3429299419165339,4500,deep
LAT40.6_LON-41.6,-0.33935260013758756,4500,deep
LAT40.6_LON-41.8,-0.3434672190502516,4500,deep
LAT40.6_LON-41.9,-0.3445507421367342,4500,deep
LAT40.6_LON-42.0,-0.3409526003734449,4500,deep
LAT40.6_LON-42.2,-0.3445507421367342,4500,deep
LAT40.6_LON-42.3,-0.34428664812477394,4500,deep
LAT40.6_LON-42.5,-0.34303027814691056,4500,deep
LAT40.6_LON-42.6,-0.34231996418318505,4500,deep
LAT40.6_LON-42.7,-0.34512804084195414,4500,deep
LAT40.6_LON-42.8,-0.34460469667194094,4500,deep
LAT40.6_LON-42.9,-0.341778589614076,4500,deep
LAT40.6_LON-43.0,-0.3406837081879671,4500,deep
LAT40.6_LON-43.1,-0.34514077455809195,4500,deep
LAT40.6_LON-43.2,-0.34518627493619936,4500,deep
LAT40.6_LON-43.3,-0.34618829302379583,4500,deep
LAT40.6_LON-43.4,-0.3457396351521836,4500,deep
LAT40.6_LON-43.5,-0.3444572038375554,4500,deep
LAT40.6_LON-43.6,-0.34304800960364423,4500,deep
LAT40.6_LON-43.8,-0.34329881970528664,4500,deep
LAT40.6_LON-43.9,-0.34425935544111225,4500,deep
LAT40.6_LON-44.2,-0.3444766839648551,4500,deep
LAT40.6_LON-44.4,-0.34498313876709896,4500,deep
LAT40.6_LON-44.6,-0.34250485600612457,4500,deep
LAT40.6_LON-44.7,-0.341778589614076,4500,deep
LAT40.6_LON-44.8,-0.3455476416237269,4500,deep
LAT40.6_LON-44.9,-0.3452453366534128,4500,deep
LAT40.6_LON-45.0,-0.34414444450048165,4500,deep
LAT40.7_LON-35.3,-0.3447970972974563,4500,deep
LAT40.7_LON-35.4,-0.3415103059459434,4500,deep
LAT40.7_LON-35.5,-0.34331696012187046,4500,deep
LAT40.7_LON-35.6,-0.3429076558730779,4500,deep
LAT40.7_LON-36.0,-0.34137289937001364,4500,deep
LAT40.7_LON-36.1,-0.34444520679384455,4500,deep
LAT40.7_LON-36.2,-0.34823261501513036,4500,deep
LAT40.7_LON-36.3,-0.3449822058097009,4500,deep
LAT40.7_LON-36.5,-0.3427230835159947,4500,deep
LAT40.7_LON-36.6,-0.34483183648279403,4500,deep
LAT40.7_LON-36.8,-0.34413881989588346,4500,deep
LAT40.7_LON-37.0,-0.3434611292147572,4500,deep
LAT40.7_LON-37.1,-0.34339630180688374,4500,deep
LAT40.7_LON-37.4,-0.3461613118312089,4500,deep
LAT40.7_LON-37.5,-0.343319021748012,4500,deep
LAT40.7_LON-37.7,-0.3436517308724445,4500,deep
LAT40.7_LON-37.8,-0.34429863790765936,4500,deep
LAT40.7_LON-37.9,-0.34481547631001935,4500,deep
LAT40.7_LON-38.0,-0.3464407234915805,4500,deep
LAT40.7_LON-38.1,-0.34357626534299607,4500,deep
LAT40.7_LON-38.2,-0.3426302699445687,4500,deep
LAT40.7_LON-38.3,-0.3427877355829234,4500,deep
LAT40.7_LON-38.6,-0.34087520726181475,4500,deep
LAT40.7_LON-38.7,-0.343409262194491,4500,deep
LAT40.7_LON-38.9,-0.34406739412697884,4500,deep
LAT40.7_LON-39.0,-0.3460978062781074,4500,deep
LAT40.7_LON-39.5,-0.3443910229916518,4500,deep
LAT40.7_LON-39.6,-0.3475698014202837,4500,deep
LAT40.7_LON-39.7,-0.33963875974990154,4500,deep
LAT40.7_LON-39.9,-0.341778589614076,4500,deep
LAT40.7_LON-40.0,-0.3454927901204475,4500,deep
LAT40.7_LON-40.1,-0.3452538658628345,4500,deep
LAT40.7_LON-40.2,-0.3433269821056786,4500,deep
LAT40.7_LON-40.3,-0.3462199064314376,4500,deep
LAT40.7_LON-40.7,-0.345276637807259,4500,deep
LAT40.7_LON-40.8,-0.3428681099259575,4500,deep
LAT40.7_LON-40.9,-0.3425166007142768,4500,deep
LAT40.7_LON-41.1,-0.3430011143922281,4500,deep
LAT40.7_LON-41.2,-0.3429355171642456,4500,deep
LAT40.7_LON-41.3,-0.3428294828728714,4500,deep
LAT40.7_LON-41.4,-0.34186189173005416,4500,deep
LAT40.7_LON-41.5,-0.34547808500704213,4500,deep
LAT40.7_LON-41.6,-0.3429442830341027,4500,deep
LAT40.7_LON-41.7,-0.3419797943163077,4500,deep
LAT40.7_LON-41.8,-0.3419803374805035,4500,deep
LAT40.7_LON-41.9,-0.3461671193350054,4500,deep
LAT40.7_LON-42.0,-0.3426531247012521,4500,deep
LAT40.7_LON-42.1,-0.3438330682079923,4500,deep
LAT40.7_LON-42.2,-0.3398778673490825,4500,deep
LAT40.7_LON-42.3,-0.3448056302697343,4500,deep
LAT40.7_LON-42.4,-0.34572974204756435,4500,deep
LAT40.7_LON-42.5,-0.34388707096673005,4500,deep
LAT40.7_LON-42.6,-0.3448293079746044,4500,deep
LAT40.7_LON-42.7,-0.34531555377583967,4500,deep
LAT40.7_LON-42.8,-0.3442776752273883,4500,deep
LAT40.7_LON-42.9,-0.3456030008011604,4500,deep
LAT40.7_LON-43.0,-0.3445829114255785,4500,deep
LAT40.7_LON-43.1,-0.3441082575427825,4500,deep
LAT40.7_LON-43.2,-0.34514806014367966,4500,deep
LAT40.7_LON-43.3,-0.3443416270776518,4500,deep
LAT40.7_LON-43.4,-0.3445507421367342,4500,deep
LAT40.7_LON-43.5,-0.34512236094165355,4500,deep
LAT40.7_LON-43.7,-0.34136316767327485,4500,deep
LAT40.7_LON-43.9,-0.34363513815554775,4500,deep
LAT40.7_LON-44.0,-0.3450891278789425,4500,deep
LAT40.7_LON-44.1,-0.3425268433000309,4500,deep
LAT40.7_LON-44.2,-0.3457714686922318,4500,deep
LAT40.7_LON-44.3,-0.33974426818524706,4500,deep
LAT40.7_LON-44.4,-0.3421767330642989,4500,deep
LAT40.7_LON-44.5,-0.3475698014202837,4500,deep
LAT40.7_LON-44.6,-0.34282501374777996,4500,deep
LAT40.7_LON-44.7,-0.34263000069126376,4500,deep
LAT40.7_LON-44.8,-0.3425166007142768,4500,deep
LAT40.7_LON-44.9,-0.34403372057316006,4500,deep
LAT40.7_LON-45.0,-0.34362065453845114,4500,deep
LAT40.8_LON-35.1,-0.341778589614076,4500,deep
LAT40.8_LON-35.2,-0.3446453215520043,4500,deep
LAT40.8_LON-35.3,-0.3474395069047317,4500,deep
LAT40.8_LON-35.4,-0.3401194310412954,4500,deep
LAT40.8_LON-35.6,-0.3445230028928542,4500,deep
LAT40.8_LON-35.7,-0.34255776992620024,4500,deep
LAT40.8_LON-35.8,-0.33891043250292696,4500,deep
LAT40.8_LON-35.9,-0.34789805416513947,4500,deep
LAT40.8_LON-36.0,-0.34449367487577837,4500,deep
LAT40.8_LON-36.1,-0.34228346646859636,4500,deep
LAT40.8_LON-36.2,-0.34514077455809195,4500,deep
LAT40.8_LON-36.3,-0.33962469242748566,4500,deep
LAT40.8_LON-36.4,-0.34331696012187046,4500,deep
LAT40.8_LON-36.7,-0.34082552165095414,4500,deep
LAT40.8_LON-36.8,-0.34514077455809195,4500,deep
LAT40.8_LON-36.9,-0.346252232260682,4500,deep
LAT40.8_LON-37.0,-0.34302958970678976,4500,deep
LAT40.8_LON-37.1,-0.3433075587022779,4500,deep
LAT40.8_LON-37.2,-0.3400019741384677,4500,deep
LAT40.8_LON-37.3,-0.3422567166520437,4500,deep
LAT40.8_LON-37.4,-0.34449833802661023,4500,deep
LAT40.8_LON-37.5,-0.34693972608836404,4500,deep
LAT40.8_LON-37.8,-0.34611684211395033,4500,deep
LAT40.8_LON-38.0,-0.34427301209398914,4500,deep
LAT40.8_LON-38.1,-0.34431163424659733,4500,deep
LAT40.8_LON-38.2,-0.34269259909887234,4500,deep
LAT40.8_LON-38.3,-0.34603051100798876,4500,deep
LAT40.8_LON-38.4,-0.3432082127551717,4500,deep
LAT40.8_LON-38.5,-0.3448446214829859,4500,deep
LAT40.8_LON-38.6,-0.34603051100798876,4500,deep
LAT40.8_LON-38.9,-0.3463076902950517,4500,deep
LAT40.8_LON-39.0,-0.3456656553828211,4500,deep
LAT40.8_LON-39.2,-0.34478710709004634,4500,deep
LAT40.8_LON-39.6,-0.3439397853076741,4500,deep
LAT40.8_LON-39.7,-0.3441743299027455,4500,deep
LAT40.8_LON-39.8,-0.3440152299341692,4500,deep
LAT40.8_LON-39.9,-0.34414078174829577,4500,deep
LAT40.8_LON-40.0,-0.3452643313872,4500,deep
LAT40.8_LON-40.1,-0.34348468750723193,4500,deep
LAT40.8_LON-40.3,-0.3435764793704391,4500,deep
LAT40.8_LON-40.4,-0.3443306708753716,4500,deep
LAT40.8_LON-40.5,-0.3440284894601866,4500,deep
LAT40.8_LON-40.8,-0.34235192805361325,4500,deep
LAT40.8_LON-41.0,-0.34498460825342986,4500,deep
LAT40.8_LON-41.1,-0.34574775224082444,4500,deep
LAT40.8_LON-41.2,-0.34213719146846255,4500,deep
LAT40.8_LON-41.3,-0.34603051100798876,4500,deep
LAT40.8_LON-41.5,-0.34601805197106555,4500,deep
LAT40.8_LON-41.6,-0.34506424646962475,4500,deep
LAT40.8_LON-41.7,-0.3411738082471233,4500,deep
LAT40.8_LON-41.8,-0.34442654274617146,4500,deep
LAT40.8_LON-41.9,-0.34337355462390007,4500,deep
LAT40.8_LON-42.0,-0.34514627304900736,4500,deep
LAT40.8_LON-42.3,-0.34176119188221205,4500,deep
LAT40.8_LON-42.4,-0.3440602999873024,4500,deep
LAT40.8_LON-42.6,-0.3450847370393294,4500,deep
LAT40.8_LON-42.8,-0.34496621434017705,4500,deep
LAT40.8_LON-43.0,-0.3413173553685051,4500,deep
LAT40.8_LON-43.1,-0.34679564540382574,4500,deep
LAT40.8_LON-43.2,-0.345793676846137,4500,deep
LAT40.8_LON-43.4,-0.3419163182984169,4500,deep
LAT40.8_LON-43.5,-0.3423824307981739,4500,deep
LAT40.8_LON-43.6,-0.3441385964144086,4500,deep
LAT40.8_LON-43.9,-0.3445450332751634,4500,deep
LAT40.8_LON-44.0,-0.34213719146846255,4500,deep
LAT40.8_LON-44.2,-0.34288381574580534,4500,deep
LAT40.8_LON-44.3,-0.34337978468728025,4500,deep
LAT40.8_LON-44.5,-0.34426647135884714,4500,deep
LAT40.8_LON-44.6,-0.34611684211395033,4500,deep
LAT40.8_LON-44.7,-0.3465112465491456,4500,deep
LAT40.8_LON-44.8,-0.3460458125771367,4500,deep
LAT40.8_LON-44.9,-0.34508880902819333,4500,deep
LAT40.8_LON-45.0,-0.34424050681084467,4500,deep
LAT40.9_LON-35.1,-0.34356930004474995,4500,deep
LAT40.9_LON-35.4,-0.3436222191815778,4500,deep
LAT40.9_LON-35.6,-0.33998176484735576,4500,deep
LAT40.9_LON-35.8,-0.34512031518369723,4500,deep
LAT40.9_LON-36.0,-0.3442776752273883,4500,deep
LAT40.9_LON-36.1,-0.34176119188221205,4500,deep
LAT40.9_LON-36.2,-0.34648938809696034,4500,deep
LAT40.9_LON-36.4,-0.34457341740111375,4500,deep
LAT40.9_LON-36.5,-0.34302958970678976,4500,deep
LAT40.9_LON-36.8,-0.34805561404745256,4500,deep
LAT40.9_LON-36.9,-0.34443050351706067,4500,deep
LAT40.9_LON-37.0,-0.34396148249217273,4500,deep
LAT40.9_LON-37.1,-0.343902293899254,4500,deep
LAT40.9_LON-37.2,-0.3443592481217961,4500,deep
LAT40.9_LON-37.5,-0.34523282991310905,4500,deep
LAT40.9_LON-37.6,-0.34496690592390905,4500,deep
LAT40.9_LON-37.9,-0.3433619462597321,4500,deep
LAT40.9_LON-38.1,-0.34413653766986974,4500,deep
LAT40.9_LON-38.2,-0.34287003033002156,4500,deep
LAT40.9_LON-38.3,-0.3399448209715496,4500,deep
LAT40.9_LON-38.4,-0.3432882959708113,4500,deep
LAT40.9_LON-38.5,-0.3435441890983626,4500,deep
LAT40.9_LON-38.6,-0.3475698014202837,4500,deep
LAT40.9_LON-38.7,-0.34229815395899044,4500,deep
LAT40.9_LON-38.9,-0.3449097324619125,4500,deep
LAT40.9_LON-39.0,-0.34393695586625195,4500,deep
LAT40.9_LON-39.1,-0.34504283851749373,4500,deep
LAT40.9_LON-39.2,-0.34514077455809195,4500,deep
LAT40.9_LON-39.3,-0.3446088521671953,4500,deep
LAT40.9_LON-39.6,-0.3428541891800785,4500,deep
LAT40.9_LON-39.7,-0.33935260013758756,4500,deep
LAT40.9_LON-39.8,-0.34330406144830816,4500,deep
LAT40.9_LON-40.0,-0.3427387695414428,4500,deep
LAT40.9_LON-40.2,-0.34425064984040815,4500,deep
LAT40.9_LON-40.3,-0.3450758462931729,4500,deep
LAT40.9_LON-40.5,-0.3444323729825073,4500,deep
LAT40.9_LON-40.6,-0.3455594226859742,4500,deep
LAT40.9_LON-40.7,-0.34591404685830224,4500,deep
LAT40.9_LON-40.8,-0.34301173959118914,4500,deep
LAT40.9_LON-40.9,-0.34270003078897604,4500,deep
LAT40.9_LON-41.1,-0.34469915518165806,4500,deep
LAT40.9_LON-41.2,-0.34328494197625753,4500,deep
LAT40.9_LON-41.3,-0.34294377375203433,4500,deep
LAT40.9_LON-41.4,-0.3465964237352984,4500,deep
LAT40.9_LON-41.5,-0.34319460667109963,4500,deep
LAT40.9_LON-41.6,-0.34119869644324957,4500,deep
LAT40.9_LON-41.7,-0.3449577188944357,4500,deep
LAT40.9_LON-42.0,-0.3436484166172922,4500,deep
LAT40.9_LON-42.2,-0.3434441219938536,4500,deep
LAT40.9_LON-42.5,-0.3459145126050792,4500,deep
LAT40.9_LON-42.7,-0.34425633076573486,4500,deep
LAT40.9_LON-42.9,-0.34339931792702905,4500,deep
LAT40.9_LON-43.0,-0.34256609327877674,4500,deep
LAT40.9_LON-43.3,-0.3462199064314376,4500,deep
LAT40.9_LON-43.4,-0.34482491492251954,4500,deep
LAT40.9_LON-43.5,-0.3439209695070274,4500,deep
LAT40.9_LON-43.6,-0.34653401594930394,4500,deep
LAT40.9_LON-43.7,-0.3428460630528386,4500,deep
LAT40.9_LON-43.8,-0.3429678774145093,4500,deep
LAT40.9_LON-43.9,-0.3456035636897469,4500,deep
LAT40.9_LON-44.0,-0.3438443622197101,4500,deep
LAT40.9_LON-44.2,-0.3396087880584176,4500,deep
LAT40.9_LON-44.3,-0.34397223800248694,4500,deep
LAT40.9_LON-44.5,-0.3444866272627406,4500,deep
LAT40.9_LON-44.7,-0.34420143993492847,4500,deep
LAT40.9_LON-44.8,-0.34294377375203433,4500,deep
LAT40.9_LON-44.9,-0.3419797943163077,4500,deep
LAT41.0_LON-35.0,-0.34724733304678856,4500,deep
LAT41.0_LON-35.1,-0.345276637807259,4500,deep
LAT41.0_LON-35.4,-0.3429408848521703,4500,deep
LAT41.0_LON-35.7,-0.33961005753133855,4500,deep
LAT41.0_LON-35.8,-0.3452037370698213,4500,deep
LAT41.0_LON-35.9,-0.34508880902819333,4500,deep
LAT41.0_LON-36.0,-0.3432447732950394,4500,deep
LAT41.0_LON-36.3,-0.34066313749728894,4500,deep
LAT41.0_LON-36.4,-0.34557927143789996,4500,deep
LAT41.0_LON-36.6,-0.3432279839839679,4500,deep
LAT41.0_LON-36.7,-0.3446300439568249,4500,deep
LAT41.0_LON-36.9,-0.3428460630528386,4500,deep
LAT41.0_LON-37.1,-0.34584329717821305,4500,deep
LAT41.0_LON-37.2,-0.34393264608909835,4500,deep
LAT41.0_LON-37.5,-0.3437237975866694,4500,deep
LAT41.0_LON-37.7,-0.3466154685584836,4500,deep
LAT41.0_LON-37.8,-0.34818844649905345,4500,deep
LAT41.0_LON-38.0,-0.3441944826000878,4500,deep
LAT41.0_LON-38.2,-0.3404904806300104,4500,deep
LAT41.0_LON-38.3,-0.3426585223133627,4500,deep
LAT41.0_LON-38.5,-0.3450411340384967,4500,deep
LAT41.0_LON-38.7,-0.3446066755060365,4500,deep
LAT41.0_LON-38.8,-0.3446810069087047,4500,deep
LAT41.0_LON-39.6,-0.34754025141700284,4500,deep
LAT41.0_LON-39.7,-0.34184795520586725,4500,deep
LAT41.0_LON-39.9,-0.34590801606950167,4500,deep
LAT41.0_LON-40.0,-0.3444323729825073,4500,deep
LAT41.0_LON-40.1,-0.34368926686127377,4500,deep
LAT41.0_LON-40.4,-0.34537706641804133,4500,deep
LAT41.0_LON-40.5,-0.3426531247012521,4500,deep
LAT41.0_LON-40.7,-0.34331696012187046,4500,deep
LAT41.0_LON-40.8,-0.34338208590438896,4500,deep
LAT41.0_LON-41.0,-0.34706188676904753,4500,deep
LAT41.0_LON-41.1,-0.3434399046343602,4500,deep
LAT41.0_LON-41.2,-0.34514077455809195,4500,deep
LAT41.0_LON-41.3,-0.3451413668178593,4500,deep
LAT41.0_LON-41.5,-0.34199282302051726,4500,deep
LAT41.0_LON-41.7,-0.34330406144830816,4500,deep
LAT41.0_LON-41.8,-0.3458751460681386,4500,deep
LAT41.0_LON-41.9,-0.34523282991310905,4500,deep
LAT41.0_LON-42.0,-0.34224201144541616,4500,deep
LAT41.0_LON-42.1,-0.34631913459320873,4500,deep
LAT41.0_LON-42.2,-0.3461539836487382,4500,deep
LAT41.0_LON-42.3,-0.34294377375203433,4500,deep
LAT41.0_LON-42.4,-0.34663798702431986,4500,deep
LAT41.0_LON-42.5,-0.3417839135815705,4500,deep
LAT41.0_LON-42.7,-0.34609036842508106,4500,deep
LAT41.0_LON-42.8,-0.33932344545270055,4500,deep
LAT41.0_LON-43.0,-0.3412163104442927,4500,deep
LAT41.0_LON-43.1,-0.3485745478129209,4500,deep
LAT41.0_LON-43.2,-0.34714309513042435,4500,deep
LAT41.0_LON-43.3,-0.33883960075275793,4500,deep
LAT41.0_LON-43.4,-0.34581263722010896,4500,deep
LAT41.0_LON-43.5,-0.34076818654696417,4500,deep
LAT41.0_LON-43.7,-0.3471811496167998,4500,deep
LAT41.0_LON-43.9,-0.34455381180310624,4500,deep
LAT41.0_LON-44.1,-0.34632930522423855,4500,deep
LAT41.0_LON-44.2,-0.34305551442251137,4500,deep
LAT41.0_LON-44.4,-0.3461609771146448,4500,deep
LAT41.0_LON-44.6,-0.34302958970678976,4500,deep
LAT41.0_LON-44.8,-0.34429482340312023,4500,deep
LAT41.1_LON-35.3,-0.3426531247012521,4500,deep
LAT41.1_LON-35.4,-0.3434672190502516,4500,deep
LAT41.1_LON-35.5,-0.3482426793511845,4500,deep
LAT41.1_LON-35.7,-0.3441743299027455,4500,deep
LAT41.1_LON-36.2,-0.3476776264777703,4500,deep
LAT41.1_LON-36.5,-0.34771301322298054,4500,deep
LAT41.1_LON-36.7,-0.3440064972541258,4500,deep
LAT41.1_LON-36.8,-0.3456228732398452,4500,deep
LAT41.1_LON-36.9,-0.34504978872377223,4500,deep
LAT41.1_LON-37.1,-0.34199458024995516,4500,deep
LAT41.1_LON-37.2,-0.34339346562019457,4500,deep
LAT41.1_LON-37.4,-0.34342857647456493,4500,deep
LAT41.1_LON-37.5,-0.3428917123244198,4500,deep
LAT41.1_LON-37.7,-0.3412266874263399,4500,deep
LAT41.1_LON-37.8,-0.34213719146846255,4500,deep
LAT41.1_LON-37.9,-0.34179210490868134,4500,deep
LAT41.1_LON-38.0,-0.34391086370838436,4500,deep
LAT41.1_LON-38.1,-0.3452357653335649,4500,deep
LAT41.1_LON-38.2,-0.3430561761912781,4500,deep
LAT41.1_LON-38.3,-0.3399448209715496,4500,deep
LAT41.1_LON-38.5,-0.3457406786235657,4500,deep
LAT41.1_LON-38.8,-0.34342681791987467,4500,deep
LAT41.1_LON-39.0,-0.3445507421367342,4500,deep
LAT41.1_LON-39.2,-0.3445844582279414,4500,deep
LAT41.1_LON-39.3,-0.346766507739428,4500,deep
LAT41.1_LON-39.5,-0.3424730487269474,4500,deep
LAT41.1_LON-39.8,-0.34737547551854175,4500,deep
LAT41.1_LON-39.9,-0.3483687665721638,4500,deep
LAT41.1_LON-40.0,-0.3443937674740962,4500,deep
LAT41.1_LON-40.1,-0.3437533933787122,4500,deep
LAT41.1_LON-40.3,-0.3437630426295253,4500,deep
LAT41.1_LON-40.4,-0.34590407833658376,4500,deep
LAT41.1_LON-40.5,-0.34428664812477394,4500,deep
LAT41.1_LON-40.7,-0.34457341740111375,4500,deep
LAT41.1_LON-40.8,-0.3439020588869496,4500,deep
LAT41.1_LON-41.0,-0.34456252703322177,4500,deep
LAT41.1_LON-41.3,-0.3434832597832517,4500,deep
LAT41.1_LON-41.5,-0.3419768069045737,4500,deep
LAT41.1_LON-41.9,-0.3417607634206315,4500,deep
LAT41.1_LON-42.1,-0.3447610371461275,4500,deep
LAT41.1_LON-42.3,-0.3436222191815778,4500,deep
LAT41.1_LON-42.4,-0.3475698014202837,4500,deep
LAT41.1_LON-42.5,-0.34387271264635444,4500,deep
LAT41.1_LON-42.6,-0.3425192890199562,4500,deep
LAT41.1_LON-42.7,-0.34621408584730395,4500,deep
LAT41.1_LON-42.8,-0.34361642699541295,4500,deep
LAT41.1_LON-42.9,-0.34302958970678976,4500,deep
LAT41.1_LON-43.0,-0.34439381953406234,4500,deep
LAT41.1_LON-43.1,-0.3433883565810556,4500,deep
LAT41.1_LON-43.2,-0.34198406869747044,4500,deep
LAT41.1_LON-43.3,-0.3447423500740294,4500,deep
LAT41.1_LON-43.4,-0.3431629167278796,4500,deep
LAT41.1_LON-43.5,-0.34155181639328824,4500,deep
LAT41.1_LON-43.6,-0.3436114847119871,4500,deep
LAT41.1_LON-43.7,-0.3426531247012521,4500,deep
LAT41.1_LON-43.8,-0.3438518878321881,4500,deep
LAT41.1_LON-44.0,-0.34750176193576066,4500,deep
LAT41.1_LON-44.1,-0.343957936859453,4500,deep
LAT41.1_LON-44.2,-0.3436901102303118,4500,deep
LAT41.1_LON-44.3,-0.3458278375137458,4500,deep
LAT41.1_LON-44.7,-0.34712244874143733,4500,deep
LAT41.1_LON-44.9,-0.3425559239082893,4500,deep
LAT41.2_LON-35.3,-0.3426531247012521,4500,deep
LAT41.2_LON-35.5,-0.3455185102352677,4500,deep
LAT41.2_LON-35.8,-0.33788292799151226,4500,deep
LAT41.2_LON-35.9,-0.34302958970678976,4500,deep
LAT41.2_LON-36.1,-0.34443050351706067,4500,deep
LAT41.2_LON-36.2,-0.34491542153593735,4500,deep
LAT41.2_LON-36.4,-0.34331696012187046,4500,deep
LAT41.2_LON-36.5,-0.339834256074375,4500,deep
LAT41.2_LON-36.6,-0.3456105284521951,4500,deep
LAT41.2_LON-36.7,-0.3419754738327596,4500,deep
LAT41.2_LON-36.9,-0.3428216536575818,4500,deep
LAT41.2_LON-37.0,-0.34342857647456493,4500,deep
LAT41.2_LON-37.1,-0.3425166007142768,4500,deep
LAT41.2_LON-37.2,-0.34332324429803524,4500,deep
LAT41.2_LON-37.3,-0.3428233390510082,4500,deep
LAT41.2_LON-37.4,-0.3466142098269644,4500,deep
LAT41.2_LON-37.5,-0.34339109184244987,4500,deep
LAT41.2_LON-37.6,-0.34231996418318505,4500,deep
LAT41.2_LON-37.7,-0.34287670337429904,4500,deep
LAT41.2_LON-38.1,-0.34425935544111225,4500,deep
LAT41.2_LON-38.3,-0.3443283590864712,4500,deep
LAT41.2_LON-38.4,-0.34339630180688374,4500,deep
LAT41.2_LON-38.5,-0.3426531247012521,4500,deep
LAT41.2_LON-38.7,-0.342998011917476,4500,deep
LAT41.2_LON-38.9,-0.3426094453008901,4500,deep
LAT41.2_LON-39.0,-0.34137289937001364,4500,deep
LAT41.2_LON-39.1,-0.34565249807144843,4500,deep
LAT41.2_LON-39.5,-0.33946097361172967,4500,deep
LAT41.2_LON-39.9,-0.34247019128693296,4500,deep
LAT41.2_LON-40.0,-0.3424736282323026,4500,deep
LAT41.2_LON-40.1,-0.3439020588869496,4500,deep
LAT41.2_LON-40.2,-0.3458680839196608,4500,deep
LAT41.2_LON-40.3,-0.3415971785378047,4500,deep
LAT41.2_LON-40.4,-0.34339331508506543,4500,deep
LAT41.2_LON-40.6,-0.3399805700045315,4500,deep
LAT41.2_LON-40.8,-0.3442260124218415,4500,deep
LAT41.2_LON-41.1,-0.34407777324800326,4500,deep
LAT41.2_LON-41.5,-0.34105788146494753,4500,deep
LAT41.2_LON-41.6,-0.3433275985643427,4500,deep
LAT41.2_LON-41.7,-0.34337232047413363,4500,deep
LAT41.2_LON-42.0,-0.341778589614076,4500,deep
LAT41.2_LON-42.1,-0.34176119188221205,4500,deep
LAT41.2_LON-42.2,-0.33903098617113,4500,deep
LAT41.2_LON-42.3,-0.34198406869747044,4500,deep
LAT41.2_LON-42.6,-0.3434217142772764,4500,deep
LAT41.2_LON-42.7,-0.34277721622950713,4500,deep
LAT41.2_LON-42.8,-0.3442776752273883,4500,deep
LAT41.2_LON-42.9,-0.3439177168391145,4500,deep
LAT41.2_LON-43.0,-0.3445507421367342,4500,deep
LAT41.2_LON-43.1,-0.3449877183811575,4500,deep
LAT41.2_LON-43.3,-0.34331126248940813,4500,deep
LAT41.2_LON-43.5,-0.3413333366795656,4500,deep
LAT41.2_LON-43.6,-0.3424821788477666,4500,deep
LAT41.2_LON-43.7,-0.3442831897157188,4500,deep
LAT41.2_LON-43.8,-0.339949769011719,4500,deep
LAT41.2_LON-44.0,-0.34464653890626185,4500,deep
LAT41.2_LON-44.1,-0.34520004904930834,4500,deep
LAT41.2_LON-44.2,-0.3430765885695177,4500,deep
LAT41.2_LON-44.3,-0.34508513719650036,4500,deep
LAT41.2_LON-44.5,-0.3464505703208275,4500,deep
LAT41.2_LON-44.6,-0.344471818282546,4500,deep
LAT41.2_LON-44.7,-0.34462554954154223,4500,deep
LAT41.2_LON-44.9,-0.34193143952423144,4500,deep
LAT41.2_LON-45.0,-0.34444617846397657,4500,deep
LAT41.3_LON-35.1,-0.34508880902819333,4500,deep
LAT41.3_LON-35.2,-0.34302958970678976,4500,deep
LAT41.3_LON-35.3,-0.3388083424750666,4500,deep
LAT41.3_LON-35.4,-0.34586897995697347,4500,deep
LAT41.3_LON-35.6,-0.3470633798548182,4500,deep
LAT41.3_LON-35.7,-0.3441748824913921,4500,deep
LAT41.3_LON-35.8,-0.34388734514423147,4500,deep
LAT41.3_LON-35.9,-0.34339109184244987,4500,deep
LAT41.3_LON-36.0,-0.344584125675529,4500,deep
LAT41.3_LON-36.1,-0.34458300757665117,4500,deep
LAT41.3_LON-36.2,-0.3449577188944357,4500,deep
LAT41.3_LON-36.3,-0.34144244681398217,4500,deep
LAT41.3_LON-36.5,-0.34231996418318505,4500,deep
LAT41.3_LON-36.6,-0.341778589614076,4500,deep
LAT41.3_LON-36.7,-0.3461539836487382,4500,deep
LAT41.3_LON-36.8,-0.3401194310412954,4500,deep
LAT41.3_LON-36.9,-0.34211547354608,4500,deep
LAT41.3_LON-37.0,-0.34405038959867573,4500,deep
LAT41.3_LON-37.1,-0.3430639771939438,4500,deep
LAT41.3_LON-37.2,-0.3408012803810343,4500,deep
LAT41.3_LON-37.3,-0.34444617846397657,4500,deep
LAT41.3_LON-37.4,-0.3408725419054099,4500,deep
LAT41.3_LON-37.6,-0.3418153401161683,4500,deep
LAT41.3_LON-37.8,-0.34358268850430446,4500,deep
LAT41.3_LON-37.9,-0.3443276887111963,4500,deep
LAT41.3_LON-38.0,-0.3424231323226887,4500,deep
LAT41.3_LON-38.2,-0.3437402945451422,4500,deep
LAT41.3_LON-38.3,-0.3419632826827501,4500,deep
LAT41.3_LON-38.4,-0.34455381180310624,4500,deep
LAT41.3_LON-38.5,-0.3426627655884694,4500,deep
LAT41.3_LON-38.6,-0.344847151679778,4500,deep
LAT41.3_LON-38.7,-0.34382868763618435,4500,deep
LAT41.3_LON-39.2,-0.3450137778877932,4500,deep
LAT41.3_LON-39.3,-0.34167522884954715,4500,deep
LAT41.3_LON-39.4,-0.34866691847749137,4500,deep
LAT41.3_LON-39.7,-0.34601805197106555,4500,deep
LAT41.3_LON-39.8,-0.34638455704236937,4500,deep
LAT41.3_LON-40.6,-0.3443910229916518,4500,deep
LAT41.3_LON-40.8,-0.3429442830341027,4500,deep
LAT41.3_LON-40.9,-0.34227465961881176,4500,deep
LAT41.3_LON-41.0,-0.34393264608909835,4500,deep
LAT41.3_LON-41.1,-0.34498460825342986,4500,deep
LAT41.3_LON-41.3,-0.3411239289419536,4500,deep
LAT41.3_LON-41.4,-0.3432200680893911,4500,deep
LAT41.3_LON-41.6,-0.3461671193350054,4500,deep
LAT41.3_LON-41.8,-0.34348203134255856,4500,deep
LAT41.3_LON-41.9,-0.3432082127551717,4500,deep
LAT41.3_LON-42.1,-0.34464653890626185,4500,deep
LAT41.3_LON-42.2,-0.34511906061086284,4500,deep
LAT41.3_LON-42.3,-0.34442032974892445,4500,deep
LAT41.3_LON-42.4,-0.3406596647534864,4500,deep
LAT41.3_LON-42.5,-0.3450604752350032,4500,deep
LAT41.3_LON-42.7,-0.34676235505973746,4500,deep
LAT41.3_LON-42.9,-0.34339202264004265,4500,deep
LAT41.3_LON-43.0,-0.34339346562019457,4500,deep
LAT41.3_LON-43.1,-0.34609886162550724,4500,deep
LAT41.3_LON-43.3,-0.34879880109006883,4500,deep
LAT41.3_LON-43.4,-0.3466154685584836,4500,deep
LAT41.3_LON-43.5,-0.34331665798052885,4500,deep
LAT41.3_LON-43.6,-0.3475698014202837,4500,deep
LAT41.3_LON-43.8,-0.34586897995697347,4500,deep
LAT41.3_LON-44.1,-0.3463279570757828,4500,deep
LAT41.3_LON-44.2,-0.34394907339309655,4500,deep
LAT41.3_LON-44.4,-0.3433586124310857,4500,deep
LAT41.3_LON-44.5,-0.3423611816830552,4500,deep
LAT41.3_LON-44.6,-0.3416433196394438,4500,deep
LAT41.3_LON-44.7,-0.34414444450048165,4500,deep
LAT41.3_LON-44.8,-0.34493799683885706,4500,deep
LAT41.3_LON-44.9,-0.3437237975866694,4500,deep
LAT41.4_LON-35.1,-0.34312943960382114,4500,deep
LAT41.4_LON-35.3,-0.3461539836487382,4500,deep
LAT41.4_LON-35.4,-0.34362426195031726,4500,deep
LAT41.4_LON-35.6,-0.34185488325750896,4500,deep
LAT41.4_LON-35.7,-0.34448968638291344,4500,deep
LAT41.4_LON-35.8,-0.3421176036989166,4500,deep
LAT41.4_LON-35.9,-0.3466154685584836,4500,deep
LAT41.4_LON-36.2,-0.3449046663860303,4500,deep
LAT41.4_LON-36.3,-0.3434000966616631,4500,deep
LAT41.4_LON-36.5,-0.3454337606786217,4500,deep
LAT41.4_LON-36.6,-0.34591404685830224,4500,deep
LAT41.4_LON-36.9,-0.3412561802948495,4500,deep
LAT41.4_LON-37.0,-0.3425559239082893,4500,deep
LAT41.4_LON-37.2,-0.34399467076692314,4500,deep
LAT41.4_LON-37.4,-0.34138980233183286,4500,deep
LAT41.4_LON-37.5,-0.3445507421367342,4500,deep
LAT41.4_LON-37.6,-0.34546369558366324,4500,deep
LAT41.4_LON-37.7,-0.34443186027858796,4500,deep
LAT41.4_LON-37.8,-0.3443910229916518,4500,deep
LAT41.4_LON-37.9,-0.34401622951864425,4500,deep
LAT41.4_LON-38.0,-0.34597293103935123,4500,deep
LAT41.4_LON-38.1,-0.3397012293084563,4500,deep
LAT41.4_LON-38.2,-0.3396363628871878,4500,deep
LAT41.4_LON-38.4,-0.3482983522006826,4500,deep
LAT41.4_LON-38.5,-0.34518627493619936,4500,deep
LAT41.4_LON-38.6,-0.34176119188221205,4500,deep
LAT41.4_LON-38.8,-0.3454895548974981,4500,deep
LAT41.4_LON-39.2,-0.3482946612291063,4500,deep
LAT41.4_LON-39.7,-0.3435134302650268,4500,deep
LAT41.4_LON-40.3,-0.3435217227325833,4500,deep
LAT41.4_LON-40.5,-0.34546369558366324,4500,deep
LAT41.4_LON-40.9,-0.34769864497301356,4500,deep
LAT41.4_LON-41.0,-0.3504714094774609,4500,deep
LAT41.4_LON-41.1,-0.3411022351750585,4500,deep
LAT41.4_LON-41.2,-0.34452416443816053,4500,deep
LAT41.4_LON-41.5,-0.34219167032476117,4500,deep
LAT41.4_LON-41.6,-0.33941767457771266,4500,deep
LAT41.4_LON-41.7,-0.34444617846397657,4500,deep
LAT41.4_LON-41.8,-0.3400019741384677,4500,deep
LAT41.4_LON-41.9,-0.34426936529893903,4500,deep
LAT41.4_LON-42.2,-0.3434911633419486,4500,deep
LAT41.4_LON-42.3,-0.3453739101546335,4500,deep
LAT41.4_LON-42.4,-0.3414175492535737,4500,deep
LAT41.4_LON-42.5,-0.3450145394333849,4500,deep
LAT41.4_LON-42.6,-0.3436294315355481,4500,deep
LAT41.4_LON-42.7,-0.3471789331393552,4500,deep
LAT41.4_LON-42.8,-0.34866691847749137,4500,deep
LAT41.4_LON-43.0,-0.34351013067198705,4500,deep
LAT41.4_LON-43.1,-0.3456573383523863,4500,deep
LAT41.4_LON-43.2,-0.3442762661485803,4500,deep
LAT41.4_LON-43.3,-0.34377212891740255,4500,deep
LAT41.4_LON-43.4,-0.34287670337429904,4500,deep
LAT41.4_LON-43.7,-0.3410447053070869,4500,deep
LAT41.4_LON-43.9,-0.3399299704276678,4500,deep
LAT41.4_LON-44.0,-0.3439397853076741,4500,deep
LAT41.4_LON-44.2,-0.3423565276522635,4500,deep
LAT41.4_LON-44.3,-0.343423322416221,4500,deep
LAT41.4_LON-44.4,-0.3434473682392807,4500,deep
LAT41.4_LON-44.5,-0.3412103563015363,4500,deep
LAT41.4_LON-44.6,-0.3442776752273883,4500,deep
LAT41.4_LON-44.7,-0.34281113280683817,4500,deep
LAT41.4_LON-44.8,-0.34428953149915337,4500,deep
LAT41.4_LON-44.9,-0.3436760173221294,4500,deep
LAT41.4_LON-45.0,-0.33935260013758756,4500,deep
LAT41.5_LON-35.1,-0.3459937234454771,4500,deep
LAT41.5_LON-35.3,-0.3414512589746235,4500,deep
LAT41.5_LON-35.4,-0.3441385964144086,4500,deep
LAT41.5_LON-35.5,-0.3433838098290799,4500,deep
LAT41.5_LON-35.6,-0.34340056688164255,4500,deep
LAT41.5_LON-35.7,-0.3439999645643786,4500,deep
LAT41.5_LON-35.8,-0.34222842204579285,4500,deep
LAT41.5_LON-36.1,-0.34209368871376555,4500,deep
LAT41.5_LON-36.4,-0.34493400048118966,4500,deep
LAT41.5_LON-36.5,-0.3401194310412954,4500,deep
LAT41.5_LON-36.6,-0.3426531247012521,4500,deep
LAT41.5_LON-37.1,-0.3425148367491104,4500,deep
LAT41.5_LON-37.2,-0.3423293722587789,4500,deep
LAT41.5_LON-37.4,-0.3436222191815778,4500,deep
LAT41.5_LON-37.5,-0.3452037370698213,4500,deep
LAT41.5_LON-38.0,-0.3429676071439126,4500,deep
LAT41.5_LON-38.1,-0.34405340128734335,4500,deep
LAT41.5_LON-38.4,-0.34293757585761114,4500,deep
LAT41.5_LON-38.5,-0.344532310373234,4500,deep
LAT41.5_LON-38.6,-0.34445979869827875,4500,deep
LAT41.5_LON-38.8,-0.34113396322877787,4500,deep
LAT41.5_LON-39.0,-0.3438412708024163,4500,deep
LAT41.5_LON-39.6,-0.345256787586159,4500,deep
LAT41.5_LON-39.7,-0.34082264688895575,4500,deep
LAT41.5_LON-40.2,-0.34398172053477044,4500,deep
LAT41.5_LON-40.3,-0.3412163104442927,4500,deep
LAT41.5_LON-40.4,-0.34294377375203433,4500,deep
LAT41.5_LON-40.9,-0.3439849187947719,4500,deep
LAT41.5_LON-41.1,-0.3476376277276707,4500,deep
LAT41.5_LON-41.2,-0.34144268926210075,4500,deep
LAT41.5_LON-41.4,-0.34277718877124885,4500,deep
LAT41.5_LON-41.5,-0.34421164615354655,4500,deep
LAT41.5_LON-41.6,-0.3441256712567,4500,deep
LAT41.5_LON-41.7,-0.3440716270699843,4500,deep
LAT41.5_LON-41.8,-0.34536361314858066,4500,deep
LAT41.5_LON-41.9,-0.343046613830906,4500,deep
LAT41.5_LON-42.1,-0.3424522574759473,4500,deep
LAT41.5_LON-42.2,-0.34453319430185037,4500,deep
LAT41.5_LON-42.3,-0.34660868175177817,4500,deep
LAT41.5_LON-42.4,-0.3427310100468177,4500,deep
LAT41.5_LON-42.5,-0.3439205701196053,4500,deep
LAT41.5_LON-42.6,-0.3437251511083127,4500,deep
LAT41.5_LON-42.7,-0.34335785061392254,4500,deep
LAT41.5_LON-42.9,-0.34294377375203433,4500,deep
LAT41.5_LON-43.0,-0.3431283843567751,4500,deep
LAT41.5_LON-43.1,-0.3422507596690979,4500,deep
LAT41.5_LON-43.2,-0.3419797943163077,4500,deep
LAT41.5_LON-43.4,-0.3439397853076741,4500,deep
LAT41.5_LON-43.5,-0.345793676846137,4500,deep
LAT41.5_LON-43.6,-0.34464653890626185,4500,deep
LAT41.5_LON-43.7,-0.3476448938619515,4500,deep
LAT41.5_LON-43.8,-0.3428160696868488,4500,deep
LAT41.5_LON-44.0,-0.345138982865888,4500,deep
LAT41.5_LON-44.1,-0.3385001424834672,4500,deep
LAT41.5_LON-44.2,-0.3504714094774609,4500,deep
LAT41.5_LON-44.4,-0.34331530380186615,4500,deep
LAT41.5_LON-44.5,-0.34634748069474697,4500,deep
LAT41.5_LON-44.6,-0.3447931932652767,4500,deep
LAT41.5_LON-44.7,-0.3467929540900576,4500,deep
LAT41.5_LON-44.8,-0.3452333195885133,4500,deep
LAT41.5_LON-44.9,-0.3417760898788533,4500,deep
LAT41.5_LON-45.0,-0.34481862661279383,4500,deep
LAT41.6_LON-35.0,-0.34805561404745256,4500,deep
LAT41.6_LON-35.1,-0.34001354865787914,4500,deep
LAT41.6_LON-35.2,-0.3438347847872472,4500,deep
LAT41.6_LON-35.7,-0.34287349740504874,4500,deep
LAT41.6_LON-35.9,-0.34413340441010337,4500,deep
LAT41.6_LON-36.0,-0.34704701974581414,4500,deep
LAT41.6_LON-36.1,-0.34231996418318505,4500,deep
LAT41.6_LON-36.7,-0.3399118058584953,4500,deep
LAT41.6_LON-36.9,-0.34507206525688083,4500,deep
LAT41.6_LON-37.0,-0.3490545186025658,4500,deep
LAT41.6_LON-37.1,-0.3444323729825073,4500,deep
LAT41.6_LON-37.2,-0.343318881241313,4500,deep
LAT41.6_LON-37.4,-0.3441743299027455,4500,deep
LAT41.6_LON-37.5,-0.3425559239082893,4500,deep
LAT41.6_LON-37.6,-0.34397223800248694,4500,deep
LAT41.6_LON-38.2,-0.3417760898788533,4500,deep
LAT41.6_LON-38.3,-0.3439999645643786,4500,deep
LAT41.6_LON-38.4,-0.3452037370698213,4500,deep
LAT41.6_LON-38.5,-0.34105788146494753,4500,deep
LAT41.6_LON-38.6,-0.34704701974581414,4500,deep
LAT41.6_LON-38.7,-0.345864559715131,4500,deep
LAT41.6_LON-38.8,-0.34514077455809195,4500,deep
LAT41.6_LON-39.1,-0.34455367895998606,4500,deep
LAT41.6_LON-39.3,-0.34450052321670355,4500,deep
LAT41.6_LON-39.4,-0.3434821920764879,4500,deep
LAT41.6_LON-39.6,-0.34706188676904753,4500,deep
LAT41.6_LON-39.7,-0.3459937234454771,4500,deep
LAT41.6_LON-39.9,-0.3411239289419536,4500,deep
LAT41.6_LON-40.0,-0.3413806499264653,4500,deep
LAT41.6_LON-40.3,-0.3403602948839269,4500,deep
LAT41.6_LON-40.4,-0.3458680839196608,4500,deep
LAT41.6_LON-40.9,-0.34377212891740255,4500,deep
LAT41.6_LON-41.0,-0.3411639819014396,4500,deep
LAT41.6_LON-41.4,-0.34706188676904753,4500,deep
LAT41.6_LON-41.5,-0.3428994237981531,4500,deep
LAT41.6_LON-41.7,-0.34455381180310624,4500,deep
LAT41.6_LON-41.8,-0.34422746871570453,4500,deep
LAT41.6_LON-42.0,-0.3441060535998326,4500,deep
LAT41.6_LON-42.1,-0.34356257826739994,4500,deep
LAT41.6_LON-42.2,-0.34350037221435703,4500,deep
LAT41.6_LON-42.4,-0.34407777324800326,4500,deep
LAT41.6_LON-42.6,-0.3465964237352984,4500,deep
LAT41.6_LON-42.8,-0.343908916676766,4500,deep
LAT41.6_LON-42.9,-0.3400353616028766,4500,deep
LAT41.6_LON-43.2,-0.3469864650643362,4500,deep
LAT41.6_LON-43.3,-0.3456030008011604,4500,deep
LAT41.6_LON-43.4,-0.34339109184244987,4500,deep
LAT41.6_LON-43.5,-0.34373652143290606,4500,deep
LAT41.6_LON-43.6,-0.3437505815356894,4500,deep
LAT41.6_LON-43.7,-0.34714309513042435,4500,deep
LAT41.6_LON-43.8,-0.3399583951328483,4500,deep
LAT41.6_LON-43.9,-0.34620433694651725,4500,deep
LAT41.6_LON-44.0,-0.3379739507557396,4500,deep
LAT41.6_LON-44.1,-0.3454766447197053,4500,deep
LAT41.6_LON-44.2,-0.3444823850643184,4500,deep
LAT41.6_LON-44.3,-0.341778589614076,4500,deep
LAT41.6_LON-44.4,-0.3426531247012521,4500,deep
LAT41.6_LON-44.5,-0.3476376277276707,4500,deep
LAT41.6_LON-44.6,-0.3449877183811575,4500,deep
LAT41.6_LON-44.7,-0.34411811345900073,4500,deep
LAT41.6_LON-44.9,-0.34095070251137327,4500,deep
LAT41.6_LON-45.0,-0.3438730620375836,4500,deep
LAT41.7_LON-35.0,-0.3437707810628953,4500,deep
LAT41.7_LON-35.1,-0.3458991955855226,4500,deep
LAT41.7_LON-35.3,-0.34053219891602104,4500,deep
LAT41.7_LON-35.4,-0.3414418292773257,4500,deep
LAT41.7_LON-35.7,-0.34310241827860144,4500,deep
LAT41.7_LON-35.8,-0.34124679292244553,4500,deep
LAT41.7_LON-36.1,-0.3433683663565343,4500,deep
LAT41.7_LON-36.3,-0.3419797943163077,4500,deep
LAT41.7_LON-36.6,-0.3430460465502938,4500,deep
LAT41.7_LON-36.7,-0.34399467076692314,4500,deep
LAT41.7_LON-36.8,-0.34518627493619936,4500,deep
LAT41.7_LON-37.0,-0.34361504338991333,4500,deep
LAT41.7_LON-37.1,-0.35166270392017557,4500,deep
LAT41.7_LON-37.2,-0.341778589614076,4500,deep
LAT41.7_LON-37.3,-0.34429731757237014,4500,deep
LAT41.7_LON-37.8,-0.34586897995697347,4500,deep
LAT41.7_LON-37.9,-0.344867724009969,4500,deep
LAT41.7_LON-38.0,-0.3440896647956592,4500,deep
LAT41.7_LON-38.1,-0.33903098617113,4500,deep
LAT41.7_LON-38.3,-0.3463504771328621,4500,deep
LAT41.7_LON-38.5,-0.33951321208680435,4500,deep
LAT41.7_LON-38.6,-0.3430224853652209,4500,deep
LAT41.7_LON-38.8,-0.3444386633452001,4500,deep
LAT41.7_LON-38.9,-0.34557927143789996,4500,deep
LAT41.7_LON-39.0,-0.34339630180688374,4500,deep
LAT41.7_LON-39.1,-0.3443225013430926,4500,deep
LAT41.7_LON-39.2,-0.341778589614076,4500,deep
LAT41.7_LON-39.5,-0.34606867438210664,4500,deep
LAT41.7_LON-39.7,-0.34551923222302694,4500,deep
LAT41.7_LON-39.8,-0.34555159214511283,4500,deep
LAT41.7_LON-39.9,-0.34484010346313476,4500,deep
LAT41.7_LON-40.0,-0.34456495063407344,4500,deep
LAT41.7_LON-40.8,-0.3443142489865937,4500,deep
LAT41.7_LON-41.2,-0.3445174625097724,4500,deep
LAT41.7_LON-41.3,-0.3437259888765722,4500,deep
LAT41.7_LON-41.4,-0.34712244874143733,4500,deep
LAT41.7_LON-41.6,-0.34180439991531936,4500,deep
LAT41.7_LON-41.7,-0.3434526930667859,4500,deep
LAT41.7_LON-42.1,-0.3450988605457548,4500,deep
LAT41.7_LON-42.2,-0.34363196898596526,4500,deep
LAT41.7_LON-42.3,-0.34372692580039,4500,deep
LAT41.7_LON-42.4,-0.34346757751527285,4500,deep
LAT41.7_LON-42.6,-0.3431712994213063,4500,deep
LAT41.7_LON-42.7,-0.34563592490850814,4500,deep
LAT41.7_LON-42.8,-0.3450245896325685,4500,deep
LAT41.7_LON-42.9,-0.34451839317366195,4500,deep
LAT41.7_LON-43.1,-0.34527012745545144,4500,deep
LAT41.7_LON-43.2,-0.34346757751527285,4500,deep
LAT41.7_LON-43.4,-0.34112600485887,4500,deep
LAT41.7_LON-43.5,-0.34336806534995756,4500,deep
LAT41.7_LON-43.6,-0.3470012690799451,4500,deep
LAT41.7_LON-43.7,-0.3439849187947719,4500,deep
LAT41.7_LON-44.0,-0.3433865007387214,4500,deep
LAT41.7_LON-44.1,-0.3439397853076741,4500,deep
LAT41.7_LON-44.2,-0.3459937234454771,4500,deep
LAT41.7_LON-44.3,-0.34581263722010896,4500,deep
LAT41.7_LON-44.5,-0.3439397853076741,4500,deep
LAT41.7_LON-44.6,-0.34429482340312023,4500,deep
LAT41.7_LON-44.7,-0.3459801857191034,4500,deep
LAT41.7_LON-45.0,-0.3435764793704391,4500,deep
LAT41.8_LON-35.1,-0.3437438279017835,4500,deep
LAT41.8_LON-35.3,-0.34407777324800326,4500,deep
LAT41.8_LON-35.4,-0.34287670337429904,4500,deep
LAT41.8_LON-35.5,-0.34407879898883126,4500,deep
LAT41.8_LON-36.0,-0.3446001995258154,4500,deep
LAT41.8_LON-37.5,-0.34176119188221205,4500,deep
LAT41.8_LON-37.7,-0.3441743299027455,4500,deep
LAT41.8_LON-38.0,-0.3439999645643786,4500,deep
LAT41.8_LON-38.1,-0.34643251054790325,4500,deep
LAT41.8_LON-38.2,-0.3424730487269474,4500,deep
LAT41.8_LON-38.3,-0.34316404643159126,4500,deep
LAT41.8_LON-38.4,-0.3406242794953417,4500,deep
LAT41.8_LON-38.5,-0.3451195250498138,4500,deep
LAT41.8_LON-38.6,-0.34405203431749126,4500,deep
LAT41.8_LON-38.7,-0.3449097324619125,4500,deep
LAT41.8_LON-38.9,-0.34503373625564776,4500,deep
LAT41.8_LON-39.0,-0.344145511152806,4500,deep
LAT41.8_LON-39.1,-0.34393264608909835,4500,deep
LAT41.8_LON-39.3,-0.3448534538920527,4500,deep
LAT41.8_LON-39.4,-0.34340056688164255,4500,deep
LAT41.8_LON-39.7,-0.3448758504258288,4500,deep
LAT41.8_LON-39.8,-0.3442464099707128,4500,deep
LAT41.8_LON-40.0,-0.3452199557194595,4500,deep
LAT41.8_LON-40.1,-0.34346757751527285,4500,deep
LAT41.8_LON-40.2,-0.3424730487269474,4500,deep
LAT41.8_LON-40.7,-0.3460942751335827,4500,deep
LAT41.8_LON-40.8,-0.34106296744482123,4500,deep
LAT41.8_LON-41.1,-0.3426531247012521,4500,deep
LAT41.8_LON-41.4,-0.34468426418269416,4500,deep
LAT41.8_LON-41.6,-0.3452037370698213,4500,deep
LAT41.8_LON-41.7,-0.3432082127551717,4500,deep
LAT41.8_LON-41.8,-0.34494142263047456,4500,deep
LAT41.8_LON-42.3,-0.3438000747968171,4500,deep
LAT41.8_LON-42.4,-0.3428272705465897,4500,deep
LAT41.8_LON-42.5,-0.3431947317660548,4500,deep
LAT41.8_LON-42.9,-0.3416433196394438,4500,deep
LAT41.8_LON-43.1,-0.3484649984665207,4500,deep
LAT41.8_LON-43.2,-0.3471811496167998,4500,deep
LAT41.8_LON-43.3,-0.3421294429359616,4500,deep
LAT41.8_LON-43.4,-0.34221620494523924,4500,deep
LAT41.8_LON-43.5,-0.343347957188159,4500,deep
LAT41.8_LON-43.6,-0.3423683233549401,4500,deep
LAT41.8_LON-43.8,-0.34621453699737215,4500,deep
LAT41.8_LON-43.9,-0.3451283920653323,4500,deep
LAT41.8_LON-44.0,-0.3437446942025343,4500,deep
LAT41.8_LON-44.1,-0.3436731281384309,4500,deep
LAT41.8_LON-44.2,-0.3475698014202837,4500,deep
LAT41.8_LON-44.3,-0.3457713393100943,4500,deep
LAT41.8_LON-44.5,-0.34378436784699506,4500,deep
LAT41.8_LON-44.7,-0.33785316568483714,4500,deep
LAT41.8_LON-44.8,-0.3406272738680465,4500,deep
LAT41.8_LON-44.9,-0.3460173690634858,4500,deep
LAT41.8_LON-45.0,-0.34302958970678976,4500,deep
LAT41.9_LON-35.3,-0.3487716251317816,4500,deep
LAT41.9_LON-35.6,-0.34445400570999263,4500,deep
LAT41.9_LON-35.8,-0.34616055149187175,4500,deep
LAT41.9_LON-35.9,-0.3422070564269586,4500,deep
LAT41.9_LON-36.5,-0.34603426619451927,4500,deep
LAT41.9_LON-36.7,-0.3459937234454771,4500,deep
LAT41.9_LON-36.8,-0.34514077455809195,4500,deep
LAT41.9_LON-36.9,-0.3445635819139474,4500,deep
LAT41.9_LON-37.2,-0.3439354800367813,4500,deep
LAT41.9_LON-37.3,-0.34638455704236937,4500,deep
LAT41.9_LON-37.4,-0.34339346562019457,4500,deep
LAT41.9_LON-37.6,-0.3434386518405991,4500,deep
LAT41.9_LON-37.7,-0.34388428901978396,4500,deep
LAT41.9_LON-37.9,-0.343409262194491,4500,deep
LAT41.9_LON-38.0,-0.34736589614385066,4500,deep
LAT41.9_LON-38.4,-0.3427141988605004,4500,deep
LAT41.9_LON-38.5,-0.34299728787444417,4500,deep
LAT41.9_LON-38.8,-0.3412696930317365,4500,deep
LAT41.9_LON-39.0,-0.3418739985825212,4500,deep
LAT41.9_LON-39.1,-0.34302990326339156,4500,deep
LAT41.9_LON-39.2,-0.34879880109006883,4500,deep
LAT41.9_LON-39.4,-0.3432082127551717,4500,deep
LAT41.9_LON-39.5,-0.3467381641490688,4500,deep
LAT41.9_LON-39.6,-0.3444322878294932,4500,deep
LAT41.9_LON-39.8,-0.3426844638712061,4500,deep
LAT41.9_LON-40.0,-0.34366355643392343,4500,deep
LAT41.9_LON-40.1,-0.34423247497785253,4500,deep
LAT41.9_LON-40.2,-0.3430400202452959,4500,deep
LAT41.9_LON-40.5,-0.3436283727147723,4500,deep
LAT41.9_LON-40.6,-0.34164329940121674,4500,deep
LAT41.9_LON-40.7,-0.34498460825342986,4500,deep
LAT41.9_LON-40.8,-0.34312258882217495,4500,deep
LAT41.9_LON-41.0,-0.3429064726883008,4500,deep
LAT41.9_LON-41.8,-0.34496680293023696,4500,deep
LAT41.9_LON-42.0,-0.34287127479731694,4500,deep
LAT41.9_LON-42.2,-0.3450681403231364,4500,deep
LAT41.9_LON-42.3,-0.3464237462844286,4500,deep
LAT41.9_LON-42.5,-0.3412163104442927,4500,deep
LAT41.9_LON-42.6,-0.3439205701196053,4500,deep
LAT41.9_LON-42.7,-0.34600486532755914,4500,deep
LAT41.9_LON-42.8,-0.34317689733567724,4500,deep
LAT41.9_LON-42.9,-0.34240211732146864,4500,deep
LAT41.9_LON-43.1,-0.3445844582279414,4500,deep
LAT41.9_LON-43.4,-0.345011856655498,4500,deep
LAT41.9_LON-43.5,-0.3455138117726942,4500,deep
LAT41.9_LON-43.6,-0.34368191521785235,4500,deep
LAT41.9_LON-43.8,-0.3429403029884958,4500,deep
LAT41.9_LON-43.9,-0.34663798702431986,4500,deep
LAT41.9_LON-44.0,-0.34266542593156774,4500,deep
LAT41.9_LON-44.1,-0.3445367831967885,4500,deep
LAT41.9_LON-44.2,-0.3449877183811575,4500,deep
LAT41.9_LON-44.3,-0.34481862661279383,4500,deep
LAT41.9_LON-44.4,-0.3421070262335837,4500,deep
LAT41.9_LON-44.5,-0.34504109679504935,4500,deep
LAT41.9_LON-44.6,-0.35166270392017557,4500,deep
LAT41.9_LON-44.8,-0.34398112857803476,4500,deep
LAT41.9_LON-44.9,-0.3441177349503568,4500,deep
LAT41.9_LON-45.0,-0.34302958970678976,4500,deep
LAT42.0_LON-35.1,-0.34632890021694074,4500,deep
LAT42.0_LON-35.2,-0.3437237975866694,4500,deep
LAT42.0_LON-35.5,-0.3443922008995393,4500,deep
LAT42.0_LON-35.7,-0.3433820313354387,4500,deep
LAT42.0_LON-35.8,-0.34092676718456366,4500,deep
LAT42.0_LON-35.9,-0.3440360111068208,4500,deep
LAT42.0_LON-36.3,-0.3426094453008901,4500,deep
LAT42.0_LON-36.4,-0.34377212891740255,4500,deep
LAT42.0_LON-36.5,-0.3448056302697343,4500,deep
LAT42.0_LON-36.6,-0.34197766133918744,4500,deep
LAT42.0_LON-36.9,-0.34414444450048165,4500,deep
LAT42.0_LON-37.2,-0.34310241827860144,4500,deep
LAT42.0_LON-37.3,-0.34336447918445717,4500,deep
LAT42.0_LON-37.4,-0.3409546620581362,4500,deep
LAT42.0_LON-37.7,-0.34147977935678453,4500,deep
LAT42.0_LON-38.1,-0.34815135048382584,4500,deep
LAT42.0_LON-38.3,-0.3422382475504794,4500,deep
LAT42.0_LON-38.5,-0.3441060535998326,4500,deep
LAT42.0_LON-38.6,-0.3413173553685051,4500,deep
LAT42.0_LON-38.8,-0.345221925505852,4500,deep
LAT42.0_LON-38.9,-0.34377212891740255,4500,deep
LAT42.0_LON-39.0,-0.3461671193350054,4500,deep
LAT42.0_LON-39.3,-0.3426531247012521,4500,deep
LAT42.0_LON-39.4,-0.34221755752091615,4500,deep
LAT42.0_LON-39.6,-0.35166270392017557,4500,deep
LAT42.0_LON-39.7,-0.3436902750706244,4500,deep
LAT42.0_LON-39.8,-0.3441184033309763,4500,deep
LAT42.0_LON-39.9,-0.33951321208680435,4500,deep
LAT42.0_LON-40.0,-0.3426531247012521,4500,deep
LAT42.0_LON-40.1,-0.34561191195255714,4500,deep
LAT42.0_LON-40.2,-0.34506263451815467,4500,deep
LAT42.0_LON-40.3,-0.3418862263910757,4500,deep
LAT42.0_LON-40.5,-0.34405878175969073,4500,deep
LAT42.0_LON-40.6,-0.3428460630528386,4500,deep
LAT42.0_LON-40.7,-0.34331696012187046,4500,deep
LAT42.0_LON-41.1,-0.3442099537770713,4500,deep
LAT42.0_LON-41.2,-0.3446001995258154,4500,deep
LAT42.0_LON-41.3,-0.34244694538962156,4500,deep
LAT42.0_LON-41.4,-0.3461539836487382,4500,deep
LAT42.0_LON-41.5,-0.3427066987670414,4500,deep
LAT42.0_LON-41.6,-0.3445708368402978,4500,deep
LAT42.0_LON-41.8,-0.3395674057652842,4500,deep
LAT42.0_LON-41.9,-0.3472222085847218,4500,deep
LAT42.0_LON-42.0,-0.34496848257409957,4500,deep
LAT42.0_LON-42.2,-0.34754025141700284,4500,deep
LAT42.0_LON-42.3,-0.34338790478253667,4500,deep
LAT42.0_LON-42.4,-0.34123751143270753,4500,deep
LAT42.0_LON-42.6,-0.3443977496306939,4500,deep
LAT42.0_LON-42.7,-0.34464653890626185,4500,deep
LAT42.0_LON-42.8,-0.33796444915649465,4500,deep
LAT42.0_LON-42.9,-0.3449368367407608,4500,deep
LAT42.0_LON-43.0,-0.34422914514396935,4500,deep
LAT42.0_LON-43.2,-0.34624848990737833,4500,deep
LAT42.0_LON-43.4,-0.34339316306133966,4500,deep
LAT42.0_LON-43.6,-0.34407715055186505,4500,deep
LAT42.0_LON-43.8,-0.3430758637695466,4500,deep
LAT42.0_LON-44.1,-0.3416454348272373,4500,deep
LAT42.0_LON-44.3,-0.3432082127551717,4500,deep
LAT42.0_LON-44.4,-0.34311589287576605,4500,deep
LAT42.0_LON-44.5,-0.3442386871718404,4500,deep
LAT42.0_LON-44.6,-0.3445419682192923,4500,deep
LAT42.0_LON-44.7,-0.3448903564500688,4500,deep
LAT42.0_LON-44.8,-0.3424522574759473,4500,deep
LAT42.0_LON-44.9,-0.3423275524089206,4500,deep
LAT42.1_LON-35.1,-0.3433488293116451,4500,deep
LAT42.1_LON-35.2,-0.3461671193350054,4500,deep
LAT42.1_LON-35.5,-0.3425166007142768,4500,deep
LAT42.1_LON-36.1,-0.34706188676904753,4500,deep
LAT42.1_LON-36.2,-0.3451224500470158,4500,deep
LAT42.1_LON-36.3,-0.34399835342902535,4500,deep
LAT42.1_LON-36.4,-0.3437719274758107,4500,deep
LAT42.1_LON-36.6,-0.34035680700124393,4500,deep
LAT42.1_LON-36.7,-0.3467381641490688,4500,deep
LAT42.1_LON-37.2,-0.3420026558760426,4500,deep
LAT42.1_LON-37.4,-0.3432082127551717,4500,deep
LAT42.1_LON-37.5,-0.34443050351706067,4500,deep
LAT42.1_LON-37.7,-0.3446408505834119,4500,deep
LAT42.1_LON-37.9,-0.34467880059271,4500,deep
LAT42.1_LON-38.3,-0.340955463779094,4500,deep
LAT42.1_LON-38.4,-0.3449247664529814,4500,deep
LAT42.1_LON-38.5,-0.34565394694654866,4500,deep
LAT42.1_LON-38.6,-0.34213719146846255,4500,deep
LAT42.1_LON-39.0,-0.3425479528200981,4500,deep
LAT42.1_LON-39.1,-0.3403602948839269,4500,deep
LAT42.1_LON-39.2,-0.3433488293116451,4500,deep
LAT42.1_LON-39.3,-0.34311648325977123,4500,deep
LAT42.1_LON-39.4,-0.3440794423228646,4500,deep
LAT42.1_LON-39.5,-0.34508853133726236,4500,deep
LAT42.1_LON-39.7,-0.342613203409489,4500,deep
LAT42.1_LON-40.0,-0.3445338739359323,4500,deep
LAT42.1_LON-40.1,-0.34106296744482123,4500,deep
LAT42.1_LON-40.3,-0.3432262381379343,4500,deep
LAT42.1_LON-40.5,-0.3445038423349893,4500,deep
LAT42.1_LON-40.8,-0.34714309513042435,4500,deep
LAT42.1_LON-40.9,-0.3459937234454771,4500,deep
LAT42.1_LON-41.2,-0.342645991011153,4500,deep
LAT42.1_LON-41.3,-0.3457673540686146,4500,deep
LAT42.1_LON-41.7,-0.341778589614076,4500,deep
LAT42.1_LON-41.8,-0.34339630180688374,4500,deep
LAT42.1_LON-42.2,-0.3436294315355481,4500,deep
LAT42.1_LON-42.4,-0.3424730487269474,4500,deep
LAT42.1_LON-42.5,-0.34288176691624084,4500,deep
LAT42.1_LON-42.6,-0.34536784855575053,4500,deep
LAT42.1_LON-42.8,-0.34464653890626185,4500,deep
LAT42.1_LON-42.9,-0.3401194310412954,4500,deep
LAT42.1_LON-43.2,-0.3487716251317816,4500,deep
LAT42.1_LON-43.3,-0.34362426195031726,4500,deep
LAT42.1_LON-43.4,-0.3442836742332073,4500,deep
LAT42.1_LON-43.6,-0.34769864497301356,4500,deep
LAT42.1_LON-43.8,-0.3429403029884958,4500,deep
LAT42.1_LON-44.0,-0.34776848261956883,4500,deep
LAT42.1_LON-44.2,-0.34231996418318505,4500,deep
LAT42.1_LON-44.3,-0.34408252235154824,4500,deep
LAT42.1_LON-44.4,-0.3458262721343123,4500,deep
LAT42.1_LON-44.5,-0.3441164350553531,4500,deep
LAT42.1_LON-44.6,-0.3441385964144086,4500,deep
LAT42.1_LON-44.7,-0.34493400048118966,4500,deep
LAT42.2_LON-35.1,-0.3471789331393552,4500,deep
LAT42.2_LON-35.2,-0.3439397853076741,4500,deep
LAT42.2_LON-35.9,-0.34305551442251137,4500,deep
LAT42.2_LON-36.0,-0.34463797067545243,4500,deep
LAT42.2_LON-36.8,-0.34310241827860144,4500,deep
LAT42.2_LON-37.0,-0.34455381180310624,4500,deep
LAT42.2_LON-37.1,-0.34234824698093813,4500,deep
LAT42.2_LON-37.2,-0.3430393440087775,4500,deep
LAT42.2_LON-37.4,-0.34339630180688374,4500,deep
LAT42.2_LON-37.5,-0.3437806346543251,4500,deep
LAT42.2_LON-37.7,-0.3438566742664104,4500,deep
LAT42.2_LON-37.8,-0.34736589614385066,4500,deep
LAT42.2_LON-38.0,-0.34739370873178366,4500,deep
LAT42.2_LON-38.1,-0.3445507421367342,4500,deep
LAT42.2_LON-38.2,-0.34557927143789996,4500,deep
LAT42.2_LON-38.5,-0.3449877183811575,4500,deep
LAT42.2_LON-38.8,-0.3422466635087542,4500,deep
LAT42.2_LON-38.9,-0.3442891969215822,4500,deep
LAT42.2_LON-39.0,-0.34427424867340334,4500,deep
LAT42.2_LON-39.2,-0.34331696012187046,4500,deep
LAT42.2_LON-39.5,-0.34543698745222495,4500,deep
LAT42.2_LON-39.6,-0.343908159481409,4500,deep
LAT42.2_LON-39.7,-0.3459303376534686,4500,deep
LAT42.2_LON-39.8,-0.3449246096409767,4500,deep
LAT42.2_LON-39.9,-0.34441083273057915,4500,deep
LAT42.2_LON-40.0,-0.34508880902819333,4500,deep
LAT42.2_LON-40.1,-0.3448754947701302,4500,deep
LAT42.2_LON-40.3,-0.34499725504225975,4500,deep
LAT42.2_LON-40.7,-0.34292159573618275,4500,deep
LAT42.2_LON-40.9,-0.3452201741839542,4500,deep
LAT42.2_LON-41.2,-0.34377212891740255,4500,deep
LAT42.2_LON-41.3,-0.3415103059459434,4500,deep
LAT42.2_LON-41.5,-0.3411250798900319,4500,deep
LAT42.2_LON-41.7,-0.3400019741384677,4500,deep
LAT42.2_LON-42.5,-0.34466566108277247,4500,deep
LAT42.2_LON-42.6,-0.34062067594899037,4500,deep
LAT42.2_LON-43.3,-0.34186189173005416,4500,deep
LAT42.2_LON-43.4,-0.34425935544111225,4500,deep
LAT42.2_LON-43.5,-0.3413812096301517,4500,deep
LAT42.2_LON-43.6,-0.3412163104442927,4500,deep
LAT42.2_LON-43.8,-0.3435023279468761,4500,deep
LAT42.2_LON-43.9,-0.3434067809748724,4500,deep
LAT42.2_LON-44.0,-0.34465942051553944,4500,deep
LAT42.2_LON-44.1,-0.34356243005357917,4500,deep
LAT42.2_LON-44.2,-0.34488523842315416,4500,deep
LAT42.2_LON-44.3,-0.34246645039330587,4500,deep
LAT42.2_LON-44.4,-0.3428581325561053,4500,deep
LAT42.2_LON-44.7,-0.339949769011719,4500,deep
LAT42.2_LON-44.8,-0.33788292799151226,4500,deep
LAT42.2_LON-45.0,-0.3449877183811575,4500,deep
LAT42.3_LON-35.0,-0.34612994583256906,4500,deep
LAT42.3_LON-35.2,-0.3413173553685051,4500,deep
LAT42.3_LON-35.9,-0.3472205726239163,4500,deep
LAT42.3_LON-36.0,-0.3474395069047317,4500,deep
LAT42.3_LON-36.5,-0.3392771806658009,4500,deep
LAT42.3_LON-36.7,-0.34089689069003887,4500,deep
LAT42.3_LON-36.8,-0.3450758462931729,4500,deep
LAT42.3_LON-36.9,-0.34271182770068975,4500,deep
LAT42.3_LON-37.2,-0.34179210490868134,4500,deep
LAT42.3_LON-37.3,-0.34754025141700284,4500,deep
LAT42.3_LON-37.4,-0.34508880902819333,4500,deep
LAT42.3_LON-37.6,-0.3444323729825073,4500,deep
LAT42.3_LON-37.8,-0.33949174100369395,4500,deep
LAT42.3_LON-38.1,-0.3448480603047116,4500,deep
LAT42.3_LON-38.3,-0.3441385964144086,4500,deep
LAT42.3_LON-38.4,-0.34660106432442117,4500,deep
LAT42.3_LON-38.5,-0.3441152999083961,4500,deep
LAT42.3_LON-38.7,-0.3441753051284132,4500,deep
LAT42.3_LON-39.0,-0.3465890327004463,4500,deep
LAT42.3_LON-39.2,-0.3461671193350054,4500,deep
LAT42.3_LON-39.6,-0.344482283153556,4500,deep
LAT42.3_LON-39.7,-0.34290174244165894,4500,deep
LAT42.3_LON-39.8,-0.3460085839827351,4500,deep
LAT42.3_LON-39.9,-0.34456495063407344,4500,deep
LAT42.3_LON-40.0,-0.3453623849512816,4500,deep
LAT42.3_LON-40.1,-0.34769864497301356,4500,deep
LAT42.3_LON-40.2,-0.3448923809731683,4500,deep
LAT42.3_LON-40.3,-0.34635600895664154,4500,deep
LAT42.3_LON-40.5,-0.3441392733762026,4500,deep
LAT42.3_LON-40.8,-0.3389699333495087,4500,deep
LAT42.3_LON-40.9,-0.345427964835067,4500,deep
LAT42.3_LON-41.1,-0.34587374399092274,4500,deep
LAT42.3_LON-41.3,-0.3400019741384677,4500,deep
LAT42.3_LON-41.4,-0.3467381641490688,4500,deep
LAT42.3_LON-41.5,-0.3420990549142997,4500,deep
LAT42.3_LON-41.6,-0.3461415516004775,4500,deep
LAT42.3_LON-42.0,-0.3435565494290052,4500,deep
LAT42.3_LON-42.1,-0.34428664812477394,4500,deep
LAT42.3_LON-42.4,-0.34368926686127377,4500,deep
LAT42.3_LON-43.0,-0.34483395769506864,4500,deep
LAT42.3_LON-43.2,-0.34365148089373754,4500,deep
LAT42.3_LON-43.3,-0.3433269821056786,4500,deep
LAT42.3_LON-43.4,-0.34339346562019457,4500,deep
LAT42.3_LON-43.6,-0.34293757585761114,4500,deep
LAT42.3_LON-43.7,-0.34428664812477394,4500,deep
LAT42.3_LON-43.9,-0.34222950918949546,4500,deep
LAT42.3_LON-44.0,-0.3445507421367342,4500,deep
LAT42.3_LON-44.4,-0.3449577188944357,4500,deep
LAT42.3_LON-44.5,-0.3400019741384677,4500,deep
LAT42.3_LON-44.6,-0.34418514441236736,4500,deep
LAT42.3_LON-44.7,-0.34468426418269416,4500,deep
LAT42.3_LON-44.8,-0.3453795288456259,4500,deep
LAT42.3_LON-45.0,-0.34358313339517665,4500,deep
LAT42.4_LON-35.2,-0.3436902750706244,4500,deep
LAT42.4_LON-36.7,-0.3426531247012521,4500,deep
LAT42.4_LON-36.8,-0.3424730487269474,4500,deep
LAT42.4_LON-37.2,-0.34001354865787914,4500,deep
LAT42.4_LON-37.4,-0.34470093605390895,4500,deep
LAT42.4_LON-37.5,-0.3413812096301517,4500,deep
LAT42.4_LON-37.6,-0.3455440832394457,4500,deep
LAT42.4_LON-37.7,-0.34449833802661023,4500,deep
LAT42.4_LON-38.0,-0.3414418292773257,4500,deep
LAT42.4_LON-38.1,-0.34414451564469406,4500,deep
LAT42.4_LON-38.3,-0.3475698014202837,4500,deep
LAT42.4_LON-38.6,-0.3439020588869496,4500,deep
LAT42.4_LON-38.7,-0.34385121621639586,4500,deep
LAT42.4_LON-39.2,-0.3439205701196053,4500,deep
LAT42.4_LON-39.3,-0.3399284462868123,4500,deep
LAT42.4_LON-39.5,-0.343952349176521,4500,deep
LAT42.4_LON-39.6,-0.3454903329935874,4500,deep
LAT42.4_LON-39.7,-0.3445507421367342,4500,deep
LAT42.4_LON-39.8,-0.3414542234133843,4500,deep
LAT42.4_LON-40.0,-0.3439397853076741,4500,deep
LAT42.4_LON-40.1,-0.3449877183811575,4500,deep
LAT42.4_LON-40.3,-0.3418256042066816,4500,deep
LAT42.4_LON-40.4,-0.3452803296500021,4500,deep
LAT42.4_LON-40.6,-0.3440794423228646,4500,deep
LAT42.4_LON-40.7,-0.3445242282311404,4500,deep
LAT42.4_LON-41.1,-0.3463110002568823,4500,deep
LAT42.4_LON-41.2,-0.34364003796118037,4500,deep
LAT42.4_LON-41.5,-0.3445681807046039,4500,deep
LAT42.4_LON-41.7,-0.3450758462931729,4500,deep
LAT42.4_LON-41.8,-0.3443768928340044,4500,deep
LAT42.4_LON-42.5,-0.3441317801134965,4500,deep
LAT42.4_LON-42.9,-0.35138827006611856,4500,deep
LAT42.4_LON-43.0,-0.34445400570999263,4500,deep
LAT42.4_LON-43.1,-0.3442900182014464,4500,deep
LAT42.4_LON-43.4,-0.34455381180310624,4500,deep
LAT42.4_LON-43.7,-0.3441881564602166,4500,deep
LAT42.4_LON-44.1,-0.34356243005357917,4500,deep
LAT42.4_LON-44.2,-0.3428445724505135,4500,deep
LAT42.4_LON-44.3,-0.34319066253591696,4500,deep
LAT42.4_LON-44.5,-0.34218199292078577,4500,deep
LAT42.4_LON-44.6,-0.34231996418318505,4500,deep
LAT42.4_LON-44.9,-0.34455367895998606,4500,deep
LAT42.5_LON-35.4,-0.34546369558366324,4500,deep
LAT42.5_LON-36.5,-0.34302958970678976,4500,deep
LAT42.5_LON-36.6,-0.3398778673490825,4500,deep
LAT42.5_LON-36.9,-0.3440773310134146,4500,deep
LAT42.5_LON-37.5,-0.3442776752273883,4500,deep
LAT42.5_LON-37.9,-0.34339630180688374,4500,deep
LAT42.5_LON-38.0,-0.343633731879095,4500,deep
LAT42.5_LON-38.3,-0.3412268503648553,4500,deep
LAT42.5_LON-38.7,-0.3446408505834119,4500,deep
LAT42.5_LON-38.9,-0.34433846240508104,4500,deep
LAT42.5_LON-39.0,-0.3452375653211071,4500,deep
LAT42.5_LON-39.2,-0.3457713393100943,4500,deep
LAT42.5_LON-39.3,-0.3379739507557396,4500,deep
LAT42.5_LON-39.5,-0.3444523153331696,4500,deep
LAT42.5_LON-39.6,-0.34429482340312023,4500,deep
LAT42.5_LON-39.7,-0.34331696012187046,4500,deep
LAT42.5_LON-39.8,-0.34403038590390017,4500,deep
LAT42.5_LON-39.9,-0.34351909595534613,4500,deep
LAT42.5_LON-40.0,-0.3424552536983811,4500,deep
LAT42.5_LON-40.1,-0.3417882736972328,4500,deep
LAT42.5_LON-40.2,-0.3445108369738318,4500,deep
LAT42.5_LON-40.3,-0.3439397853076741,4500,deep
LAT42.5_LON-40.4,-0.34464653890626185,4500,deep
LAT42.5_LON-40.5,-0.3442642834554483,4500,deep
LAT42.5_LON-40.8,-0.3424373833268335,4500,deep
LAT42.5_LON-40.9,-0.34150420767648704,4500,deep
LAT42.5_LON-41.0,-0.34603426619451927,4500,deep
LAT42.5_LON-41.1,-0.34348074007632573,4500,deep
LAT42.5_LON-41.4,-0.3420633764663373,4500,deep
LAT42.5_LON-41.6,-0.3424730487269474,4500,deep
LAT42.5_LON-41.9,-0.34407777324800326,4500,deep
LAT42.5_LON-43.2,-0.3423274704238748,4500,deep
LAT42.5_LON-43.4,-0.3482034989201778,4500,deep
LAT42.5_LON-43.7,-0.34213719146846255,4500,deep
LAT42.5_LON-43.8,-0.3424730487269474,4500,deep
LAT42.5_LON-44.2,-0.3433488293116451,4500,deep
LAT42.5_LON-44.3,-0.34428928546735765,4500,deep
LAT42.5_LON-44.4,-0.3440402376578536,4500,deep
LAT42.5_LON-44.5,-0.3400019741384677,4500,deep
LAT42.5_LON-44.6,-0.3416214949156138,4500,deep
LAT42.5_LON-44.7,-0.3433323572120402,4500,deep
LAT42.6_LON-35.1,-0.3426094453008901,4500,deep
LAT42.6_LON-36.6,-0.3471811496167998,4500,deep
LAT42.6_LON-37.7,-0.3419797943163077,4500,deep
LAT42.6_LON-37.9,-0.34399835342902535,4500,deep
LAT42.6_LON-38.0,-0.34339346562019457,4500,deep
LAT42.6_LON-38.1,-0.3417911781497561,4500,deep
LAT42.6_LON-38.3,-0.3440864923363553,4500,deep
LAT42.6_LON-38.4,-0.3440896647956592,4500,deep
LAT42.6_LON-38.8,-0.3439224742110734,4500,deep
LAT42.6_LON-38.9,-0.34380049712819893,4500,deep
LAT42.6_LON-39.0,-0.3475698014202837,4500,deep
LAT42.6_LON-39.1,-0.34324219951140533,4500,deep
LAT42.6_LON-39.2,-0.34414444450048165,4500,deep
LAT42.6_LON-39.3,-0.3446001995258154,4500,deep
LAT42.6_LON-39.4,-0.3441060535998326,4500,deep
LAT42.6_LON-39.8,-0.3460085839827351,4500,deep
LAT42.6_LON-39.9,-0.3476376277276707,4500,deep
LAT42.6_LON-40.3,-0.3424730487269474,4500,deep
LAT42.6_LON-40.4,-0.3440737284077544,4500,deep
LAT42.6_LON-41.1,-0.34399835342902535,4500,deep
LAT42.6_LON-41.3,-0.34536361314858066,4500,deep
LAT42.6_LON-41.4,-0.3440864923363553,4500,deep
LAT42.6_LON-41.7,-0.34211547354608,4500,deep
LAT42.6_LON-42.9,-0.3434386518405991,4500,deep
LAT42.6_LON-43.2,-0.34238244455102446,4500,deep
LAT42.6_LON-43.5,-0.3444458093833614,4500,deep
LAT42.6_LON-43.9,-0.34445400570999263,4500,deep
LAT42.6_LON-44.1,-0.3426082160662775,4500,deep
LAT42.6_LON-44.2,-0.3410285395321009,4500,deep
LAT42.6_LON-44.4,-0.3454903329935874,4500,deep
LAT42.6_LON-44.5,-0.3434448690126519,4500,deep
LAT42.6_LON-44.6,-0.3459937234454771,4500,deep
LAT42.6_LON-44.7,-0.3434672190502516,4500,deep
LAT42.6_LON-44.8,-0.3415532304259966,4500,deep
LAT42.6_LON-44.9,-0.34328831821991745,4500,deep
LAT42.6_LON-45.0,-0.34448310301155327,4500,deep
LAT42.7_LON-36.9,-0.3429442830341027,4500,deep
LAT42.7_LON-37.4,-0.3400019741384677,4500,deep
LAT42.7_LON-37.5,-0.3426531247012521,4500,deep
LAT42.7_LON-37.7,-0.344297535324868,4500,deep
LAT42.7_LON-37.8,-0.33951321208680435,4500,deep
LAT42.7_LON-37.9,-0.34453319430185037,4500,deep
LAT42.7_LON-38.0,-0.3404904806300104,4500,deep
LAT42.7_LON-38.2,-0.3438730620375836,4500,deep
LAT42.7_LON-38.3,-0.339523728660729,4500,deep
LAT42.7_LON-38.4,-0.3435550106660847,4500,deep
LAT42.7_LON-38.5,-0.343772745912885,4500,deep
LAT42.7_LON-38.6,-0.3399583951328483,4500,deep
LAT42.7_LON-38.8,-0.34290817884233304,4500,deep
LAT42.7_LON-39.4,-0.3471997692474732,4500,deep
LAT42.7_LON-39.5,-0.34364334565141913,4500,deep
LAT42.7_LON-39.6,-0.33883960075275793,4500,deep
LAT42.7_LON-41.2,-0.34468891056436457,4500,deep
LAT42.7_LON-42.0,-0.3440846207862325,4500,deep
LAT42.7_LON-42.3,-0.34332947529807073,4500,deep
LAT42.7_LON-43.5,-0.3472125796240681,4500,deep
LAT42.7_LON-43.6,-0.34330061075025464,4500,deep
LAT42.7_LON-43.7,-0.34376573512296627,4500,deep
LAT42.7_LON-44.0,-0.341386559613703,4500,deep
LAT42.7_LON-44.1,-0.34467990448449254,4500,deep
LAT42.7_LON-44.2,-0.3448480603047116,4500,deep
LAT42.7_LON-44.3,-0.34393695586625195,4500,deep
LAT42.7_LON-44.4,-0.34393695586625195,4500,deep
LAT42.7_LON-44.5,-0.3452264485877572,4500,deep
LAT42.7_LON-44.7,-0.3388083424750666,4500,deep
LAT42.7_LON-44.8,-0.3436222191815778,4500,deep
LAT42.8_LON-35.1,-0.3444323729825073,4500,deep
LAT42.8_LON-35.9,-0.34468205511438105,4500,deep
LAT42.8_LON-36.2,-0.3443910229916518,4500,deep
LAT42.8_LON-37.2,-0.34457341740111375,4500,deep
LAT42.8_LON-37.5,-0.34587374399092274,4500,deep
LAT42.8_LON-37.8,-0.3438566403717117,4500,deep
LAT42.8_LON-37.9,-0.34287349740504874,4500,deep
LAT42.8_LON-38.4,-0.34259050514357386,4500,deep
LAT42.8_LON-38.5,-0.34383566337144783,4500,deep
LAT42.8_LON-38.7,-0.3398563503860007,4500,deep
LAT42.8_LON-38.8,-0.34244809052481806,4500,deep
LAT42.8_LON-39.0,-0.34449833802661023,4500,deep
LAT42.8_LON-39.3,-0.34144041239456724,4500,deep
LAT42.8_LON-39.6,-0.34603051100798876,4500,deep
LAT42.8_LON-40.4,-0.3435802453483636,4500,deep
LAT42.8_LON-41.2,-0.3471811496167998,4500,deep
LAT42.8_LON-41.4,-0.34443050351706067,4500,deep
LAT42.8_LON-42.7,-0.34388428901978396,4500,deep
LAT42.8_LON-43.2,-0.34508880902819333,4500,deep
LAT42.8_LON-43.3,-0.3426585223133627,4500,deep
LAT42.8_LON-43.4,-0.34332324429803524,4500,deep
LAT42.8_LON-43.5,-0.34310611414391967,4500,deep
LAT42.8_LON-43.6,-0.3436902750706244,4500,deep
LAT42.8_LON-43.7,-0.34523199011255856,4500,deep
LAT42.8_LON-43.8,-0.34368926686127377,4500,deep
LAT42.8_LON-44.0,-0.3471789331393552,4500,deep
LAT42.8_LON-44.1,-0.343290091276064,4500,deep
LAT42.8_LON-44.2,-0.3419797943163077,4500,deep
LAT42.8_LON-44.6,-0.3435900325092646,4500,deep
LAT42.9_LON-35.1,-0.3446001995258154,4500,deep
LAT42.9_LON-35.2,-0.3436676487418105,4500,deep
LAT42.9_LON-35.4,-0.3415103059459434,4500,deep
LAT42.9_LON-35.6,-0.3414565063355901,4500,deep
LAT42.9_LON-35.7,-0.34143016215678873,4500,deep
LAT42.9_LON-36.2,-0.3401194310412954,4500,deep
LAT42.9_LON-36.3,-0.3424552536983811,4500,deep
LAT42.9_LON-37.0,-0.3445507421367342,4500,deep
LAT42.9_LON-37.2,-0.34410185770047663,4500,deep
LAT42.9_LON-37.6,-0.3424730487269474,4500,deep
LAT42.9_LON-37.7,-0.34866691847749137,4500,deep
LAT42.9_LON-37.8,-0.3415103059459434,4500,deep
LAT42.9_LON-38.0,-0.3411239289419536,4500,deep
LAT42.9_LON-38.2,-0.33951321208680435,4500,deep
LAT42.9_LON-38.3,-0.34449384899738666,4500,deep
LAT42.9_LON-38.5,-0.3410930235914052,4500,deep
LAT42.9_LON-38.7,-0.3439020588869496,4500,deep
LAT42.9_LON-38.8,-0.34116932933154204,4500,deep
LAT42.9_LON-39.0,-0.3435764793704391,4500,deep
LAT42.9_LON-39.1,-0.34357447872417335,4500,deep
LAT42.9_LON-39.2,-0.3439397853076741,4500,deep
LAT42.9_LON-39.3,-0.3412696930317365,4500,deep
LAT42.9_LON-39.5,-0.3419797943163077,4500,deep
LAT42.9_LON-39.6,-0.33941767457771266,4500,deep
LAT42.9_LON-40.2,-0.3447498747473829,4500,deep
LAT42.9_LON-40.3,-0.3457547933639789,4500,deep
LAT42.9_LON-42.8,-0.34510557364681355,4500,deep
LAT42.9_LON-43.7,-0.33889922847156595,4500,deep
LAT42.9_LON-44.0,-0.34412454198387965,4500,deep
LAT42.9_LON-44.3,-0.3467318034161148,4500,deep
LAT42.9_LON-44.4,-0.34675377062150325,4500,deep
LAT42.9_LON-44.7,-0.3454766447197053,4500,deep
LAT42.9_LON-44.9,-0.3459937234454771,4500,deep
LAT43.0_LON-35.0,-0.3459937234454771,4500,deep
LAT43.0_LON-35.1,-0.3443910229916518,4500,deep
LAT43.0_LON-35.2,-0.34590407833658376,4500,deep
LAT43.0_LON-36.1,-0.34443050351706067,4500,deep
LAT43.0_LON-37.1,-0.3423409246754552,4500,deep
LAT43.0_LON-38.0,-0.34339109184244987,4500,deep
LAT43.0_LON-38.1,-0.3433865007387214,4500,deep
LAT43.0_LON-38.2,-0.3504714094774609,4500,deep
LAT43.0_LON-38.6,-0.34522277988994304,4500,deep
LAT43.0_LON-38.8,-0.33995807678533296,4500,deep
LAT43.0_LON-38.9,-0.341778589614076,4500,deep
LAT43.0_LON-39.0,-0.34424643188152143,4500,deep
LAT43.0_LON-39.1,-0.34342220824093195,4500,deep
LAT43.0_LON-39.2,-0.3427298588949286,4500,deep
LAT43.0_LON-39.3,-0.33928336777530865,4500,deep
LAT43.0_LON-39.4,-0.3437806346543251,4500,deep
LAT43.0_LON-39.7,-0.342372965921535,4500,deep
LAT43.0_LON-40.0,-0.34464653890626185,4500,deep
LAT43.0_LON-40.4,-0.3471789331393552,4500,deep
LAT43.0_LON-40.8,-0.3388083424750666,4500,deep
LAT43.0_LON-41.1,-0.3476376277276707,4500,deep
LAT43.0_LON-42.4,-0.34514077455809195,4500,deep
LAT43.0_LON-43.5,-0.34340084013218103,4500,deep
LAT43.0_LON-43.6,-0.3440864923363553,4500,deep
LAT43.0_LON-43.9,-0.3426585223133627,4500,deep
LAT43.0_LON-44.0,-0.3413775520834487,4500,deep
LAT43.0_LON-44.4,-0.3425158756147038,4500,deep
LAT43.0_LON-44.5,-0.34339109184244987,4500,deep
LAT43.0_LON-44.8,-0.34079429118736265,4500,deep
LAT43.0_LON-45.0,-0.34148861241332673,4500,deep
LAT43.1_LON-35.1,-0.3440846207862325,4500,deep
LAT43.1_LON-35.9,-0.343318881241313,4500,deep
LAT43.1_LON-37.8,-0.3393061461459551,4500,deep
LAT43.1_LON-37.9,-0.34445400570999263,4500,deep
LAT43.1_LON-38.3,-0.345427964835067,4500,deep
LAT43.1_LON-38.4,-0.34331819832169963,4500,deep
LAT43.1_LON-38.5,-0.3429403029884958,4500,deep
LAT43.1_LON-38.8,-0.3415885911631631,4500,deep
LAT43.1_LON-38.9,-0.34527405732379096,4500,deep
LAT43.1_LON-39.0,-0.3458751460681386,4500,deep
LAT43.1_LON-39.2,-0.3441060535998326,4500,deep
LAT43.1_LON-39.3,-0.3442155241156194,4500,deep
LAT43.1_LON-39.4,-0.3398778673490825,4500,deep
LAT43.1_LON-39.6,-0.3447498747473829,4500,deep
LAT43.1_LON-39.7,-0.346275289951083,4500,deep
LAT43.1_LON-39.8,-0.3429064726883008,4500,deep
LAT43.1_LON-39.9,-0.3429901400098539,4500,deep
LAT43.1_LON-40.0,-0.3470306883161302,4500,deep
LAT43.1_LON-40.2,-0.345276637807259,4500,deep
LAT43.1_LON-43.5,-0.3439020588869496,4500,deep
LAT43.1_LON-44.2,-0.3440864923363553,4500,deep
LAT43.1_LON-44.6,-0.34681914831100885,4500,deep
LAT43.1_LON-44.7,-0.3424730487269474,4500,deep
LAT43.1_LON-44.8,-0.34879880109006883,4500,deep
LAT43.1_LON-45.0,-0.343496748827267,4500,deep
LAT43.2_LON-35.3,-0.3424730487269474,4500,deep
LAT43.2_LON-35.7,-0.34459731125094006,4500,deep
LAT43.2_LON-35.8,-0.34706188676904753,4500,deep
LAT43.2_LON-37.5,-0.341426621906457,4500,deep
LAT43.2_LON-38.0,-0.34527012745545144,4500,deep
LAT43.2_LON-38.5,-0.33891043250292696,4500,deep
LAT43.2_LON-38.6,-0.34641735958245623,4500,deep
LAT43.2_LON-38.7,-0.34433171759285974,4500,deep
LAT43.2_LON-38.9,-0.33951321208680435,4500,deep
LAT43.2_LON-39.2,-0.34337232047413363,4500,deep
LAT43.2_LON-39.4,-0.34469834323121573,4500,deep
LAT43.2_LON-39.6,-0.34388428901978396,4500,deep
LAT43.2_LON-40.2,-0.3442886833893246,4500,deep
LAT43.2_LON-40.3,-0.34518627493619936,4500,deep
LAT43.2_LON-42.2,-0.34403396829299293,4500,deep
LAT43.2_LON-43.2,-0.34254184734038434,4500,deep
LAT43.2_LON-43.6,-0.344283744736902,4500,deep
LAT43.2_LON-43.9,-0.3421767330642989,4500,deep
LAT43.2_LON-44.0,-0.34315222030351294,4500,deep
LAT43.2_LON-44.3,-0.3429432234732057,4500,deep
LAT43.2_LON-44.5,-0.3442813508364882,4500,deep
LAT43.2_LON-44.7,-0.33891043250292696,4500,deep
LAT43.2_LON-44.8,-0.34342857647456493,4500,deep
LAT43.2_LON-44.9,-0.34481862661279383,4500,deep
LAT43.3_LON-35.3,-0.34365148089373754,4500,deep
LAT43.3_LON-36.0,-0.3437552836264876,4500,deep
LAT43.3_LON-36.2,-0.3442968078236033,4500,deep
LAT43.3_LON-37.3,-0.3440604907805356,4500,deep
LAT43.3_LON-37.6,-0.34444617846397657,4500,deep
LAT43.3_LON-37.9,-0.3419797943163077,4500,deep
LAT43.3_LON-38.2,-0.34388428901978396,4500,deep
LAT43.3_LON-38.6,-0.33976724526561636,4500,deep
LAT43.3_LON-38.8,-0.34346757751527285,4500,deep
LAT43.3_LON-38.9,-0.3424730487269474,4500,deep
LAT43.3_LON-39.0,-0.3410285395321009,4500,deep
LAT43.3_LON-39.2,-0.34455381180310624,4500,deep
LAT43.3_LON-39.5,-0.340955463779094,4500,deep
LAT43.3_LON-39.6,-0.3427517358429224,4500,deep
LAT43.3_LON-39.8,-0.3432837194950643,4500,deep
LAT43.3_LON-39.9,-0.34453319430185037,4500,deep
LAT43.3_LON-40.0,-0.3419768069045737,4500,deep
LAT43.3_LON-42.7,-0.34456838181740457,4500,deep
LAT43.3_LON-42.8,-0.34231996418318505,4500,deep
LAT43.3_LON-43.6,-0.3467318034161148,4500,deep
LAT43.3_LON-43.7,-0.3439020588869496,4500,deep
LAT43.3_LON-44.0,-0.34297930179805053,4500,deep
LAT43.3_LON-44.2,-0.3433683663565343,4500,deep
LAT43.3_LON-44.6,-0.34561191195255714,4500,deep
LAT43.4_LON-35.0,-0.3440604907805356,4500,deep
LAT43.4_LON-35.2,-0.33958957206533047,4500,deep
LAT43.4_LON-35.3,-0.3409442445478877,4500,deep
LAT43.4_LON-35.4,-0.34675425400616267,4500,deep
LAT43.4_LON-37.1,-0.3398563503860007,4500,deep
LAT43.4_LON-37.6,-0.34377212891740255,4500,deep
LAT43.4_LON-37.8,-0.34525157365178993,4500,deep
LAT43.4_LON-38.0,-0.35166270392017557,4500,deep
LAT43.4_LON-38.4,-0.3466154685584836,4500,deep
LAT43.4_LON-38.6,-0.3426531247012521,4500,deep
LAT43.4_LON-38.7,-0.34271025492120755,4500,deep
LAT43.4_LON-38.8,-0.3438109200201527,4500,deep
LAT43.4_LON-38.9,-0.3399694280671087,4500,deep
LAT43.4_LON-39.1,-0.34271025492120755,4500,deep
LAT43.4_LON-39.2,-0.34522277988994304,4500,deep
LAT43.4_LON-39.3,-0.3388083424750666,4500,deep
LAT43.4_LON-39.4,-0.3438730620375836,4500,deep
LAT43.4_LON-39.5,-0.34137289937001364,4500,deep
LAT43.4_LON-39.6,-0.3449097324619125,4500,deep
LAT43.4_LON-40.0,-0.34361345549120215,4500,deep
LAT43.4_LON-40.2,-0.3428697981973815,4500,deep
LAT43.4_LON-40.3,-0.3444386633452001,4500,deep
LAT43.4_LON-40.6,-0.3447498747473829,4500,deep
LAT43.4_LON-40.7,-0.343762155517253,4500,deep
LAT43.4_LON-41.0,-0.3439690124553309,4500,deep
LAT43.4_LON-42.5,-0.34280306873777255,4500,deep
LAT43.4_LON-42.8,-0.34455367895998606,4500,deep
LAT43.4_LON-42.9,-0.3448150680478026,4500,deep
LAT43.4_LON-43.0,-0.3411239289419536,4500,deep
LAT43.4_LON-43.2,-0.3440864923363553,4500,deep
LAT43.4_LON-43.3,-0.3433683663565343,4500,deep
LAT43.4_LON-44.1,-0.34449811239913386,4500,deep
LAT43.4_LON-44.3,-0.3412266874263399,4500,deep
LAT43.4_LON-44.4,-0.34473516555079686,4500,deep
LAT43.4_LON-44.8,-0.34643251054790325,4500,deep
LAT43.4_LON-44.9,-0.34508880902819333,4500,deep
LAT43.5_LON-35.0,-0.34179210490868134,4500,deep
LAT43.5_LON-35.5,-0.34455558678760867,4500,deep
LAT43.5_LON-35.6,-0.3475698014202837,4500,deep
LAT43.5_LON-35.8,-0.34368926686127377,4500,deep
LAT43.5_LON-38.3,-0.3444064031460404,4500,deep
LAT43.5_LON-38.8,-0.3467217727056032,4500,deep
LAT43.5_LON-39.0,-0.3412163104442927,4500,deep
LAT43.5_LON-39.1,-0.3437552836264876,4500,deep
LAT43.5_LON-39.2,-0.34293757585761114,4500,deep
LAT43.5_LON-39.4,-0.3422145532068717,4500,deep
LAT43.5_LON-39.6,-0.3452803296500021,4500,deep
LAT43.5_LON-39.7,-0.34879880109006883,4500,deep
LAT43.5_LON-39.9,-0.3424730487269474,4500,deep
LAT43.5_LON-40.0,-0.34362743720113487,4500,deep
LAT43.5_LON-40.5,-0.3466154685584836,4500,deep
LAT43.5_LON-40.7,-0.3445708368402978,4500,deep
LAT43.5_LON-42.5,-0.3441392733762026,4500,deep
LAT43.5_LON-44.1,-0.34112600485887,4500,deep
LAT43.5_LON-44.7,-0.342480037187012,4500,deep
LAT43.5_LON-45.0,-0.3421767330642989,4500,deep
LAT43.6_LON-35.0,-0.34361345549120215,4500,deep
LAT43.6_LON-35.3,-0.3420019801165891,4500,deep
LAT43.6_LON-36.5,-0.35166270392017557,4500,deep
LAT43.6_LON-38.5,-0.339949769011719,4500,deep
LAT43.6_LON-38.7,-0.3399013198123805,4500,deep
LAT43.6_LON-39.1,-0.34340811006098376,4500,deep
LAT43.6_LON-39.3,-0.3433838098290799,4500,deep
LAT43.6_LON-39.7,-0.34866691847749137,4500,deep
LAT43.6_LON-40.1,-0.3379739507557396,4500,deep
LAT43.6_LON-41.0,-0.3413328581453805,4500,deep
LAT43.6_LON-41.1,-0.3443910229916518,4500,deep
LAT43.6_LON-42.9,-0.34643251054790325,4500,deep
LAT43.6_LON-43.0,-0.34394681552112055,4500,deep
LAT43.6_LON-43.1,-0.33916029820398685,4500,deep
LAT43.6_LON-43.2,-0.3421708182895201,4500,deep
LAT43.6_LON-44.4,-0.34282914271360354,4500,deep
LAT43.6_LON-44.8,-0.34385121621639586,4500,deep
LAT43.6_LON-44.9,-0.3413775520834487,4500,deep
LAT43.6_LON-45.0,-0.3482036314723936,4500,deep
LAT43.7_LON-35.7,-0.3440331651021149,4500,deep
LAT43.7_LON-36.1,-0.3439999645643786,4500,deep
LAT43.7_LON-36.2,-0.3476376277276707,4500,deep
LAT43.7_LON-36.6,-0.34391622166121155,4500,deep
LAT43.7_LON-37.3,-0.34380049712819893,4500,deep
LAT43.7_LON-38.7,-0.34414444450048165,4500,deep
LAT43.7_LON-38.9,-0.34358213373393487,4500,deep
LAT43.7_LON-39.2,-0.343496748827267,4500,deep
LAT43.7_LON-39.8,-0.3446408505834119,4500,deep
LAT43.7_LON-40.1,-0.341880012697118,4500,deep
LAT43.7_LON-40.3,-0.34414444450048165,4500,deep
LAT43.7_LON-41.2,-0.34361345549120215,4500,deep
LAT43.7_LON-42.6,-0.3426585223133627,4500,deep
LAT43.7_LON-42.8,-0.34824005697296734,4500,deep
LAT43.7_LON-43.3,-0.34403396829299293,4500,deep
LAT43.7_LON-43.6,-0.3454313690272196,4500,deep
LAT43.7_LON-43.7,-0.3414418292773257,4500,deep
LAT43.7_LON-43.8,-0.34399835342902535,4500,deep
LAT43.7_LON-44.0,-0.34407879898883126,4500,deep
LAT43.7_LON-44.2,-0.34511338974217554,4500,deep
LAT43.7_LON-44.3,-0.33901710935552337,4500,deep
LAT43.7_LON-44.9,-0.34599845111964855,4500,deep
LAT43.7_LON-45.0,-0.34141622062156796,4500,deep
LAT43.8_LON-35.8,-0.34001354865787914,4500,deep
LAT43.8_LON-36.2,-0.34155757035854295,4500,deep
LAT43.8_LON-36.4,-0.34186189173005416,4500,deep
LAT43.8_LON-36.6,-0.3445507421367342,4500,deep
LAT43.8_LON-37.1,-0.3399013198123805,4500,deep
LAT43.8_LON-37.8,-0.34290817884233304,4500,deep
LAT43.8_LON-38.7,-0.3428122223743684,4500,deep
LAT43.8_LON-38.8,-0.3432583706677397,4500,deep
LAT43.8_LON-39.0,-0.3421582913830744,4500,deep
LAT43.8_LON-39.1,-0.3445507421367342,4500,deep
LAT43.8_LON-39.5,-0.3443768928340044,4500,deep
LAT43.8_LON-39.6,-0.34399835342902535,4500,deep
LAT43.8_LON-39.8,-0.3410400280399934,4500,deep
LAT43.8_LON-39.9,-0.339949769011719,4500,deep
LAT43.8_LON-40.0,-0.345221925505852,4500,deep
LAT43.8_LON-40.1,-0.3456030008011604,4500,deep
LAT43.8_LON-41.4,-0.3433811067424267,4500,deep
LAT43.8_LON-41.5,-0.34428664812477394,4500,deep
LAT43.8_LON-41.7,-0.34342857647456493,4500,deep
LAT43.8_LON-42.8,-0.3425166007142768,4500,deep
LAT43.8_LON-42.9,-0.3436676487418105,4500,deep
LAT43.8_LON-43.1,-0.34310241827860144,4500,deep
LAT43.8_LON-43.2,-0.3467318034161148,4500,deep
LAT43.8_LON-43.3,-0.3410930235914052,4500,deep
LAT43.8_LON-43.5,-0.3435764793704391,4500,deep
LAT43.8_LON-43.8,-0.3418150210504502,4500,deep
LAT43.8_LON-43.9,-0.34467990448449254,4500,deep
LAT43.8_LON-44.0,-0.34207727087926304,4500,deep
LAT43.8_LON-44.1,-0.3440714013701322,4500,deep
LAT43.8_LON-44.5,-0.3418870024280078,4500,deep
LAT43.9_LON-35.1,-0.34805561404745256,4500,deep
LAT43.9_LON-35.2,-0.34278964083441754,4500,deep
LAT43.9_LON-35.6,-0.3430639771939438,4500,deep
LAT43.9_LON-36.3,-0.3403295805885937,4500,deep
LAT43.9_LON-37.7,-0.34294734118138037,4500,deep
LAT43.9_LON-38.0,-0.3431233149672406,4500,deep
LAT43.9_LON-38.3,-0.3412266874263399,4500,deep
LAT43.9_LON-38.4,-0.342480037187012,4500,deep
LAT43.9_LON-38.5,-0.3461539836487382,4500,deep
LAT43.9_LON-38.9,-0.34339346562019457,4500,deep
LAT43.9_LON-39.1,-0.3413173553685051,4500,deep
LAT43.9_LON-39.9,-0.342645991011153,4500,deep
LAT43.9_LON-40.1,-0.3388832751271707,4500,deep
LAT43.9_LON-40.5,-0.34391086370838436,4500,deep
LAT43.9_LON-40.7,-0.3459145126050792,4500,deep
LAT43.9_LON-41.7,-0.34307308836312755,4500,deep
LAT43.9_LON-42.3,-0.3440119595362422,4500,deep
LAT43.9_LON-42.6,-0.3446304173037644,4500,deep
LAT43.9_LON-42.7,-0.34412454198387965,4500,deep
LAT43.9_LON-42.8,-0.34498540044046694,4500,deep
LAT43.9_LON-43.4,-0.3420688480316065,4500,deep
LAT43.9_LON-43.5,-0.34337924036046874,4500,deep
LAT43.9_LON-43.6,-0.3448480603047116,4500,deep
LAT43.9_LON-43.7,-0.34377675340083125,4500,deep
LAT43.9_LON-43.8,-0.34276014397976423,4500,deep
LAT43.9_LON-43.9,-0.3432082127551717,4500,deep
LAT43.9_LON-44.0,-0.3437719274758107,4500,deep
LAT43.9_LON-44.1,-0.34319104803698075,4500,deep
LAT43.9_LON-44.2,-0.3440846207862325,4500,deep
LAT43.9_LON-44.7,-0.3456660385554605,4500,deep
LAT43.9_LON-44.8,-0.34106296744482123,4500,deep
LAT44.0_LON-35.8,-0.3424643383506657,4500,deep
LAT44.0_LON-35.9,-0.3413149860590435,4500,deep
LAT44.0_LON-36.4,-0.33881163744887305,4500,deep
LAT44.0_LON-37.5,-0.3485679851752175,4500,deep
LAT44.0_LON-39.0,-0.34364003796118037,4500,deep
LAT44.0_LON-39.4,-0.34399835342902535,4500,deep
LAT44.0_LON-39.9,-0.34449833802661023,4500,deep
LAT44.0_LON-40.7,-0.3411239289419536,4500,deep
LAT44.0_LON-40.8,-0.3436902750706244,4500,deep
LAT44.0_LON-41.2,-0.34137289937001364,4500,deep
LAT44.0_LON-41.4,-0.3437341232440041,4500,deep
LAT44.0_LON-41.5,-0.34498460825342986,4500,deep
LAT44.0_LON-42.8,-0.3457555110882843,4500,deep
LAT44.0_LON-43.2,-0.3448480603047116,4500,deep
LAT44.0_LON-43.4,-0.3421767330642989,4500,deep
LAT44.0_LON-43.5,-0.3440610018520312,4500,deep
LAT44.0_LON-43.6,-0.33961005753133855,4500,deep
LAT44.0_LON-43.8,-0.34270136375897114,4500,deep
LAT44.0_LON-43.9,-0.34315222030351294,4500,deep
LAT44.0_LON-44.0,-0.34169289198377384,4500,deep
LAT44.0_LON-44.1,-0.3442900182014464,4500,deep
LAT44.0_LON-44.2,-0.33951321208680435,4500,deep
LAT44.0_LON-44.4,-0.34599845111964855,4500,deep
LAT44.0_LON-44.6,-0.3401950043627685,4500,deep
LAT44.1_LON-35.1,-0.3422070564269586,4500,deep
LAT44.1_LON-35.3,-0.341778589614076,4500,deep
LAT44.1_LON-35.6,-0.34340056688164255,4500,deep
LAT44.1_LON-35.7,-0.34401622951864425,4500,deep
LAT44.1_LON-35.8,-0.3471811496167998,4500,deep
LAT44.1_LON-35.9,-0.3398851758916372,4500,deep
LAT44.1_LON-36.2,-0.3446408505834119,4500,deep
LAT44.1_LON-36.3,-0.3434162030791327,4500,deep
LAT44.1_LON-36.4,-0.3443768928340044,4500,deep
LAT44.1_LON-36.6,-0.34379865540565646,4500,deep
LAT44.1_LON-39.3,-0.34385121621639586,4500,deep
LAT44.1_LON-39.8,-0.34464653890626185,4500,deep
LAT44.1_LON-42.3,-0.3426585223133627,4500,deep
LAT44.1_LON-42.5,-0.3467318034161148,4500,deep
LAT44.1_LON-42.7,-0.3395674057652842,4500,deep
LAT44.1_LON-42.8,-0.3447970972974563,4500,deep
LAT44.1_LON-42.9,-0.34663798702431986,4500,deep
LAT44.1_LON-43.0,-0.3445681807046039,4500,deep
LAT44.1_LON-43.1,-0.3434065427482415,4500,deep
LAT44.1_LON-43.2,-0.34429482340312023,4500,deep
LAT44.1_LON-43.3,-0.33881163744887305,4500,deep
LAT44.1_LON-43.6,-0.3441160927486848,4500,deep
LAT44.1_LON-43.8,-0.34455367895998606,4500,deep
LAT44.1_LON-43.9,-0.34216918236386185,4500,deep
LAT44.1_LON-44.0,-0.3428270428936406,4500,deep
LAT44.1_LON-44.4,-0.3466154685584836,4500,deep
LAT44.1_LON-44.6,-0.34289185825789675,4500,deep
LAT44.1_LON-44.7,-0.34449833802661023,4500,deep
LAT44.1_LON-44.9,-0.3412266874263399,4500,deep
LAT44.1_LON-45.0,-0.34445979869827875,4500,deep
LAT44.2_LON-35.3,-0.34295343318326865,4500,deep
LAT44.2_LON-35.7,-0.3471811496167998,4500,deep
LAT44.2_LON-35.9,-0.3438323448328162,4500,deep
LAT44.2_LON-37.4,-0.34138980233183286,4500,deep
LAT44.2_LON-37.7,-0.3411022351750585,4500,deep
LAT44.2_LON-39.1,-0.3440794423228646,4500,deep
LAT44.2_LON-39.2,-0.3440610018520312,4500,deep
LAT44.2_LON-39.5,-0.34459731125094006,4500,deep
LAT44.2_LON-39.6,-0.3432447732950394,4500,deep
LAT44.2_LON-39.7,-0.339949769011719,4500,deep
LAT44.2_LON-39.8,-0.3407687433083666,4500,deep
LAT44.2_LON-39.9,-0.3458680839196608,4500,deep
LAT44.2_LON-40.0,-0.34449833802661023,4500,deep
LAT44.2_LON-40.3,-0.3439544336531759,4500,deep
LAT44.2_LON-40.4,-0.3433640036296484,4500,deep
LAT44.2_LON-40.7,-0.3460770903645508,4500,deep
LAT44.2_LON-40.8,-0.34362426195031726,4500,deep
LAT44.2_LON-41.9,-0.34211547354608,4500,deep
LAT44.2_LON-42.4,-0.3410285395321009,4500,deep
LAT44.2_LON-42.6,-0.3447970972974563,4500,deep
LAT44.2_LON-42.7,-0.34525157365178993,4500,deep
LAT44.2_LON-42.8,-0.344127488737632,4500,deep
LAT44.2_LON-42.9,-0.3440896647956592,4500,deep
LAT44.2_LON-43.0,-0.3414418292773257,4500,deep
LAT44.2_LON-43.1,-0.3426082160662775,4500,deep
LAT44.2_LON-43.2,-0.3434065427482415,4500,deep
LAT44.2_LON-43.3,-0.34138980233183286,4500,deep
LAT44.2_LON-43.4,-0.34638455704236937,4500,deep
LAT44.2_LON-43.5,-0.34130917306806763,4500,deep
LAT44.2_LON-43.6,-0.34478011080077,4500,deep
LAT44.2_LON-43.7,-0.34437441455655643,4500,deep
LAT44.2_LON-43.8,-0.34449833802661023,4500,deep
LAT44.2_LON-43.9,-0.3424730487269474,4500,deep
LAT44.2_LON-44.0,-0.3444523153331696,4500,deep
LAT44.2_LON-44.2,-0.34408055046355235,4500,deep
LAT44.2_LON-44.3,-0.3460085839827351,4500,deep
LAT44.2_LON-44.7,-0.33901710935552337,4500,deep
LAT44.2_LON-44.9,-0.3461436253187362,4500,deep
LAT44.2_LON-45.0,-0.3412561802948495,4500,deep
LAT44.3_LON-35.4,-0.34362426195031726,4500,deep
LAT44.3_LON-35.6,-0.3434445527030389,4500,deep
LAT44.3_LON-36.2,-0.3444458093833614,4500,deep
LAT44.3_LON-39.2,-0.34428664812477394,4500,deep
LAT44.3_LON-39.4,-0.34445400570999263,4500,deep
LAT44.3_LON-39.6,-0.34112192085668536,4500,deep
LAT44.3_LON-40.0,-0.3424730487269474,4500,deep
LAT44.3_LON-40.1,-0.34364003796118037,4500,deep
LAT44.3_LON-40.3,-0.34465902484920286,4500,deep
LAT44.3_LON-40.4,-0.33951321208680435,4500,deep
LAT44.3_LON-40.6,-0.34481484070631147,4500,deep
LAT44.3_LON-40.7,-0.3423409246754552,4500,deep
LAT44.3_LON-40.8,-0.3461671193350054,4500,deep
LAT44.3_LON-40.9,-0.3447970972974563,4500,deep
LAT44.3_LON-41.0,-0.34456838181740457,4500,deep
LAT44.3_LON-41.1,-0.3404904806300104,4500,deep
LAT44.3_LON-41.7,-0.34213719146846255,4500,deep
LAT44.3_LON-42.1,-0.3420740903642161,4500,deep
LAT44.3_LON-42.6,-0.3409459382947231,4500,deep
LAT44.3_LON-42.8,-0.3455075898198585,4500,deep
LAT44.3_LON-42.9,-0.34428664812477394,4500,deep
LAT44.3_LON-43.0,-0.3434844851855685,4500,deep
LAT44.3_LON-43.5,-0.3453623849512816,4500,deep
LAT44.3_LON-43.6,-0.3452037370698213,4500,deep
LAT44.3_LON-43.7,-0.34137289937001364,4500,deep
LAT44.3_LON-43.8,-0.34393695586625195,4500,deep
LAT44.3_LON-43.9,-0.34302534291298936,4500,deep
LAT44.3_LON-44.0,-0.34307308836312755,4500,deep
LAT44.3_LON-44.1,-0.3427063751135206,4500,deep
LAT44.3_LON-44.2,-0.34561191195255714,4500,deep
LAT44.3_LON-44.3,-0.3442900182014464,4500,deep
LAT44.3_LON-44.6,-0.3442900182014464,4500,deep
LAT44.3_LON-44.9,-0.340955463779094,4500,deep
LAT44.4_LON-35.1,-0.34301037518477884,4500,deep
LAT44.4_LON-35.9,-0.3420339417704392,4500,deep
LAT44.4_LON-36.6,-0.3413149860590435,4500,deep
LAT44.4_LON-37.3,-0.3410539202998184,4500,deep
LAT44.4_LON-37.4,-0.34213719146846255,4500,deep
LAT44.4_LON-38.9,-0.33961005753133855,4500,deep
LAT44.4_LON-39.2,-0.3422100748975007,4500,deep
LAT44.4_LON-40.0,-0.3415198871746975,4500,deep
LAT44.4_LON-40.4,-0.3422070564269586,4500,deep
LAT44.4_LON-40.5,-0.3425166007142768,4500,deep
LAT44.4_LON-40.7,-0.3441392733762026,4500,deep
LAT44.4_LON-40.8,-0.34311174759126706,4500,deep
LAT44.4_LON-41.4,-0.3440604907805356,4500,deep
LAT44.4_LON-41.6,-0.3460770903645508,4500,deep
LAT44.4_LON-42.1,-0.34365148089373754,4500,deep
LAT44.4_LON-42.5,-0.3418862263910757,4500,deep
LAT44.4_LON-42.7,-0.34339346562019457,4500,deep
LAT44.4_LON-42.9,-0.34288381574580534,4500,deep
LAT44.4_LON-43.0,-0.3426172773966611,4500,deep
LAT44.4_LON-43.3,-0.34357447872417335,4500,deep
LAT44.4_LON-43.5,-0.3442836742332073,4500,deep
LAT44.4_LON-43.6,-0.3420413243306166,4500,deep
LAT44.4_LON-43.7,-0.3439020588869496,4500,deep
LAT44.4_LON-43.9,-0.3450026169741234,4500,deep
LAT44.4_LON-44.1,-0.3414677007065352,4500,deep
LAT44.4_LON-44.2,-0.3426585223133627,4500,deep
LAT44.4_LON-44.4,-0.3466154685584836,4500,deep
LAT44.4_LON-44.6,-0.3446626697494859,4500,deep
LAT44.4_LON-44.7,-0.34138980233183286,4500,deep
LAT44.4_LON-44.9,-0.3419803374805035,4500,deep
LAT44.5_LON-35.0,-0.34455946142066907,4500,deep
LAT44.5_LON-35.2,-0.34201796945621427,4500,deep
LAT44.5_LON-35.6,-0.3412696930317365,4500,deep
LAT44.5_LON-35.8,-0.3461671193350054,4500,deep
LAT44.5_LON-36.1,-0.3436902750706244,4500,deep
LAT44.5_LON-36.3,-0.3441748824913921,4500,deep
LAT44.5_LON-36.8,-0.3424637863070969,4500,deep
LAT44.5_LON-37.4,-0.3417904185707577,4500,deep
LAT44.5_LON-40.6,-0.3431201576514458,4500,deep
LAT44.5_LON-40.7,-0.3422781686037044,4500,deep
LAT44.5_LON-40.8,-0.34111313997972154,4500,deep
LAT44.5_LON-41.0,-0.34456838181740457,4500,deep
LAT44.5_LON-41.2,-0.34393695586625195,4500,deep
LAT44.5_LON-41.8,-0.34385121621639586,4500,deep
LAT44.5_LON-41.9,-0.34244694538962156,4500,deep
LAT44.5_LON-42.0,-0.3437402945451422,4500,deep
LAT44.5_LON-42.3,-0.3435802453483636,4500,deep
LAT44.5_LON-42.6,-0.3411832702663075,4500,deep
LAT44.5_LON-42.8,-0.34146978963425517,4500,deep
LAT44.5_LON-42.9,-0.34597290234517564,4500,deep
LAT44.5_LON-43.1,-0.34399835342902535,4500,deep
LAT44.5_LON-43.3,-0.34228387515746583,4500,deep
LAT44.5_LON-43.6,-0.34099676235079157,4500,deep
LAT44.5_LON-43.7,-0.34426649933210024,4500,deep
LAT44.5_LON-43.8,-0.34282006723946035,4500,deep
LAT44.5_LON-43.9,-0.34339452014986904,4500,deep
LAT44.5_LON-44.0,-0.3428122223743684,4500,deep
LAT44.5_LON-44.1,-0.3452037370698213,4500,deep
LAT44.5_LON-44.3,-0.3442900182014464,4500,deep
LAT44.5_LON-44.4,-0.3419676689189523,4500,deep
LAT44.5_LON-44.5,-0.3438414078969658,4500,deep
LAT44.5_LON-44.7,-0.3454903329935874,4500,deep
LAT44.6_LON-35.1,-0.3425593574098576,4500,deep
LAT44.6_LON-35.7,-0.34136316767327485,4500,deep
LAT44.6_LON-36.1,-0.3471789331393552,4500,deep
LAT44.6_LON-36.4,-0.34362426195031726,4500,deep
LAT44.6_LON-36.5,-0.3439009528323855,4500,deep
LAT44.6_LON-37.9,-0.3457792514013489,4500,deep
LAT44.6_LON-39.0,-0.34522092890113354,4500,deep
LAT44.6_LON-39.2,-0.3428917123244198,4500,deep
LAT44.6_LON-40.6,-0.3439020588869496,4500,deep
LAT44.6_LON-40.8,-0.3413427370799128,4500,deep
LAT44.6_LON-40.9,-0.34334726671009175,4500,deep
LAT44.6_LON-41.0,-0.34137289937001364,4500,deep
LAT44.6_LON-41.1,-0.345452743379965,4500,deep
LAT44.6_LON-41.3,-0.3412696930317365,4500,deep
LAT44.6_LON-41.4,-0.3435834291767195,4500,deep
LAT44.6_LON-41.5,-0.34112600485887,4500,deep
LAT44.6_LON-41.7,-0.3414157811280892,4500,deep
LAT44.6_LON-41.8,-0.3412266874263399,4500,deep
LAT44.6_LON-42.0,-0.3454903329935874,4500,deep
LAT44.6_LON-42.3,-0.3426585223133627,4500,deep
LAT44.6_LON-42.5,-0.3412266874263399,4500,deep
LAT44.6_LON-43.0,-0.3448056302697343,4500,deep
LAT44.6_LON-43.4,-0.34368926686127377,4500,deep
LAT44.6_LON-43.5,-0.34638455704236937,4500,deep
LAT44.6_LON-43.7,-0.3412266874263399,4500,deep
LAT44.6_LON-43.8,-0.34288607902649737,4500,deep
LAT44.6_LON-44.0,-0.34449833802661023,4500,deep
LAT44.6_LON-44.1,-0.34361345549120215,4500,deep
LAT44.6_LON-44.2,-0.34292673832694603,4500,deep
LAT44.6_LON-44.4,-0.34373822242453334,4500,deep
LAT44.6_LON-44.9,-0.34130917306806763,4500,deep
LAT44.7_LON-35.4,-0.3425559239082893,4500,deep
LAT44.7_LON-36.8,-0.34527012745545144,4500,deep
LAT44.7_LON-37.2,-0.3438496821776413,4500,deep
LAT44.7_LON-37.3,-0.34294377375203433,4500,deep
LAT44.7_LON-38.5,-0.3447970972974563,4500,deep
LAT44.7_LON-39.5,-0.33951321208680435,4500,deep
LAT44.7_LON-39.7,-0.3426082160662775,4500,deep
LAT44.7_LON-40.0,-0.3419990091990552,4500,deep
LAT44.7_LON-40.1,-0.3457916331922305,4500,deep
LAT44.7_LON-40.3,-0.33916029820398685,4500,deep
LAT44.7_LON-40.7,-0.34312996852681066,4500,deep
LAT44.7_LON-40.8,-0.343318881241313,4500,deep
LAT44.7_LON-41.0,-0.3442900182014464,4500,deep
LAT44.7_LON-41.1,-0.3422591074971123,4500,deep
LAT44.7_LON-41.7,-0.3441317801134965,4500,deep
LAT44.7_LON-41.9,-0.3440604907805356,4500,deep
LAT44.7_LON-42.2,-0.34809804279406126,4500,deep
LAT44.7_LON-42.3,-0.34445400570999263,4500,deep
LAT44.7_LON-42.4,-0.34401622951864425,4500,deep
LAT44.7_LON-42.5,-0.3413328581453805,4500,deep
LAT44.7_LON-43.0,-0.3446408505834119,4500,deep
LAT44.7_LON-43.2,-0.3403978530731717,4500,deep
LAT44.7_LON-43.3,-0.34228387515746583,4500,deep
LAT44.7_LON-43.4,-0.3444207125098356,4500,deep
LAT44.7_LON-43.5,-0.34148861241332673,4500,deep
LAT44.7_LON-43.6,-0.34277394143857914,4500,deep
LAT44.7_LON-43.7,-0.34508634783346037,4500,deep
LAT44.7_LON-43.8,-0.342194618740487,4500,deep
LAT44.7_LON-43.9,-0.3461539836487382,4500,deep
LAT44.7_LON-44.1,-0.343020252117443,4500,deep
LAT44.7_LON-44.2,-0.344169872961788,4500,deep
LAT44.7_LON-44.4,-0.342480037187012,4500,deep
LAT44.7_LON-44.5,-0.34283372725643585,4500,deep
LAT44.8_LON-36.1,-0.3439849187947719,4500,deep
LAT44.8_LON-36.5,-0.34339109184244987,4500,deep
LAT44.8_LON-37.0,-0.34338790478253667,4500,deep
LAT44.8_LON-37.3,-0.3434832597832517,4500,deep
LAT44.8_LON-37.6,-0.34388428901978396,4500,deep
LAT44.8_LON-38.9,-0.34310241827860144,4500,deep
LAT44.8_LON-39.2,-0.3426585223133627,4500,deep
LAT44.8_LON-39.8,-0.3414157811280892,4500,deep
LAT44.8_LON-39.9,-0.3412696930317365,4500,deep
LAT44.8_LON-40.6,-0.3419803374805035,4500,deep
LAT44.8_LON-40.9,-0.34310241827860144,4500,deep
LAT44.8_LON-41.1,-0.3474395069047317,4500,deep
LAT44.8_LON-41.2,-0.3433798389625129,4500,deep
LAT44.8_LON-42.0,-0.33887182552497896,4500,deep
LAT44.8_LON-42.3,-0.343318881241313,4500,deep
LAT44.8_LON-42.4,-0.34377862063861025,4500,deep
LAT44.8_LON-42.7,-0.34244694538962156,4500,deep
LAT44.8_LON-42.8,-0.3442053912181245,4500,deep
LAT44.8_LON-43.1,-0.33961005753133855,4500,deep
LAT44.8_LON-43.2,-0.3453623849512816,4500,deep
LAT44.8_LON-43.3,-0.3425066415797584,4500,deep
LAT44.8_LON-43.4,-0.3442900182014464,4500,deep
LAT44.8_LON-43.5,-0.342480037187012,4500,deep
LAT44.8_LON-43.7,-0.3410930235914052,4500,deep
LAT44.8_LON-43.9,-0.3429556872669253,4500,deep
LAT44.8_LON-44.0,-0.3413775520834487,4500,deep
LAT44.8_LON-44.2,-0.3425120845641145,4500,deep
LAT44.8_LON-44.5,-0.3440896647956592,4500,deep
LAT44.8_LON-44.7,-0.345221925505852,4500,deep
LAT44.8_LON-45.0,-0.34307308836312755,4500,deep
LAT44.9_LON-35.2,-0.34456838181740457,4500,deep
LAT44.9_LON-35.5,-0.34361345549120215,4500,deep
LAT44.9_LON-35.9,-0.34638455704236937,4500,deep
LAT44.9_LON-36.7,-0.3411181046495504,4500,deep
LAT44.9_LON-37.3,-0.3440794423228646,4500,deep
LAT44.9_LON-37.4,-0.339949769011719,4500,deep
LAT44.9_LON-39.2,-0.33951321208680435,4500,deep
LAT44.9_LON-39.3,-0.3482946612291063,4500,deep
LAT44.9_LON-39.4,-0.34368926686127377,4500,deep
LAT44.9_LON-39.5,-0.3432447732950394,4500,deep
LAT44.9_LON-39.6,-0.3442304785363561,4500,deep
LAT44.9_LON-39.7,-0.3430393440087775,4500,deep
LAT44.9_LON-39.8,-0.34459731125094006,4500,deep
LAT44.9_LON-40.3,-0.3426082160662775,4500,deep
LAT44.9_LON-40.7,-0.34130917306806763,4500,deep
LAT44.9_LON-41.0,-0.3439175562262097,4500,deep
LAT44.9_LON-41.3,-0.3413775520834487,4500,deep
LAT44.9_LON-41.6,-0.34752832156253427,4500,deep
LAT44.9_LON-41.7,-0.34405038959867573,4500,deep
LAT44.9_LON-41.9,-0.3435489460704464,4500,deep
LAT44.9_LON-42.1,-0.3442642834554483,4500,deep
LAT44.9_LON-42.5,-0.3440808748286945,4500,deep
LAT44.9_LON-42.6,-0.3418190998233066,4500,deep
LAT44.9_LON-42.7,-0.34527453692176624,4500,deep
LAT44.9_LON-42.8,-0.3422489101701171,4500,deep
LAT44.9_LON-43.0,-0.3440846207862325,4500,deep
LAT44.9_LON-43.1,-0.3453478080481056,4500,deep
LAT44.9_LON-43.2,-0.3423409246754552,4500,deep
LAT44.9_LON-43.3,-0.3428294828728714,4500,deep
LAT44.9_LON-43.6,-0.3423409246754552,4500,deep
LAT44.9_LON-43.7,-0.3442968078236033,4500,deep
LAT44.9_LON-43.8,-0.3440152299341692,4500,deep
LAT44.9_LON-43.9,-0.34221755752091615,4500,deep
LAT44.9_LON-44.0,-0.3444640596590292,4500,deep
LAT44.9_LON-44.2,-0.3434445527030389,4500,deep
LAT44.9_LON-44.3,-0.3452023218612248,4500,deep
LAT44.9_LON-44.4,-0.3454903329935874,4500,deep
LAT45.0_LON-35.0,-0.34340056688164255,4500,deep
LAT45.0_LON-36.5,-0.3441317801134965,4500,deep
LAT45.0_LON-39.3,-0.3433488293116451,4500,deep
LAT45.0_LON-39.4,-0.3413775520834487,4500,deep
LAT45.0_LON-39.5,-0.3430277109133968,4500,deep
LAT45.0_LON-39.6,-0.3441953044281669,4500,deep
LAT45.0_LON-39.8,-0.34300952262189843,4500,deep
LAT45.0_LON-40.1,-0.3445824091414898,4500,deep
LAT45.0_LON-40.7,-0.3398778673490825,4500,deep
LAT45.0_LON-40.9,-0.3420421790255565,4500,deep
LAT45.0_LON-41.5,-0.3419803374805035,4500,deep
LAT45.0_LON-41.8,-0.34330494190317873,4500,deep
LAT45.0_LON-42.0,-0.34590407833658376,4500,deep
LAT45.0_LON-42.1,-0.3399448209715496,4500,deep
LAT45.0_LON-42.2,-0.343409262194491,4500,deep
LAT45.0_LON-42.3,-0.34346757751527285,4500,deep
LAT45.0_LON-42.7,-0.34053372498608947,4500,deep
LAT45.0_LON-43.2,-0.3433838098290799,4500,deep
LAT45.0_LON-43.3,-0.34393695586625195,4500,deep
LAT45.0_LON-43.4,-0.3445135899300154,4500,deep
LAT45.0_LON-43.8,-0.34310241827860144,4500,deep
LAT45.0_LON-44.1,-0.3434923990762588,4500,deep
LAT45.0_LON-44.4,-0.34449833802661023,4500,deep
LAT48.0_LON-4.5,-0.3430961295080703,60,shallow
LAT48.0_LON-4.6,-0.34522513390469,60,shallow
LAT48.0_LON-4.7,-0.34429949950308675,60,shallow
LAT48.0_LON-4.8,-0.34288598491869887,60,shallow
LAT48.0_LON-4.9,-0.34496519542757226,60,shallow
LAT48.0_LON-5.0,-0.34346121164742316,60,shallow
LAT48.1_LON-4.3,-0.34238069340735827,60,shallow
LAT48.1_LON-4.4,-0.34212175948671075,60,shallow
LAT48.1_LON-4.5,-0.34318747101360725,60,shallow
LAT48.1_LON-4.6,-0.3434707093612101,60,shallow
LAT48.1_LON-4.7,-0.3420322621025292,60,shallow
LAT48.1_LON-4.8,-0.34225592773648295,60,shallow
LAT48.1_LON-4.9,-0.3425885623482089,60,shallow
LAT48.1_LON-5.0,-0.34260077371048325,60,shallow
LAT48.2_LON-4.3,-0.3444684753714573,60,shallow
LAT48.2_LON-4.4,-0.3431691715447851,60,shallow
LAT48.2_LON-4.5,-0.34359427348423516,60,shallow
LAT48.2_LON-4.6,-0.3431089051134231,60,shallow
LAT48.2_LON-4.7,-0.3459068199382758,60,shallow
LAT48.2_LON-4.8,-0.3427307210134993,60,shallow
LAT48.2_LON-4.9,-0.3438584558654736,60,shallow
LAT48.2_LON-5.0,-0.34223690977417315,60,shallow
LAT48.3_LON-4.3,-0.3434903124981351,60,shallow
LAT48.3_LON-4.4,-0.3429341973095293,60,shallow
LAT48.3_LON-4.5,-0.3439897629566814,60,shallow
LAT48.3_LON-4.6,-0.34275463016954566,60,shallow
LAT48.3_LON-4.7,-0.34371904255881397,60,shallow
LAT48.3_LON-4.8,-0.34283028573586377,60,shallow
LAT48.3_LON-4.9,-0.3447722117659341,60,shallow
LAT48.3_LON-5.0,-0.3432019629104002,60,shallow
LAT48.4_LON-4.4,-0.3421049357825606,60,shallow
LAT48.4_LON-4.5,-0.3431849635134451,60,shallow
LAT48.4_LON-4.6,-0.34210921060046473,60,shallow
LAT48.4_LON-4.8,-0.342789233276258,60,shallow
LAT48.4_LON-4.9,-0.34184561920809936,60,shallow
LAT48.4_LON-5.0,-0.3413686658513335,60,shallow
LAT48.5_LON-4.8,-0.34304840995038777,60,shallow
LAT48.5_LON-4.9,-0.3448283571488953,60,shallow
LAT48.5_LON-5.0,-0.34159509090317963,60,shallow
LAT48.6_LON-1.7,-0.34248692900129357,60,shallow
LAT48.6_LON-2.0,-0.34531093509115446,60,shallow
LAT48.6_LON-2.1,-0.34217945141522965,60,shallow
LAT48.6_LON-2.2,-0.3433078908357542,60,shallow
LAT48.6_LON-2.3,-0.34337415283532097,60,shallow
LAT48.6_LON-2.5,-0.3445276727491098,60,shallow
LAT48.6_LON-2.6,-0.34411307260476887,60,shallow
LAT48.6_LON-2.7,-0.3414608714954209,60,shallow
LAT48.6_LON-2.8,-0.34409615910020064,60,shallow
LAT48.6_LON-4.6,-0.3423328331027086,60,shallow
LAT48.6_LON-4.7,-0.342878217376659,60,shallow
LAT48.6_LON-4.8,-0.3451094862848151,60,shallow
LAT48.6_LON-4.9,-0.3428030824121998,60,shallow
LAT48.6_LON-5.0,-0.3438368617988249,60,shallow
LAT48.7_LON-1.6,-0.344956694325478,60,shallow
LAT48.7_LON-1.7,-0.3436760906478055,60,shallow
LAT48.7_LON-1.8,-0.3428594937893611,60,shallow
LAT48.7_LON-1.9,-0.34188796990634396,60,shallow
LAT48.7_LON-2.1,-0.34212677900867333,60,shallow
LAT48.7_LON-2.2,-0.34277184260083554,60,shallow
LAT48.7_LON-2.3,-0.34034312897316144,60,shallow
LAT48.7_LON-2.4,-0.343752771247263,60,shallow
LAT48.7_LON-2.5,-0.3435446976079021,60,shallow
LAT48.7_LON-2.6,-0.34325824672181104,60,shallow
LAT48.7_LON-2.7,-0.3424404595374334,60,shallow
LAT48.7_LON-2.8,-0.3440787427456237,60,shallow
LAT48.7_LON-2.9,-0.3419963790404347,60,shallow
LAT48.7_LON-3.8,-0.34525436498456313,60,shallow
LAT48.7_LON-3.9,-0.3420130690082032,60,shallow
LAT48.7_LON-4.0,-0.3441189111014246,60,shallow
LAT48.7_LON-4.1,-0.3418826621499365,60,shallow
LAT48.7_LON-4.2,-0.3445171265354525,60,shallow
LAT48.7_LON-4.3,-0.3422581477679597,60,shallow
LAT48.7_LON-4.4,-0.34238422684090203,60,shallow
LAT48.7_LON-4.5,-0.3426537014133704,60,shallow
LAT48.7_LON-4.6,-0.3428069810329537,60,shallow
LAT48.7_LON-4.7,-0.3443723572530989,60,shallow
LAT48.7_LON-4.8,-0.3430502346142708,60,shallow
LAT48.7_LON-4.9,-0.34398591950136026,60,shallow
LAT48.7_LON-5.0,-0.34265176598566516,60,shallow
LAT48.8_LON-1.6,-0.3426861975739975,60,shallow
LAT48.8_LON-1.7,-0.342448405395829,60,shallow
LAT48.8_LON-1.8,-0.3413220743645112,60,shallow
LAT48.8_LON-1.9,-0.34356212244378165,60,shallow
LAT48.8_LON-2.0,-0.342248866676635,60,shallow
LAT48.8_LON-2.1,-0.34213146659172444,60,shallow
LAT48.8_LON-2.2,-0.34094331573456443,60,shallow
LAT48.8_LON-2.3,-0.34347582508635877,60,shallow
LAT48.8_LON-2.4,-0.3443240180770579,60,shallow
LAT48.8_LON-2.5,-0.3435911604486863,60,shallow
LAT48.8_LON-2.6,-0.34404298896203017,60,shallow
LAT48.8_LON-2.7,-0.34566927604943076,60,shallow
LAT48.8_LON-2.8,-0.34202912487473547,60,shallow
LAT48.8_LON-2.9,-0.3429744185491395,60,shallow
LAT48.8_LON-3.0,-0.3450354428186199,60,shallow
LAT48.8_LON-3.1,-0.34254570023782555,60,shallow
LAT48.8_LON-3.3,-0.3428951443700569,60,shallow
LAT48.8_LON-3.4,-0.3426415141766865,60,shallow
LAT48.8_LON-3.5,-0.34155048091953705,60,shallow
LAT48.8_LON-3.6,-0.35022313730710086,60,shallow
LAT48.8_LON-3.7,-0.34332206312061286,60,shallow
LAT48.8_LON-3.9,-0.34445172837374644,60,shallow
LAT48.8_LON-4.0,-0.34344052037592876,60,shallow
LAT48.8_LON-4.1,-0.3439417373784585,60,shallow
LAT48.8_LON-4.2,-0.34283742973154835,60,shallow
LAT48.8_LON-4.3,-0.34228003219481984,60,shallow
LAT48.8_LON-4.4,-0.3436155758578864,60,shallow
LAT48.8_LON-4.5,-0.3429659700816208,60,shallow
LAT48.8_LON-4.6,-0.342769202999943,60,shallow
LAT48.8_LON-4.7,-0.34281452340760116,60,shallow
LAT48.8_LON-4.8,-0.3422053799006926,60,shallow
LAT48.8_LON-4.9,-0.34289868593283285,60,shallow
LAT48.8_LON-5.0,-0.3437054160349313,60,shallow
LAT48.9_LON-1.6,-0.3443929946227711,60,shallow
LAT48.9_LON-1.7,-0.342066131143327,60,shallow
LAT48.9_LON-1.8,-0.3429518732661264,60,shallow
LAT48.9_LON-1.9,-0.3436803269487045,60,shallow
LAT48.9_LON-2.0,-0.3445350323733334,60,shallow
LAT48.9_LON-2.1,-0.3425979929340723,60,shallow
LAT48.9_LON-2.2,-0.34315598309060497,60,shallow
LAT48.9_LON-2.3,-0.34195267656262285,60,shallow
LAT48.9_LON-2.4,-0.3444456988185673,60,shallow
LAT48.9_LON-2.5,-0.3416683683298452,60,shallow
LAT48.9_LON-2.6,-0.3408669053608195,60,shallow
LAT48.9_LON-2.7,-0.34372528203189573,60,shallow
LAT48.9_LON-2.8,-0.34326408853308177,60,shallow
LAT48.9_LON-2.9,-0.34250489537828277,60,shallow
LAT48.9_LON-3.0,-0.342269111328409,60,shallow
LAT48.9_LON-3.1,-0.3417975113670286,60,shallow
LAT48.9_LON-3.2,-0.3434900489206624,60,shallow
LAT48.9_LON-3.3,-0.34236192697420964,60,shallow
LAT48.9_LON-3.4,-0.34245217989022075,60,shallow
LAT48.9_LON-3.5,-0.3418474985540526,60,shallow
LAT48.9_LON-3.6,-0.3433741444256066,60,shallow
LAT48.9_LON-3.7,-0.3524613568840884,60,shallow
LAT48.9_LON-3.8,-0.34441667772472,60,shallow
LAT48.9_LON-3.9,-0.34249497886793473,60,shallow
LAT48.9_LON-4.0,-0.344365226740851,60,shallow
LAT48.9_LON-4.1,-0.34391775311268075,60,shallow
LAT48.9_LON-4.2,-0.34284157520333275,60,shallow
LAT48.9_LON-4.3,-0.343140639443213,60,shallow
LAT48.9_LON-4.4,-0.3432214824894915,60,shallow
LAT48.9_LON-4.5,-0.34328672357130924,60,shallow
LAT48.9_LON-4.6,-0.34241362970891304,60,shallow
LAT48.9_LON-4.7,-0.34158065669097537,60,shallow
LAT48.9_LON-4.8,-0.3430627196557018,60,shallow
LAT48.9_LON-4.9,-0.342198155479249,60,shallow
LAT48.9_LON-5.0,-0.34384581049879276,60,shallow
LAT49.0_LON-1.6,-0.3426212922347214,60,shallow
LAT49.0_LON-1.7,-0.34313522925080675,60,shallow
LAT49.0_LON-1.8,-0.34278425132120094,60,shallow
LAT49.0_LON-1.9,-0.3422173759158197,60,shallow
LAT49.0_LON-2.0,-0.34347399644551546,60,shallow
LAT49.0_LON-2.1,-0.3422232883193696,60,shallow
LAT49.0_LON-2.2,-0.3425453516086067,60,shallow
LAT49.0_LON-2.3,-0.34287480637693174,60,shallow
LAT49.0_LON-2.4,-0.3429351500777003,60,shallow
LAT49.0_LON-2.5,-0.34175502422149934,60,shallow
LAT49.0_LON-2.6,-0.34247007399995255,60,shallow
LAT49.0_LON-2.7,-0.3422805924012531,60,shallow
LAT49.0_LON-2.8,-0.34701053638815926,60,shallow
LAT49.0_LON-2.9,-0.3432279602031193,60,shallow
LAT49.0_LON-3.0,-0.339791600672275,60,shallow
LAT49.0_LON-3.1,-0.3452930604287192,60,shallow
LAT49.0_LON-3.2,-0.344042747125671,60,shallow
LAT49.0_LON-3.3,-0.3442637582573751,60,shallow
LAT49.0_LON-3.4,-0.34358771905131175,60,shallow
LAT49.0_LON-3.5,-0.3429833205278607,60,shallow
LAT49.0_LON-3.6,-0.343352203879119,60,shallow
LAT49.0_LON-3.7,-0.3419919422909612,60,shallow
LAT49.0_LON-3.8,-0.3432191158780923,60,shallow
LAT49.0_LON-3.9,-0.3424876062198472,60,shallow
LAT49.0_LON-4.0,-0.34302131588474133,60,shallow
LAT49.0_LON-4.1,-0.34445190798219744,60,shallow
LAT49.0_LON-4.2,-0.34477596890826107,60,shallow
LAT49.0_LON-4.3,-0.34492243465598904,60,shallow
LAT49.0_LON-4.4,-0.3420952082491235,60,shallow
LAT49.0_LON-4.5,-0.34290703997935224,60,shallow
LAT49.0_LON-4.6,-0.3429867327491848,60,shallow
LAT49.0_LON-4.7,-0.34382517083413533,60,shallow
LAT49.0_LON-4.8,-0.3429265798710209,60,shallow
LAT49.0_LON-4.9,-0.3434373666807555,60,shallow
LAT49.0_LON-5.0,-0.3428460704794348,60,shallow
LAT49.0_LON1.9,-0.34508616783248525,60,shallow
LAT49.1_LON-1.7,-0.34373773029971916,60,shallow
LAT49.1_LON-1.8,-0.3453965007978042,60,shallow
LAT49.1_LON-1.9,-0.34333631062284126,60,shallow
LAT49.1_LON-2.0,-0.3431725656491624,60,shallow
LAT49.1_LON-2.1,-0.34348105178253213,60,shallow
LAT49.1_LON-2.2,-0.3432072831001451,60,shallow
LAT49.1_LON-2.3,-0.34291832377431497,60,shallow
LAT49.1_LON-2.4,-0.3433070724751459,60,shallow
LAT49.1_LON-2.5,-0.3449154029210081,60,shallow
LAT49.1_LON-2.6,-0.3417713325829339,60,shallow
LAT49.1_LON-2.7,-0.34497592457236675,60,shallow
LAT49.1_LON-2.8,-0.3406119505415476,60,shallow
LAT49.1_LON-2.9,-0.3422197373546026,60,shallow
LAT49.1_LON-3.0,-0.3443521505307055,60,shallow
LAT49.1_LON-3.1,-0.34350065326696594,60,shallow
LAT49.1_LON-3.2,-0.3447769763441608,60,shallow
LAT49.1_LON-3.3,-0.34224931342366655,60,shallow
LAT49.1_LON-3.4,-0.3427785380320267,60,shallow
LAT49.1_LON-3.5,-0.34156660094496255,60,shallow
LAT49.1_LON-3.6,-0.34193491625151523,60,shallow
LAT49.1_LON-3.7,-0.3434590173780618,60,shallow
LAT49.1_LON-3.8,-0.3428423693545033,60,shallow
LAT49.1_LON-3.9,-0.3432306515993719,60,shallow
LAT49.1_LON-4.0,-0.3439615825364636,60,shallow
LAT49.1_LON-4.1,-0.34236485507350395,60,shallow
LAT49.1_LON-4.2,-0.3431902417538978,60,shallow
LAT49.1_LON-4.3,-0.34353317556714474,60,shallow
LAT49.1_LON-4.4,-0.3447260080701062,60,shallow
LAT49.1_LON-4.5,-0.34322458792486915,60,shallow
LAT49.1_LON-4.6,-0.34371799560256466,60,shallow
LAT49.1_LON-4.7,-0.34445873168059576,60,shallow
LAT49.1_LON-4.8,-0.34308999615804286,60,shallow
LAT49.1_LON-4.9,-0.34303387848265027,60,shallow
LAT49.1_LON-5.0,-0.34544037499678326,60,shallow
LAT49.1_LON1.5,-0.34507596917544353,60,shallow
LAT49.2_LON-1.6,-0.34541567709885196,60,shallow
LAT49.2_LON-1.7,-0.34217868110271443,60,shallow
LAT49.2_LON-1.8,-0.3466135027352255,60,shallow
LAT49.2_LON-1.9,-0.34359874259491496,60,shallow
LAT49.2_LON-2.1,-0.3418920078993967,60,shallow
LAT49.2_LON-2.2,-0.3422952815604118,60,shallow
LAT49.2_LON-2.3,-0.34327903835875084,60,shallow
LAT49.2_LON-2.4,-0.34393570029823783,60,shallow
LAT49.2_LON-2.5,-0.34388223871212853,60,shallow
LAT49.2_LON-2.6,-0.34219675814538303,60,shallow
LAT49.2_LON-2.7,-0.34206571332724534,60,shallow
LAT49.2_LON-2.8,-0.34251475387474506,60,shallow
LAT49.2_LON-2.9,-0.3418469211795448,60,shallow
LAT49.2_LON-3.0,-0.34242940461634097,60,shallow
LAT49.2_LON-3.1,-0.34286554308307354,60,shallow
LAT49.2_LON-3.2,-0.3431516535677952,60,shallow
LAT49.2_LON-3.3,-0.34308350187846914,60,shallow
LAT49.2_LON-3.4,-0.34212576204345735,60,shallow
LAT49.2_LON-3.5,-0.3442494354897656,60,shallow
LAT49.2_LON-3.6,-0.34226046368653007,60,shallow
LAT49.2_LON-3.7,-0.34266506478554454,60,shallow
LAT49.2_LON-3.8,-0.34352992917491154,60,shallow
LAT49.2_LON-3.9,-0.34376634527126865,60,shallow
LAT49.2_LON-4.0,-0.34190662707403824,60,shallow
LAT49.2_LON-4.1,-0.34558690072016274,60,shallow
LAT49.2_LON-4.2,-0.34295968121303616,60,shallow
LAT49.2_LON-4.3,-0.34356130079383684,60,shallow
LAT49.2_LON-4.4,-0.34354904062391944,60,shallow
LAT49.2_LON-4.5,-0.3423539089986583,60,shallow
LAT49.2_LON-4.6,-0.34261213411805225,60,shallow
LAT49.2_LON-4.7,-0.3419712624527668,60,shallow
LAT49.2_LON-4.8,-0.34284209558410894,60,shallow
LAT49.2_LON-4.9,-0.34334142732924994,60,shallow
LAT49.2_LON-5.0,-0.34362308493810984,60,shallow
LAT49.3_LON-0.1,-0.34317287906378435,60,shallow
LAT49.3_LON-0.2,-0.3437683558157752,60,shallow
LAT49.3_LON-0.3,-0.3420878813285191,60,shallow
LAT49.3_LON-0.5,-0.3434359263533974,60,shallow
LAT49.3_LON-0.8,-0.34261988033890056,60,shallow
LAT49.3_LON-1.7,-0.3424068115160626,60,shallow
LAT49.3_LON-1.8,-0.3443185512246327,60,shallow
LAT49.3_LON-1.9,-0.34201744161234277,60,shallow
LAT49.3_LON-2.0,-0.34235650944325074,60,shallow
LAT49.3_LON-2.1,-0.35189429157392316,60,shallow
LAT49.3_LON-2.2,-0.3449206072235489,60,shallow
LAT49.3_LON-2.3,-0.34188746916042007,60,shallow
LAT49.3_LON-2.4,-0.3419852353698075,60,shallow
LAT49.3_LON-2.5,-0.34262915521521803,60,shallow
LAT49.3_LON-2.6,-0.3429481418106121,60,shallow
LAT49.3_LON-2.7,-0.3450168792854856,60,shallow
LAT49.3_LON-2.8,-0.3430654095872707,60,shallow
LAT49.3_LON-2.9,-0.34340898096599726,60,shallow
LAT49.3_LON-3.0,-0.3436620234703218,60,shallow
LAT49.3_LON-3.1,-0.343838858297648,60,shallow
LAT49.3_LON-3.2,-0.34317313930775784,60,shallow
LAT49.3_LON-3.3,-0.3447798005056019,60,shallow
LAT49.3_LON-3.4,-0.34335556459208516,60,shallow
LAT49.3_LON-3.5,-0.3437300708347069,60,shallow
LAT49.3_LON-3.6,-0.3421924588602991,60,shallow
LAT49.3_LON-3.7,-0.3428960725347506,60,shallow
LAT49.3_LON-3.8,-0.3428115845054209,60,shallow
LAT49.3_LON-3.9,-0.34317250501633406,60,shallow
LAT49.3_LON-4.0,-0.3428018677357186,60,shallow
LAT49.3_LON-4.1,-0.3439585546180409,60,shallow
LAT49.3_LON-4.2,-0.34205500627848334,60,shallow
LAT49.3_LON-4.3,-0.3426988763117425,60,shallow
LAT49.3_LON-4.4,-0.34293257934293364,60,shallow
LAT49.3_LON-4.5,-0.34146799670599887,60,shallow
LAT49.3_LON-4.6,-0.34277881315761755,60,shallow
LAT49.3_LON-4.7,-0.3425643191708779,60,shallow
LAT49.3_LON-4.8,-0.34384102299110325,60,shallow
LAT49.3_LON-4.9,-0.3421776502849894,60,shallow
LAT49.3_LON-5.0,-0.3433999759676043,60,shallow
LAT49.3_LON0.0,-0.3493492251212844,60,shallow
LAT49.4_LON-0.1,-0.34340492275057816,60,shallow
LAT49.4_LON-0.2,-0.3424404968798372,60,shallow
LAT49.4_LON-0.3,-0.3421872395252587,60,shallow
LAT49.4_LON-0.4,-0.3446004139463624,60,shallow
LAT49.4_LON-0.5,-0.3437686426412057,60,shallow
LAT49.4_LON-0.6,-0.345234123085699,60,shallow
LAT49.4_LON-0.7,-0.3441447849335881,60,shallow
LAT49.4_LON-0.8,-0.34295763782273647,60,shallow
LAT49.4_LON-0.9,-0.3428298941494039,60,shallow
LAT49.4_LON-1.0,-0.34157088951238146,60,shallow
LAT49.4_LON-1.1,-0.3432924940010688,60,shallow
LAT49.4_LON-1.2,-0.3404197136432323,60,shallow
LAT49.4_LON-1.8,-0.34321733004202654,60,shallow
LAT49.4_LON-1.9,-0.34089098587721645,60,shallow
LAT49.4_LON-2.0,-0.345786078948571,60,shallow
LAT49.4_LON-2.1,-0.34165225125501597,60,shallow
LAT49.4_LON-2.2,-0.34298871823824767,60,shallow
LAT49.4_LON-2.3,-0.34187330941181154,60,shallow
LAT49.4_LON-2.4,-0.34225700809615395,60,shallow
LAT49.4_LON-2.5,-0.34406575300316683,60,shallow
LAT49.4_LON-2.6,-0.34412705874723915,60,shallow
LAT49.4_LON-2.7,-0.34323252875666854,60,shallow
LAT49.4_LON-2.8,-0.3440496722346289,60,shallow
LAT49.4_LON-2.9,-0.3425916816014143,60,shallow
LAT49.4_LON-3.0,-0.3436054938979057,60,shallow
LAT49.4_LON-3.1,-0.3447691866430498,60,shallow
LAT49.4_LON-3.2,-0.3433099993456782,60,shallow
LAT49.4_LON-3.3,-0.3436765342194762,60,shallow
LAT49.4_LON-3.4,-0.3407305652972011,60,shallow
LAT49.4_LON-3.5,-0.34302247305117817,60,shallow
LAT49.4_LON-3.6,-0.34228344288370716,60,shallow
LAT49.4_LON-3.7,-0.3424239069190686,60,shallow
LAT49.4_LON-3.8,-0.3427727165963803,60,shallow
LAT49.4_LON-3.9,-0.34489965332841804,60,shallow
LAT49.4_LON-4.0,-0.3429254772550642,60,shallow
LAT49.4_LON-4.1,-0.3473293854582343,60,shallow
LAT49.4_LON-4.2,-0.34446184173367084,60,shallow
LAT49.4_LON-4.3,-0.34453037497579747,60,shallow
LAT49.4_LON-4.4,-0.3436729174536616,60,shallow
LAT49.4_LON-4.5,-0.3448352497617469,60,shallow
LAT49.4_LON-4.6,-0.3450308651974942,60,shallow
LAT49.4_LON-4.7,-0.34463740306344587,60,shallow
LAT49.4_LON-4.8,-0.34396024761319466,60,shallow
LAT49.4_LON-4.9,-0.3441875582764406,60,shallow
LAT49.4_LON-5.0,-0.34328858882579655,60,shallow
LAT49.4_LON0.0,-0.3436683924843629,60,shallow
LAT49.4_LON0.1,-0.3435667212343591,60,shallow
LAT49.4_LON0.2,-0.34423961100734085,60,shallow
LAT49.4_LON0.3,-0.3420983421776488,60,shallow
LAT49.4_LON0.9,-0.3455270610552804,60,shallow
LAT49.4_LON1.0,-0.3419417473294733,60,shallow
LAT49.5_LON-0.1,-0.3431094187553941,60,shallow
LAT49.5_LON-0.2,-0.34208818122135937,60,shallow
LAT49.5_LON-0.3,-0.34238064489490094,60,shallow
LAT49.5_LON-0.4,-0.3423622041348027,60,shallow
LAT49.5_LON-0.5,-0.34348197520761214,60,shallow
LAT49.5_LON-0.6,-0.3439511405008596,60,shallow
LAT49.5_LON-0.7,-0.3424183724053027,60,shallow
LAT49.5_LON-0.8,-0.3425776052346957,60,shallow
LAT49.5_LON-0.9,-0.34275130252415537,60,shallow
LAT49.5_LON-1.0,-0.3427096276348839,60,shallow
LAT49.5_LON-1.1,-0.34226094253161155,60,shallow
LAT49.5_LON-1.2,-0.3431948572395836,60,shallow
LAT49.5_LON-1.3,-0.341216790303229,60,shallow
LAT49.5_LON-2.0,-0.3429419125411148,60,shallow
LAT49.5_LON-2.1,-0.3426094605478638,60,shallow
LAT49.5_LON-2.2,-0.342543233333043,60,shallow
LAT49.5_LON-2.3,-0.34249995818548784,60,shallow
LAT49.5_LON-2.4,-0.34397767081642094,60,shallow
LAT49.5_LON-2.5,-0.34313784482883175,60,shallow
LAT49.5_LON-2.6,-0.3408446087513467,60,shallow
LAT49.5_LON-2.7,-0.34369474083342055,60,shallow
LAT49.5_LON-2.8,-0.34377297088031217,60,shallow
LAT49.5_LON-2.9,-0.34331466532779875,60,shallow
LAT49.5_LON-3.0,-0.3425794957513081,60,shallow
LAT49.5_LON-3.1,-0.3424050732803412,60,shallow
LAT49.5_LON-3.2,-0.34341073152925805,60,shallow
LAT49.5_LON-3.3,-0.3435137706976503,60,shallow
LAT49.5_LON-3.4,-0.34369443445477754,60,shallow
LAT49.5_LON-3.5,-0.34284851878215866,60,shallow
LAT49.5_LON-3.6,-0.34473230624809276,60,shallow
LAT49.5_LON-3.7,-0.3432514915522349,60,shallow
LAT49.5_LON-3.8,-0.3450823517948348,60,shallow
LAT49.5_LON-3.9,-0.34391808563595055,60,shallow
LAT49.5_LON-4.0,-0.3485599933300546,60,shallow
LAT49.5_LON-4.1,-0.34375145779485183,60,shallow
LAT49.5_LON-4.2,-0.34265833362755205,60,shallow
LAT49.5_LON-4.3,-0.3436067004568808,60,shallow
LAT49.5_LON-4.4,-0.34401225298911897,60,shallow
LAT49.5_LON-4.5,-0.34415117024855263,60,shallow
LAT49.5_LON-4.6,-0.34156632612420296,60,shallow
LAT49.5_LON-4.7,-0.3422799675678096,60,shallow
LAT49.5_LON-4.8,-0.3431705286131643,60,shallow
LAT49.5_LON-4.9,-0.34225474243444926,60,shallow
LAT49.5_LON-5.0,-0.34465993473587364,60,shallow
LAT49.5_LON0.0,-0.3429694554694459,60,shallow
LAT49.5_LON0.1,-0.34186762207788923,60,shallow
LAT49.5_LON0.2,-0.340155412952557,60,shallow
LAT49.5_LON0.3,-0.34273001461865155,60,shallow
LAT49.5_LON0.4,-0.3443370037327742,60,shallow
LAT49.5_LON0.5,-0.3436966312607326,60,shallow
LAT49.5_LON0.7,-0.3453175260075069,60,shallow
LAT49.5_LON0.8,-0.34538195709794284,60,shallow
LAT49.5_LON0.9,-0.34202486168798546,60,shallow
LAT49.6_LON-0.1,-0.3439824848014599,60,shallow
LAT49.6_LON-0.2,-0.34345599865354515,60,shallow
LAT49.6_LON-0.3,-0.34185452313746506,60,shallow
LAT49.6_LON-0.4,-0.3437128324498726,60,shallow
LAT49.6_LON-0.5,-0.344347794460567,60,shallow
LAT49.6_LON-0.6,-0.3442660384230716,60,shallow
LAT49.6_LON-0.7,-0.34359695893530434,60,shallow
LAT49.6_LON-0.8,-0.3444746197078655,60,shallow
LAT49.6_LON-0.9,-0.34294975191861987,60,shallow
LAT49.6_LON-1.0,-0.3443362548804433,60,shallow
LAT49.6_LON-1.1,-0.3411611588191844,60,shallow
LAT49.6_LON-1.2,-0.34311261903934737,60,shallow
LAT49.6_LON-1.3,-0.3433343443964392,60,shallow
LAT49.6_LON-1.6,-0.34422135232094725,60,shallow
LAT49.6_LON-2.2,-0.3430936646243313,60,shallow
LAT49.6_LON-2.3,-0.3442158882374196,60,shallow
LAT49.6_LON-2.4,-0.34524468345418896,60,shallow
LAT49.6_LON-2.5,-0.34530663732746064,60,shallow
LAT49.6_LON-2.6,-0.34295117974472966,60,shallow
LAT49.6_LON-2.7,-0.3427283507869553,60,shallow
LAT49.6_LON-2.8,-0.343554284333799,60,shallow
LAT49.6_LON-2.9,-0.34344588074301724,60,shallow
LAT49.6_LON-3.0,-0.3435436988469956,60,shallow
LAT49.6_LON-3.1,-0.34184140189563766,60,shallow
LAT49.6_LON-3.2,-0.3436645481919823,60,shallow
LAT49.6_LON-3.3,-0.34452718169481106,60,shallow
LAT49.6_LON-3.4,-0.34311088135236006,60,shallow
LAT49.6_LON-3.5,-0.34469118139035687,60,shallow
LAT49.6_LON-3.6,-0.342330723449718,60,shallow
LAT49.6_LON-3.7,-0.34232510962155127,60,shallow
LAT49.6_LON-3.8,-0.34460227530451076,60,shallow
LAT49.6_LON-3.9,-0.3429677535459438,60,shallow
LAT49.6_LON-4.0,-0.3423576832328342,60,shallow
LAT49.6_LON-4.1,-0.3422092003028512,60,shallow
LAT49.6_LON-4.2,-0.34348851332405955,60,shallow
LAT49.6_LON-4.3,-0.3434363434207979,60,shallow
LAT49.6_LON-4.4,-0.3423227639277026,60,shallow
LAT49.6_LON-4.5,-0.3429468160360974,60,shallow
LAT49.6_LON-4.6,-0.3417551852656398,60,shallow
LAT49.6_LON-4.7,-0.34379856778837004,60,shallow
LAT49.6_LON-4.8,-0.3433058645092688,60,shallow
LAT49.6_LON-4.9,-0.3443836906569211,60,shallow
LAT49.6_LON-5.0,-0.34323344448250287,60,shallow
LAT49.6_LON0.0,-0.3423251235777407,60,shallow
LAT49.6_LON0.1,-0.34244714858944963,60,shallow
LAT49.7_LON-0.1,-0.34421505004987524,60,shallow
LAT49.7_LON-0.2,-0.34514648057683334,60,shallow
LAT49.7_LON-0.3,-0.3429792696025955,60,shallow
LAT49.7_LON-0.4,-0.343006828032452,60,shallow
LAT49.7_LON-0.5,-0.34449996245034986,60,shallow
LAT49.7_LON-0.6,-0.34333807829618673,60,shallow
LAT49.7_LON-0.7,-0.34287395944610694,60,shallow
LAT49.7_LON-0.8,-0.34126739058325084,60,shallow
LAT49.7_LON-0.9,-0.3455689795525221,60,shallow
LAT49.7_LON-1.0,-0.3438220744846796,60,shallow
LAT49.7_LON-1.1,-0.3425131793260687,60,shallow
LAT49.7_LON-1.2,-0.34417384489817465,60,shallow
LAT49.7_LON-1.3,-0.3485508379293762,60,shallow
LAT49.7_LON-1.5,-0.34299859344193245,60,shallow
LAT49.7_LON-1.6,-0.34233193236462944,60,shallow
LAT49.7_LON-1.7,-0.3431675258301817,60,shallow
LAT49.7_LON-1.8,-0.3439957807031588,60,shallow
LAT49.7_LON-1.9,-0.34359891095249473,60,shallow
LAT49.7_LON-2.0,-0.3439356515698281,60,shallow
LAT49.7_LON-2.1,-0.3421736722990521,60,shallow
LAT49.7_LON-2.2,-0.3445931075528397,60,shallow
LAT49.7_LON-2.3,-0.3436746349196973,60,shallow
LAT49.7_LON-2.4,-0.34502817767969773,60,shallow
LAT49.7_LON-2.5,-0.3438702557606912,60,shallow
LAT49.7_LON-2.6,-0.3427871689497044,60,shallow
LAT49.7_LON-2.7,-0.3387065454185145,60,shallow
LAT49.7_LON-2.8,-0.34378575161764663,60,shallow
LAT49.7_LON-2.9,-0.3433948974451139,60,shallow
LAT49.7_LON-3.0,-0.34430229180465377,60,shallow
LAT49.7_LON-3.1,-0.34347219961459236,60,shallow
LAT49.7_LON-3.2,-0.34367194090740893,60,shallow
LAT49.7_LON-3.3,-0.34343344126063985,60,shallow
LAT49.7_LON-3.4,-0.34323643741281096,60,shallow
LAT49.7_LON-3.5,-0.3443173703715157,60,shallow
LAT49.7_LON-3.6,-0.34249758816095144,60,shallow
LAT49.7_LON-3.7,-0.34473798558453805,60,shallow
LAT49.7_LON-3.8,-0.3447526354579014,60,shallow
LAT49.7_LON-3.9,-0.34068570946660276,60,shallow
LAT49.7_LON-4.0,-0.3426662507240699,60,shallow
LAT49.7_LON-4.1,-0.34249069050951364,60,shallow
LAT49.7_LON-4.2,-0.3436314911686963,60,shallow
LAT49.7_LON-4.3,-0.343077580152236,60,shallow
LAT49.7_LON-4.4,-0.3447767711742188,60,shallow
LAT49.7_LON-4.5,-0.34404880307578867,60,shallow
LAT49.7_LON-4.6,-0.34452637664390845,60,shallow
LAT49.7_LON-4.7,-0.34256021980345447,60,shallow
LAT49.7_LON-4.8,-0.3431910521003987,60,shallow
LAT49.7_LON-4.9,-0.344070288170517,60,shallow
LAT49.7_LON-5.0,-0.34245912910073234,60,shallow
LAT49.7_LON0.0,-0.3443177439519494,60,shallow
LAT49.7_LON0.1,-0.3429219010085579,60,shallow
LAT49.7_LON0.2,-0.3491911876350444,60,shallow
LAT49.8_LON-0.1,-0.3436342111764348,60,shallow
LAT49.8_LON-0.2,-0.34428641158217727,60,shallow
LAT49.8_LON-0.3,-0.34342430096169224,60,shallow
LAT49.8_LON-0.4,-0.34350821100151074,60,shallow
LAT49.8_LON-0.5,-0.34217090082175444,60,shallow
LAT49.8_LON-0.6,-0.3427479030693642,60,shallow
LAT49.8_LON-0.7,-0.34196841442186227,60,shallow
LAT49.8_LON-0.8,-0.3429621931447211,60,shallow
LAT49.8_LON-0.9,-0.3426615119583125,60,shallow
LAT49.8_LON-1.0,-0.342769036115984,60,shallow
LAT49.8_LON-1.1,-0.3451550871790652,60,shallow
LAT49.8_LON-1.2,-0.34515968147118276,60,shallow
LAT49.8_LON-1.3,-0.3432179450010369,60,shallow
LAT49.8_LON-1.4,-0.34306061627116086,60,shallow
LAT49.8_LON-1.5,-0.3431392876233468,60,shallow
LAT49.8_LON-1.6,-0.342733305755653,60,shallow
LAT49.8_LON-1.7,-0.3422546155712703,60,shallow
LAT49.8_LON-1.8,-0.3429624809619954,60,shallow
LAT49.8_LON-1.9,-0.3446010182208244,60,shallow
LAT49.8_LON-2.0,-0.3437868369028736,60,shallow
LAT49.8_LON-2.1,-0.3429425587903773,60,shallow
LAT49.8_LON-2.2,-0.3427363514578772,60,shallow
LAT49.8_LON-2.3,-0.3429715441221956,60,shallow
LAT49.8_LON-2.4,-0.34269855401534866,60,shallow
LAT49.8_LON-2.5,-0.34252338264883475,60,shallow
LAT49.8_LON-2.6,-0.34443182639973713,60,shallow
LAT49.8_LON-2.7,-0.34397455244096636,60,shallow
LAT49.8_LON-2.8,-0.34259079410836735,60,shallow
LAT49.8_LON-2.9,-0.34208087161842504,60,shallow
LAT49.8_LON-3.0,-0.34340342647124955,60,shallow
LAT49.8_LON-3.1,-0.3443438929194985,60,shallow
LAT49.8_LON-3.2,-0.3446778825541564,60,shallow
LAT49.8_LON-3.3,-0.34223123019063667,60,shallow
LAT49.8_LON-3.4,-0.3452378232946335,60,shallow
LAT49.8_LON-3.5,-0.34210702166777535,60,shallow
LAT49.8_LON-3.6,-0.3430948472347494,60,shallow
LAT49.8_LON-3.7,-0.34260913269007465,60,shallow
LAT49.8_LON-3.8,-0.3442953855301782,60,shallow
LAT49.8_LON-3.9,-0.3436250456801741,60,shallow
LAT49.8_LON-4.0,-0.3429920021900625,60,shallow
LAT49.8_LON-4.1,-0.3435696667921836,60,shallow
LAT49.8_LON-4.2,-0.34291580404826916,60,shallow
LAT49.8_LON-4.3,-0.34270808362665,60,shallow
LAT49.8_LON-4.4,-0.34410177154975685,60,shallow
LAT49.8_LON-4.5,-0.3442313648835074,60,shallow
LAT49.8_LON-4.6,-0.34440996575306937,60,shallow
LAT49.8_LON-4.7,-0.34413352918427187,60,shallow
LAT49.8_LON-4.8,-0.3445669646896733,60,shallow
LAT49.8_LON-4.9,-0.3451815923512242,60,shallow
LAT49.8_LON-5.0,-0.34401766844504933,60,shallow
LAT49.8_LON0.0,-0.3433094759697733,60,shallow
LAT49.8_LON0.1,-0.34443680302759383,60,shallow
LAT49.8_LON0.2,-0.3439042657258211,60,shallow
LAT49.8_LON0.3,-0.34329351511622763,60,shallow
LAT49.8_LON0.4,-0.34247413929329956,60,shallow
LAT49.9_LON-0.1,-0.3422767766369728,60,shallow
LAT49.9_LON-0.2,-0.3423964085969958,60,shallow
LAT49.9_LON-0.3,-0.3417277978845,60,shallow
LAT49.9_LON-0.4,-0.34317826663571266,60,shallow
LAT49.9_LON-0.5,-0.34340002088247007,60,shallow
LAT49.9_LON-0.6,-0.3424796573441933,60,shallow
LAT49.9_LON-0.7,-0.3444932621586876,60,shallow
LAT49.9_LON-0.8,-0.34334035224047876,60,shallow
LAT49.9_LON-0.9,-0.3414699111451537,60,shallow
LAT49.9_LON-1.0,-0.3421057397638901,60,shallow
LAT49.9_LON-1.1,-0.34215666110805726,60,shallow
LAT49.9_LON-1.2,-0.3418530999562814,60,shallow
LAT49.9_LON-1.3,-0.3432513469795518,60,shallow
LAT49.9_LON-1.4,-0.3417035030009441,60,shallow
LAT49.9_LON-1.5,-0.34341129046164554,60,shallow
LAT49.9_LON-1.6,-0.34329355865603,60,shallow
LAT49.9_LON-1.7,-0.34159279461480224,60,shallow
LAT49.9_LON-1.8,-0.34441940948779554,60,shallow
LAT49.9_LON-1.9,-0.3417804320150637,60,shallow
LAT49.9_LON-2.0,-0.34234732305286175,60,shallow
LAT49.9_LON-2.1,-0.3431918112147859,60,shallow
LAT49.9_LON-2.2,-0.34243907222757597,60,shallow
LAT49.9_LON-2.3,-0.3445127685167276,60,shallow
LAT49.9_LON-2.4,-0.34327371521133826,60,shallow
LAT49.9_LON-2.5,-0.3437966377875474,60,shallow
LAT49.9_LON-2.6,-0.3442267655949176,60,shallow
LAT49.9_LON-2.7,-0.3448907151329054,60,shallow
LAT49.9_LON-2.8,-0.3426501924854335,60,shallow
LAT49.9_LON-2.9,-0.3421677582584486,60,shallow
LAT49.9_LON-3.0,-0.3432552299928031,60,shallow
LAT49.9_LON-3.1,-0.3423004119880082,60,shallow
LAT49.9_LON-3.2,-0.343073978190115,60,shallow
LAT49.9_LON-3.3,-0.3416014806109308,60,shallow
LAT49.9_LON-3.4,-0.3429617983564794,60,shallow
LAT49.9_LON-3.5,-0.3434163963261677,60,shallow
LAT49.9_LON-3.6,-0.3437881507036907,60,shallow
LAT49.9_LON-3.7,-0.34336908598224425,60,shallow
LAT49.9_LON-3.8,-0.34335014383568896,60,shallow
LAT49.9_LON-3.9,-0.34128887995262724,60,shallow
LAT49.9_LON-4.0,-0.34331732412937144,60,shallow
LAT49.9_LON-4.1,-0.34367317421799454,60,shallow
LAT49.9_LON-4.2,-0.3428810309823068,60,shallow
LAT49.9_LON-4.3,-0.34376264598077483,60,shallow
LAT49.9_LON-4.4,-0.3453168725486717,60,shallow
LAT49.9_LON-4.5,-0.3422724291189957,60,shallow
LAT49.9_LON-4.6,-0.34183902574218505,60,shallow
LAT49.9_LON-4.7,-0.3435741556344033,60,shallow
LAT49.9_LON-4.8,-0.3439595870230815,60,shallow
LAT49.9_LON-4.9,-0.34344410348227616,60,shallow
LAT49.9_LON-5.0,-0.3444470346531971,60,shallow
LAT49.9_LON0.0,-0.34391578813273177,60,shallow
LAT49.9_LON0.1,-0.3443498177486674,60,shallow
LAT49.9_LON0.2,-0.3438684879504851,60,shallow
LAT49.9_LON0.3,-0.3434568349290712,60,shallow
LAT49.9_LON0.4,-0.34642949332790923,60,shallow
LAT49.9_LON0.5,-0.3418882214703758,60,shallow
LAT49.9_LON0.6,-0.3431113282342894,60,shallow
LAT49.9_LON0.7,-0.3427616437304277,60,shallow
LAT49.9_LON0.8,-0.3435019701941013,60,shallow
LAT49.9_LON0.9,-0.34251923506675047,60,shallow
LAT49.9_LON1.0,-0.3425704789376815,60,shallow
LAT49.9_LON1.1,-0.3426243487188996,60,shallow
LAT50.0_LON-0.1,-0.3430743287481261,60,shallow
LAT50.0_LON-0.2,-0.34380420878954904,60,shallow
LAT50.0_LON-0.3,-0.34518510317088513,60,shallow
LAT50.0_LON-0.4,-0.3449195348382841,60,shallow
LAT50.0_LON-0.5,-0.34311951237330973,60,shallow
LAT50.0_LON-0.6,-0.3428455959489382,60,shallow
LAT50.0_LON-0.7,-0.34134706810365295,60,shallow
LAT50.0_LON-0.8,-0.34450428407541495,60,shallow
LAT50.0_LON-0.9,-0.3429493333900902,60,shallow
LAT50.0_LON-1.0,-0.34218444058554415,60,shallow
LAT50.0_LON-1.1,-0.3423082529517184,60,shallow
LAT50.0_LON-1.2,-0.3420887661550971,60,shallow
LAT50.0_LON-1.3,-0.34458687716359643,60,shallow
LAT50.0_LON-1.4,-0.34341223795363224,60,shallow
LAT50.0_LON-1.5,-0.34292702478414877,60,shallow
LAT50.0_LON-1.6,-0.3429362925052992,60,shallow
LAT50.0_LON-1.7,-0.3420182352114413,60,shallow
LAT50.0_LON-1.8,-0.3433968012614993,60,shallow
LAT50.0_LON-1.9,-0.342294335726145,60,shallow
LAT50.0_LON-2.0,-0.3430173600197137,60,shallow
LAT50.0_LON-2.1,-0.3420721562813997,60,shallow
LAT50.0_LON-2.2,-0.34265603853646553,60,shallow
LAT50.0_LON-2.3,-0.3427774442961278,60,shallow
LAT50.0_LON-2.4,-0.3426733230187674,60,shallow
LAT50.0_LON-2.5,-0.34161321172032233,60,shallow
LAT50.0_LON-2.6,-0.3445614890626936,60,shallow
LAT50.0_LON-2.7,-0.34388235134527045,60,shallow
LAT50.0_LON-2.8,-0.3433996450739772,60,shallow
LAT50.0_LON-2.9,-0.3438512858930625,60,shallow
LAT50.0_LON-3.0,-0.3448656208166816,60,shallow
LAT50.0_LON-3.1,-0.3440960440233983,60,shallow
LAT50.0_LON-3.2,-0.34255620027073364,60,shallow
LAT50.0_LON-3.3,-0.3428157515043453,60,shallow
LAT50.0_LON-3.4,-0.34179236097379156,60,shallow
LAT50.0_LON-3.5,-0.3419581390771284,60,shallow
LAT50.0_LON-3.6,-0.34280448767010985,60,shallow
LAT50.0_LON-3.7,-0.34198357701847515,60,shallow
LAT50.0_LON-3.8,-0.34358364010700293,60,shallow
LAT50.0_LON-3.9,-0.3426286068230427,60,shallow
LAT50.0_LON-4.0,-0.34388796604056104,60,shallow
LAT50.0_LON-4.1,-0.3428097560309855,60,shallow
LAT50.0_LON-4.2,-0.34530282861899064,60,shallow
LAT50.0_LON-4.3,-0.34319108321924036,60,shallow
LAT50.0_LON-4.4,-0.3423605244061173,60,shallow
LAT50.0_LON-4.5,-0.34311105964174493,60,shallow
LAT50.0_LON-4.6,-0.3434998674988758,60,shallow
LAT50.0_LON-4.7,-0.3444729005897041,60,shallow
LAT50.0_LON-4.8,-0.34398748671824825,60,shallow
LAT50.0_LON-4.9,-0.3430614698248223,60,shallow
LAT50.0_LON-5.0,-0.3432416319183546,60,shallow
LAT50.0_LON0.0,-0.3430715497360627,60,shallow
LAT50.0_LON0.1,-0.34181396166335737,60,shallow
LAT50.0_LON0.2,-0.3431953245613528,60,shallow
LAT50.0_LON0.3,-0.3440722105166563,60,shallow
LAT50.0_LON0.4,-0.34570399826757425,60,shallow
LAT50.0_LON0.5,-0.34323098916369643,60,shallow
LAT50.0_LON0.6,-0.342354727179068,60,shallow
LAT50.0_LON0.7,-0.3445758581628791,60,shallow
LAT50.0_LON0.8,-0.34377335016923183,60,shallow
LAT50.0_LON0.9,-0.34171557698181965,60,shallow
LAT50.0_LON1.0,-0.34383962586836864,60,shallow
LAT50.0_LON1.1,-0.3420726527657182,60,shallow
LAT50.0_LON1.2,-0.3427035664912815,60,shallow
LAT50.1_LON-0.1,-0.34260125961721527,60,shallow
LAT50.1_LON-0.2,-0.34340248556553415,60,shallow
LAT50.1_LON-0.3,-0.34387173113885444,60,shallow
LAT50.1_LON-0.4,-0.3449301819587197,60,shallow
LAT50.1_LON-0.5,-0.34445707199730285,60,shallow
LAT50.1_LON-0.6,-0.3427378067557969,60,shallow
LAT50.1_LON-0.7,-0.3441943865040403,60,shallow
LAT50.1_LON-0.8,-0.3435258776878215,60,shallow
LAT50.1_LON-0.9,-0.3427114943225923,60,shallow
LAT50.1_LON-1.0,-0.34244506739274366,60,shallow
LAT50.1_LON-1.1,-0.3438849520633883,60,shallow
LAT50.1_LON-1.2,-0.3448434050886288,60,shallow
LAT50.1_LON-1.3,-0.3425152844984789,60,shallow
LAT50.1_LON-1.4,-0.34380903380011835,60,shallow
LAT50.1_LON-1.5,-0.34225696405268885,60,shallow
LAT50.1_LON-1.6,-0.3451890896816125,60,shallow
LAT50.1_LON-1.7,-0.3444584384764211,60,shallow
LAT50.1_LON-1.8,-0.3447121234540915,60,shallow
LAT50.1_LON-1.9,-0.3429012985074758,60,shallow
LAT50.1_LON-2.0,-0.3432390700665871,60,shallow
LAT50.1_LON-2.1,-0.3430227683092509,60,shallow
LAT50.1_LON-2.2,-0.34398396611625814,60,shallow
LAT50.1_LON-2.3,-0.34298812552870683,60,shallow
LAT50.1_LON-2.4,-0.3447009890628591,60,shallow
LAT50.1_LON-2.5,-0.3420985735470845,60,shallow
LAT50.1_LON-2.6,-0.34336534266951535,60,shallow
LAT50.1_LON-2.7,-0.3397363824854061,60,shallow
LAT50.1_LON-2.8,-0.34200134414330047,60,shallow
LAT50.1_LON-2.9,-0.34366264476182856,60,shallow
LAT50.1_LON-3.0,-0.3458907078787724,60,shallow
LAT50.1_LON-3.1,-0.3431302265466863,60,shallow
LAT50.1_LON-3.2,-0.3455223726545447,60,shallow
LAT50.1_LON-3.3,-0.34403608694240584,60,shallow
LAT50.1_LON-3.4,-0.3430662385159998,60,shallow
LAT50.1_LON-3.5,-0.3435187075878221,60,shallow
LAT50.1_LON-3.6,-0.3417916279104552,60,shallow
LAT50.1_LON-3.7,-0.3441447873260853,60,shallow
LAT50.1_LON-3.8,-0.3444582923549908,60,shallow
LAT50.1_LON-3.9,-0.3414335386396143,60,shallow
LAT50.1_LON-4.0,-0.34206653204491305,60,shallow
LAT50.1_LON-4.1,-0.34361651414911876,60,shallow
LAT50.1_LON-4.2,-0.34239655575247824,60,shallow
LAT50.1_LON-4.3,-0.344353736771745,60,shallow
LAT50.1_LON-4.4,-0.3428193836577743,60,shallow
LAT50.1_LON-4.5,-0.34311296521614104,60,shallow
LAT50.1_LON-4.6,-0.3426109854835328,60,shallow
LAT50.1_LON-4.7,-0.343888023395035,60,shallow
LAT50.1_LON-4.8,-0.3441847255091451,60,shallow
LAT50.1_LON-4.9,-0.34279588143950923,60,shallow
LAT50.1_LON-5.0,-0.3447497159794045,60,shallow
LAT50.1_LON0.0,-0.3426832753823158,60,shallow
LAT50.1_LON0.1,-0.34375861574072264,60,shallow
LAT50.1_LON0.2,-0.3440625919898989,60,shallow
LAT50.1_LON0.3,-0.342853283446948,60,shallow
LAT50.1_LON0.4,-0.3447945604982026,60,shallow
LAT50.1_LON0.5,-0.3444438429159037,60,shallow
LAT50.1_LON0.6,-0.34324779598709837,60,shallow
LAT50.1_LON0.7,-0.3423692685709732,60,shallow
LAT50.1_LON0.8,-0.3432309873553084,60,shallow
LAT50.1_LON0.9,-0.3426174991501519,60,shallow
LAT50.1_LON1.0,-0.34272222930056656,60,shallow
LAT50.1_LON1.1,-0.34342764876804416,60,shallow
LAT50.1_LON1.2,-0.34218133036438314,60,shallow
LAT50.1_LON1.3,-0.3445455894343571,60,shallow
LAT50.1_LON1.4,-0.3426871169486327,60,shallow
LAT50.2_LON-0.1,-0.34206936530586596,60,shallow
LAT50.2_LON-0.2,-0.34337066758427764,60,shallow
LAT50.2_LON-0.3,-0.34261547771586687,60,shallow
LAT50.2_LON-0.4,-0.34272443396536606,60,shallow
LAT50.2_LON-0.5,-0.34242062308924903,60,shallow
LAT50.2_LON-0.6,-0.34321700146069517,60,shallow
LAT50.2_LON-0.7,-0.33987981040773496,60,shallow
LAT50.2_LON-0.8,-0.3468489832437376,60,shallow
LAT50.2_LON-0.9,-0.3462172608304971,60,shallow
LAT50.2_LON-1.0,-0.3423242229066388,60,shallow
LAT50.2_LON-1.1,-0.3449381224035623,60,shallow
LAT50.2_LON-1.2,-0.34376602319082666,60,shallow
LAT50.2_LON-1.3,-0.3447646754804803,60,shallow
LAT50.2_LON-1.4,-0.3439157605684634,60,shallow
LAT50.2_LON-1.5,-0.34409109874120025,60,shallow
LAT50.2_LON-1.6,-0.3449246268672824,60,shallow
LAT50.2_LON-1.7,-0.3415510181160496,60,shallow
LAT50.2_LON-1.8,-0.34359645486441287,60,shallow
LAT50.2_LON-1.9,-0.3429436930112925,60,shallow
LAT50.2_LON-2.0,-0.34493054442658094,60,shallow
LAT50.2_LON-2.1,-0.3425926367424393,60,shallow
LAT50.2_LON-2.2,-0.343506471906577,60,shallow
LAT50.2_LON-2.3,-0.3452825944764227,60,shallow
LAT50.2_LON-2.4,-0.344068498462785,60,shallow
LAT50.2_LON-2.5,-0.3439163713490847,60,shallow
LAT50.2_LON-2.6,-0.34230277504007384,60,shallow
LAT50.2_LON-2.7,-0.3412989316169735,60,shallow
LAT50.2_LON-2.8,-0.34334410366316487,60,shallow
LAT50.2_LON-2.9,-0.34595479886741887,60,shallow
LAT50.2_LON-3.0,-0.3423307442740202,60,shallow
LAT50.2_LON-3.1,-0.3420438735076402,60,shallow
LAT50.2_LON-3.2,-0.3453332087186925,60,shallow
LAT50.2_LON-3.3,-0.34289905319279246,60,shallow
LAT50.2_LON-3.4,-0.3451756982869963,60,shallow
LAT50.2_LON-3.5,-0.3435157175189144,60,shallow
LAT50.2_LON-3.6,-0.3437774646146742,60,shallow
LAT50.2_LON-3.7,-0.3434909659849913,60,shallow
LAT50.2_LON-3.8,-0.3428151969445702,60,shallow
LAT50.2_LON-3.9,-0.34381039617612924,60,shallow
LAT50.2_LON-4.0,-0.3451919187155903,60,shallow
LAT50.2_LON-4.1,-0.34261744143466666,60,shallow
LAT50.2_LON-4.2,-0.3424986155517091,60,shallow
LAT50.2_LON-4.3,-0.3430443703983986,60,shallow
LAT50.2_LON-4.4,-0.3418739952842439,60,shallow
LAT50.2_LON-4.5,-0.34307986869777846,60,shallow
LAT50.2_LON-4.6,-0.34517428420483276,60,shallow
LAT50.2_LON-4.7,-0.3430558894167985,60,shallow
LAT50.2_LON-4.8,-0.3429959060872049,60,shallow
LAT50.2_LON-4.9,-0.3435600172270837,60,shallow
LAT50.2_LON-5.0,-0.34372612377560036,60,shallow
LAT50.2_LON0.0,-0.34150779637006745,60,shallow
LAT50.2_LON0.1,-0.34223099536371526,60,shallow
LAT50.2_LON0.2,-0.3421567409809711,60,shallow
LAT50.2_LON0.3,-0.3427707042733951,60,shallow
LAT50.2_LON0.4,-0.34274043561840223,60,shallow
LAT50.2_LON0.5,-0.3434364021193584,60,shallow
LAT50.2_LON0.6,-0.34204045472307193,60,shallow
LAT50.2_LON0.7,-0.3443768054802356,60,shallow
LAT50.2_LON0.8,-0.3437439820342326,60,shallow
LAT50.2_LON0.9,-0.3433194755532675,60,shallow
LAT50.2_LON1.0,-0.34231626101005613,60,shallow
LAT50.2_LON1.1,-0.3449907241896809,60,shallow
LAT50.2_LON1.2,-0.34421823834454884,60,shallow
LAT50.2_LON1.3,-0.34152765745080405,60,shallow
LAT50.2_LON1.4,-0.34343936584950324,60,shallow
LAT50.2_LON1.5,-0.34255971678130537,60,shallow
LAT50.3_LON-0.1,-0.3432896551899628,60,shallow
LAT50.3_LON-0.2,-0.3438969833451518,60,shallow
LAT50.3_LON-0.3,-0.3414470874291096,60,shallow
LAT50.3_LON-0.4,-0.3425390863151186,60,shallow
LAT50.3_LON-0.5,-0.341974029822819,60,shallow
LAT50.3_LON-0.6,-0.3419424857735345,60,shallow
LAT50.3_LON-0.7,-0.3438136122934472,60,shallow
LAT50.3_LON-0.8,-0.34290507813237536,60,shallow
LAT50.3_LON-0.9,-0.3437345891674935,60,shallow
LAT50.3_LON-1.0,-0.34414552116035513,60,shallow
LAT50.3_LON-1.1,-0.3448684127730972,60,shallow
LAT50.3_LON-1.2,-0.3424068115160626,60,shallow
LAT50.3_LON-1.4,-0.3441101561428815,60,shallow
LAT50.3_LON-1.5,-0.34461862273362004,60,shallow
LAT50.3_LON-1.6,-0.34149637176880365,60,shallow
LAT50.3_LON-1.9,-0.3421227625597262,60,shallow
LAT50.3_LON-2.0,-0.3437862003434744,60,shallow
LAT50.3_LON-2.1,-0.3414396377019245,60,shallow
LAT50.3_LON-2.2,-0.34244351596451866,60,shallow
LAT50.3_LON-2.3,-0.34142772846014474,60,shallow
LAT50.3_LON-2.4,-0.34298327142286256,60,shallow
LAT50.3_LON-2.5,-0.34176652139514924,60,shallow
LAT50.3_LON-2.6,-0.34488181360949727,60,shallow
LAT50.3_LON-2.7,-0.3434070388450551,60,shallow
LAT50.3_LON-2.8,-0.3430289251940497,60,shallow
LAT50.3_LON-2.9,-0.34216525470135384,60,shallow
LAT50.3_LON-3.0,-0.3424057892464701,60,shallow
LAT50.3_LON-3.1,-0.34311026873906975,60,shallow
LAT50.3_LON-3.2,-0.3439031706226738,60,shallow
LAT50.3_LON-3.3,-0.34277836566390646,60,shallow
LAT50.3_LON-3.4,-0.34340053365490797,60,shallow
LAT50.3_LON-3.5,-0.3427128319342188,60,shallow
LAT50.3_LON-3.6,-0.3424409733223993,60,shallow
LAT50.3_LON-3.7,-0.34506602605397385,60,shallow
LAT50.3_LON-3.9,-0.3433841727978646,60,shallow
LAT50.3_LON-4.0,-0.34119142344189995,60,shallow
LAT50.3_LON-4.1,-0.3431256240344266,60,shallow
LAT50.3_LON-4.2,-0.3421194007015264,60,shallow
LAT50.3_LON-4.3,-0.3430104361799137,60,shallow
LAT50.3_LON-4.4,-0.3445514830737942,60,shallow
LAT50.3_LON-4.5,-0.34308617442885786,60,shallow
LAT50.3_LON-4.6,-0.34330036766331484,60,shallow
LAT50.3_LON-4.7,-0.3400770234571244,60,shallow
LAT50.3_LON-4.8,-0.3420861945266329,60,shallow
LAT50.3_LON0.0,-0.3427324245865404,60,shallow
LAT50.3_LON0.1,-0.34321639946211513,60,shallow
LAT50.3_LON0.2,-0.3438617471588663,60,shallow
LAT50.3_LON0.3,-0.34192064675874,60,shallow
LAT50.3_LON0.4,-0.3460084048865308,60,shallow
LAT50.3_LON0.5,-0.3436984947916652,60,shallow
LAT50.3_LON0.6,-0.342626216697976,60,shallow
LAT50.3_LON0.7,-0.3442403134567895,60,shallow
LAT50.3_LON0.8,-0.34223744239399967,60,shallow
LAT50.3_LON0.9,-0.34335614494558064,60,shallow
LAT50.3_LON1.0,-0.3423539416171799,60,shallow
LAT50.3_LON1.1,-0.3435613132121996,60,shallow
LAT50.3_LON1.2,-0.3426385247002323,60,shallow
LAT50.3_LON1.3,-0.34476064268515066,60,shallow
LAT50.3_LON1.4,-0.34251405187539197,60,shallow
LAT50.3_LON1.5,-0.3434940201601853,60,shallow
LAT50.4_LON-0.1,-0.34397574998141844,60,shallow
LAT50.4_LON-0.2,-0.34380939101297764,60,shallow
LAT50.4_LON-0.3,-0.3433908811808573,60,shallow
LAT50.4_LON-0.4,-0.34376581751943636,60,shallow
LAT50.4_LON-0.5,-0.3436158701537449,60,shallow
LAT50.4_LON-0.6,-0.34205774033775554,60,shallow
LAT50.4_LON-0.7,-0.34350944496235625,60,shallow
LAT50.4_LON-0.8,-0.34326019561668203,60,shallow
LAT50.4_LON-0.9,-0.3434675982668489,60,shallow
LAT50.4_LON-1.0,-0.3434430212563095,60,shallow
LAT50.4_LON-1.1,-0.34190062482550587,60,shallow
LAT50.4_LON-1.5,-0.34191341374743583,60,shallow
LAT50.4_LON-1.7,-0.34121721697720153,60,shallow
LAT50.4_LON-1.8,-0.3405373725382181,60,shallow
LAT50.4_LON-1.9,-0.3427328724965049,60,shallow
LAT50.4_LON-2.0,-0.3438309144561607,60,shallow
LAT50.4_LON-2.1,-0.3438548850407247,60,shallow
LAT50.4_LON-2.2,-0.342242223336323,60,shallow
LAT50.4_LON-2.3,-0.3435385960320687,60,shallow
LAT50.4_LON-2.4,-0.34362739267257497,60,shallow
LAT50.4_LON-2.5,-0.3443958013114679,60,shallow
LAT50.4_LON-2.6,-0.34414226482114696,60,shallow
LAT50.4_LON-2.7,-0.3448496204393131,60,shallow
LAT50.4_LON-2.8,-0.34413562058077773,60,shallow
LAT50.4_LON-2.9,-0.3409165053736892,60,shallow
LAT50.4_LON-3.0,-0.34132290627488365,60,shallow
LAT50.4_LON-3.1,-0.344449627879493,60,shallow
LAT50.4_LON-3.2,-0.3410805339732054,60,shallow
LAT50.4_LON-3.3,-0.3442245263230083,60,shallow
LAT50.4_LON-3.4,-0.34244863860647445,60,shallow
LAT50.4_LON-3.5,-0.3431778520101738,60,shallow
LAT50.4_LON-3.6,-0.3421763638431493,60,shallow
LAT50.4_LON-4.1,-0.3441319876517231,60,shallow
LAT50.4_LON-4.2,-0.3417831281575734,60,shallow
LAT50.4_LON-4.3,-0.346576749322744,60,shallow
LAT50.4_LON-4.4,-0.3438264970574324,60,shallow
LAT50.4_LON-4.5,-0.34440072586412435,60,shallow
LAT50.4_LON0.0,-0.3431138980652957,60,shallow
LAT50.4_LON0.1,-0.3431371370970078,60,shallow
LAT50.4_LON0.2,-0.34149249829537753,60,shallow
LAT50.4_LON0.3,-0.34368413199322,60,shallow
LAT50.4_LON0.4,-0.3433311776272083,60,shallow
LAT50.4_LON0.5,-0.34282341671301775,60,shallow
LAT50.4_LON0.6,-0.34544326623674,60,shallow
LAT50.4_LON0.7,-0.3444290760136576,60,shallow
LAT50.4_LON0.8,-0.3421322065150465,60,shallow
LAT50.4_LON0.9,-0.3441405128698591,60,shallow
LAT50.4_LON1.0,-0.34238640780492385,60,shallow
LAT50.4_LON1.1,-0.3411834147196309,60,shallow
LAT50.4_LON1.2,-0.34387916025334514,60,shallow
LAT50.4_LON1.3,-0.3446293202787774,60,shallow
LAT50.4_LON1.4,-0.34181575616468685,60,shallow
LAT50.4_LON1.5,-0.3438865406898043,60,shallow
LAT50.5_LON-0.1,-0.34467298076284564,60,shallow
LAT50.5_LON-0.2,-0.3433916493829812,60,shallow
LAT50.5_LON-0.3,-0.3418141899331804,60,shallow
LAT50.5_LON-0.4,-0.34623014931610213,60,shallow
LAT50.5_LON-0.5,-0.34166133129492343,60,shallow
LAT50.5_LON-0.6,-0.3430817944779387,60,shallow
LAT50.5_LON-0.7,-0.3427657882605087,60,shallow
LAT50.5_LON-0.8,-0.34167364484217194,60,shallow
LAT50.5_LON-0.9,-0.34302361142310056,60,shallow
LAT50.5_LON-1.0,-0.34541567709885196,60,shallow
LAT50.5_LON-1.1,-0.3425636825338063,60,shallow
LAT50.5_LON-1.2,-0.3423825174726936,60,shallow
LAT50.5_LON-1.3,-0.34410980187740536,60,shallow
LAT50.5_LON-1.4,-0.346552691414865,60,shallow
LAT50.5_LON-1.5,-0.34360986596344173,60,shallow
LAT50.5_LON-1.6,-0.34184561920809936,60,shallow
LAT50.5_LON-1.7,-0.3426831140256838,60,shallow
LAT50.5_LON-1.8,-0.3453175260075069,60,shallow
LAT50.5_LON-1.9,-0.3437839812772236,60,shallow
LAT50.5_LON-2.1,-0.34239196230098656,60,shallow
LAT50.5_LON-2.2,-0.34212570791093955,60,shallow
LAT50.5_LON-2.3,-0.3439245777846539,60,shallow
LAT50.5_LON-2.4,-0.34300707139016473,60,shallow
LAT50.5_LON-2.5,-0.3430770039423806,60,shallow
LAT50.5_LON-2.6,-0.34381156270860835,60,shallow
LAT50.5_LON-2.7,-0.34485253482097755,60,shallow
LAT50.5_LON-2.8,-0.3441728467864807,60,shallow
LAT50.5_LON-2.9,-0.34331780127915934,60,shallow
LAT50.5_LON-3.0,-0.34409679170239427,60,shallow
LAT50.5_LON-3.1,-0.3427745105021462,60,shallow
LAT50.5_LON-3.2,-0.3416869025030164,60,shallow
LAT50.5_LON-3.3,-0.3406503231034267,60,shallow
LAT50.5_LON-3.4,-0.3419743128846517,60,shallow
LAT50.5_LON-3.5,-0.344175440109097,60,shallow
LAT50.5_LON-4.9,-0.34374301355656023,60,shallow
LAT50.5_LON0.0,-0.3413339300236496,60,shallow
LAT50.5_LON0.1,-0.34400010595639363,60,shallow
LAT50.5_LON0.2,-0.34289450336633887,60,shallow
LAT50.5_LON0.3,-0.34426651862312935,60,shallow
LAT50.5_LON0.4,-0.34354501263787557,60,shallow
LAT50.5_LON0.5,-0.34255510853064747,60,shallow
LAT50.5_LON0.6,-0.34253034471148763,60,shallow
LAT50.5_LON0.7,-0.34329148710493373,60,shallow
LAT50.5_LON0.8,-0.34322422374267336,60,shallow
LAT50.5_LON0.9,-0.34483294369499057,60,shallow
LAT50.5_LON1.0,-0.34333030853544005,60,shallow
LAT50.5_LON1.1,-0.341664529548409,60,shallow
LAT50.5_LON1.2,-0.34186529469189164,60,shallow
LAT50.5_LON1.3,-0.342582121434988,60,shallow
LAT50.5_LON1.4,-0.34288646975093584,60,shallow
LAT50.5_LON1.5,-0.3432223584454493,60,shallow
LAT50.5_LON1.6,-0.3423816108252238,60,shallow
LAT50.6_LON-0.1,-0.34146750133779447,60,shallow
LAT50.6_LON-0.2,-0.34370628559905025,60,shallow
LAT50.6_LON-0.3,-0.34242755839833905,60,shallow
LAT50.6_LON-0.4,-0.34433579277679593,60,shallow
LAT50.6_LON-0.5,-0.3425681231867055,60,shallow
LAT50.6_LON-0.6,-0.3430563145471906,60,shallow
LAT50.6_LON-0.7,-0.3438197534358126,60,shallow
LAT50.6_LON-0.8,-0.3413684243175107,60,shallow
LAT50.6_LON-0.9,-0.34331510405006904,60,shallow
LAT50.6_LON-1.0,-0.3422625636161923,60,shallow
LAT50.6_LON-1.1,-0.3441440187065055,60,shallow
LAT50.6_LON-1.2,-0.3442114217760874,60,shallow
LAT50.6_LON-1.3,-0.3432584700189525,60,shallow
LAT50.6_LON-1.4,-0.34469881551199494,60,shallow
LAT50.6_LON-1.5,-0.34279944606577406,60,shallow
LAT50.6_LON-1.6,-0.3437602445182518,60,shallow
LAT50.6_LON-1.7,-0.34286076604644733,60,shallow
LAT50.6_LON-1.8,-0.343163457703139,60,shallow
LAT50.6_LON-1.9,-0.34097147594348487,60,shallow
LAT50.6_LON-2.0,-0.34360748150462295,60,shallow
LAT50.6_LON-2.1,-0.3426638675182324,60,shallow
LAT50.6_LON-2.2,-0.34521087695016184,60,shallow
LAT50.6_LON-2.3,-0.34256755804346967,60,shallow
LAT50.6_LON-2.4,-0.3471982061524261,60,shallow
LAT50.6_LON-2.5,-0.34254664656299383,60,shallow
LAT50.6_LON-2.6,-0.34380444180480435,60,shallow
LAT50.6_LON-2.7,-0.3440670627813505,60,shallow
LAT50.6_LON-2.8,-0.34317522980245446,60,shallow
LAT50.6_LON-2.9,-0.34301910063778634,60,shallow
LAT50.6_LON-3.0,-0.34297405880389575,60,shallow
LAT50.6_LON-3.1,-0.3430924258879694,60,shallow
LAT50.6_LON-3.2,-0.3423682172807238,60,shallow
LAT50.6_LON-3.3,-0.34454823592553513,60,shallow
LAT50.6_LON-3.4,-0.34273241850690983,60,shallow
LAT50.6_LON-3.5,-0.34490823686157435,60,shallow
LAT50.6_LON-4.9,-0.3427735784448219,60,shallow
LAT50.6_LON-5.0,-0.3440080873030987,60,shallow
LAT50.6_LON0.0,-0.34345255026601723,60,shallow
LAT50.6_LON0.1,-0.3429437380701936,60,shallow
LAT50.6_LON0.2,-0.3418697299082988,60,shallow
LAT50.6_LON0.3,-0.3438194378680697,60,shallow
LAT50.6_LON0.4,-0.3422267330155233,60,shallow
LAT50.6_LON0.5,-0.3423309523232682,60,shallow
LAT50.6_LON0.6,-0.3462359081225742,60,shallow
LAT50.6_LON0.7,-0.34254587613804677,60,shallow
LAT50.6_LON0.8,-0.3440352675875495,60,shallow
LAT50.6_LON0.9,-0.3440044156334308,60,shallow
LAT50.6_LON1.0,-0.34290412025423594,60,shallow
LAT50.6_LON1.1,-0.3431238854940099,60,shallow
LAT50.6_LON1.2,-0.3437230235694163,60,shallow
LAT50.6_LON1.3,-0.34146664061941573,60,shallow
LAT50.6_LON1.4,-0.34274789392525346,60,shallow
LAT50.6_LON1.5,-0.3438722570863187,60,shallow
LAT50.6_LON1.6,-0.3425372804866321,60,shallow
LAT50.7_LON-0.1,-0.3433401264290407,60,shallow
LAT50.7_LON-0.2,-0.34287932774396396,60,shallow
LAT50.7_LON-0.3,-0.3410494227541296,60,shallow
LAT50.7_LON-0.4,-0.34377691424980406,60,shallow
LAT50.7_LON-0.5,-0.3441613726714098,60,shallow
LAT50.7_LON-0.6,-0.35189429157392316,60,shallow
LAT50.7_LON-0.7,-0.3448313432133352,60,shallow
LAT50.7_LON-0.8,-0.3422131873119752,60,shallow
LAT50.7_LON-0.9,-0.3432228357043596,60,shallow
LAT50.7_LON-1.0,-0.34421383876574824,60,shallow
LAT50.7_LON-1.1,-0.34380216218866355,60,shallow
LAT50.7_LON-1.2,-0.3421785124926845,60,shallow
LAT50.7_LON-1.3,-0.34047746706184806,60,shallow
LAT50.7_LON-1.4,-0.34508616783248525,60,shallow
LAT50.7_LON-1.5,-0.3434227601153729,60,shallow
LAT50.7_LON-1.6,-0.3447122384580208,60,shallow
LAT50.7_LON-1.8,-0.34177441010419346,60,shallow
LAT50.7_LON-1.9,-0.34477991332342306,60,shallow
LAT50.7_LON-2.0,-0.3434907478977017,60,shallow
LAT50.7_LON-2.6,-0.3414955897363526,60,shallow
LAT50.7_LON-2.7,-0.3416212521726713,60,shallow
LAT50.7_LON-2.8,-0.34393201663852907,60,shallow
LAT50.7_LON-2.9,-0.34148329244099523,60,shallow
LAT50.7_LON-3.0,-0.3433189714897917,60,shallow
LAT50.7_LON-3.1,-0.3476558011640671,60,shallow
LAT50.7_LON-3.2,-0.3435650126999204,60,shallow
LAT50.7_LON-3.3,-0.3429864708789011,60,shallow
LAT50.7_LON-4.8,-0.345757883090264,60,shallow
LAT50.7_LON-4.9,-0.343055600779713,60,shallow
LAT50.7_LON-5.0,-0.3436650574407861,60,shallow
LAT50.7_LON0.0,-0.34431954868938375,60,shallow
LAT50.7_LON0.1,-0.3434039174267539,60,shallow
LAT50.7_LON0.2,-0.34146953112596434,60,shallow
LAT50.7_LON0.3,-0.3436767492495529,60,shallow
LAT50.7_LON0.4,-0.3414157916737245,60,shallow
LAT50.7_LON0.5,-0.3408964826152368,60,shallow
LAT50.7_LON0.6,-0.3427606379757395,60,shallow
LAT50.7_LON0.7,-0.3425360291297016,60,shallow
LAT50.7_LON0.8,-0.3438728754762572,60,shallow
LAT50.7_LON0.9,-0.3438483677462205,60,shallow
LAT50.7_LON1.0,-0.3431286446627927,60,shallow
LAT50.7_LON1.1,-0.3415796835469699,60,shallow
LAT50.7_LON1.2,-0.34311770922409707,60,shallow
LAT50.7_LON1.3,-0.34415394401639815,60,shallow
LAT50.7_LON1.4,-0.34307756987663235,60,shallow
LAT50.7_LON1.5,-0.3431183435845342,60,shallow
LAT50.7_LON1.6,-0.34267536882331107,60,shallow
LAT50.8_LON-0.1,-0.3420454967531415,60,shallow
LAT50.8_LON-0.2,-0.3436212466198027,60,shallow
LAT50.8_LON-0.3,-0.34474016424853665,60,shallow
LAT50.8_LON-0.4,-0.34518574065893143,60,shallow
LAT50.8_LON-0.5,-0.34244794640432685,60,shallow
LAT50.8_LON-0.6,-0.34524648772867206,60,shallow
LAT50.8_LON-0.7,-0.34636913960333526,60,shallow
LAT50.8_LON-0.9,-0.3427516475763747,60,shallow
LAT50.8_LON-1.0,-0.3428607652085959,60,shallow
LAT50.8_LON-1.1,-0.34221578843440853,60,shallow
LAT50.8_LON-1.2,-0.3426253353321017,60,shallow
LAT50.8_LON-1.3,-0.3425638659260085,60,shallow
LAT50.8_LON-1.4,-0.3452166430087656,60,shallow
LAT50.8_LON-1.5,-0.34288377867767345,60,shallow
LAT50.8_LON-4.6,-0.34351496531596676,60,shallow
LAT50.8_LON-4.7,-0.34490823686157435,60,shallow
LAT50.8_LON-4.8,-0.3431301545522277,60,shallow
LAT50.8_LON-4.9,-0.3414546187507035,60,shallow
LAT50.8_LON-5.0,-0.3458049940351793,60,shallow
LAT50.8_LON0.0,-0.3447319122738314,60,shallow
LAT50.8_LON0.1,-0.34260636241203873,60,shallow
LAT50.8_LON0.3,-0.34438304883615345,60,shallow
LAT50.8_LON0.4,-0.3418083256802561,60,shallow
LAT50.8_LON0.5,-0.3434301759394667,60,shallow
LAT50.8_LON0.6,-0.34353750242815145,60,shallow
LAT50.8_LON0.7,-0.34298612499213915,60,shallow
LAT50.8_LON0.8,-0.3423849275768259,60,shallow
LAT50.8_LON0.9,-0.3426099968635576,60,shallow
LAT50.8_LON1.0,-0.3452232283193246,60,shallow
LAT50.8_LON1.1,-0.34321451010948056,60,shallow
LAT50.8_LON1.2,-0.3441972807597161,60,shallow
LAT50.8_LON1.3,-0.34278299457745265,60,shallow
LAT50.8_LON1.4,-0.3449522392143433,60,shallow
LAT50.8_LON1.5,-0.34342872368496863,60,shallow
LAT50.8_LON1.6,-0.3427619032179229,60,shallow
LAT50.9_LON-1.3,-0.3428527374250284,60,shallow
LAT50.9_LON-1.4,-0.34227073688892246,60,shallow
LAT50.9_LON-4.7,-0.34378117457125806,60,shallow
LAT50.9_LON-4.8,-0.34442954653359087,60,shallow
LAT50.9_LON-4.9,-0.3427061466865018,60,shallow
LAT50.9_LON-5.0,-0.3438445246071867,60,shallow
LAT50.9_LON0.6,-0.34331453779882437,60,shallow
LAT50.9_LON0.7,-0.34298609052882345,60,shallow
LAT50.9_LON0.8,-0.3432889819137681,60,shallow
LAT50.9_LON0.9,-0.3431079073391677,60,shallow
LAT50.9_LON1.0,-0.3430308964702891,60,shallow
LAT50.9_LON1.1,-0.34231050164480814,60,shallow
LAT50.9_LON1.2,-0.3438009947712829,60,shallow
LAT50.9_LON1.3,-0.3459120920743912,60,shallow
LAT50.9_LON1.4,-0.34166205996544474,60,shallow
LAT50.9_LON1.5,-0.3435760449792464,60,shallow
LAT50.9_LON1.6,-0.34327252109660844,60,shallow
LAT50.9_LON1.7,-0.34258373951564014,60,shallow
LAT51.0_LON-4.2,-0.345134045049182,60,shallow
LAT51.0_LON-4.3,-0.34253390385251353,60,shallow
LAT51.0_LON-4.4,-0.34293197512661666,60,shallow
LAT51.0_LON-4.5,-0.34495063438476026,60,shallow
LAT51.0_LON-4.6,-0.3452350124964841,60,shallow
LAT51.0_LON-4.7,-0.34317120302944687,60,shallow
LAT51.0_LON-4.8,-0.3424730825847429,60,shallow
LAT51.0_LON-4.9,-0.3424744035968329,60,shallow
LAT51.0_LON-5.0,-0.34422812060648095,60,shallow
LAT51.0_LON0.7,-0.34580243960384865,60,shallow
LAT51.0_LON1.0,-0.34255068782932674,60,shallow
LAT51.0_LON1.1,-0.34154976986336255,60,shallow
LAT51.0_LON1.2,-0.3424115555291035,60,shallow
LAT51.0_LON1.3,-0.34344083127007236,60,shallow
LAT51.0_LON1.4,-0.3426754190097512,60,shallow
LAT51.0_LON1.5,-0.34498292986006923,60,shallow
LAT51.0_LON1.6,-0.34247981779720327,60,shallow
LAT51.0_LON1.7,-0.343266754920973,60,shallow
LAT51.0_LON1.8,-0.3428115468814426,60,shallow
LAT51.0_LON1.9,-0.34398337611838614,60,shallow
LAT51.0_LON2.0,-0.34365053469151013,60,shallow
LAT51.1_LON-4.2,-0.34419661863257167,60,shallow
LAT51.1_LON-4.3,-0.34216299405393674,60,shallow
LAT51.1_LON-4.4,-0.3460247044008354,60,shallow
LAT51.1_LON-4.5,-0.3423824617216333,60,shallow
LAT51.1_LON-4.6,-0.34236785388787055,60,shallow
LAT51.1_LON-4.7,-0.3419571918516001,60,shallow
LAT51.1_LON-4.8,-0.34383595020459873,60,shallow
LAT51.1_LON-4.9,-0.34182092093946775,60,shallow
LAT51.1_LON-5.0,-0.34244498790928013,60,shallow
LAT51.1_LON1.1,-0.3440071682163601,60,shallow
LAT51.1_LON1.2,-0.3420140640443406,60,shallow
LAT51.1_LON1.3,-0.343309460916985,60,shallow
LAT51.1_LON1.4,-0.3433695293824956,60,shallow
LAT51.1_LON1.5,-0.34338156334191877,60,shallow
LAT51.1_LON1.6,-0.3427557818898034,60,shallow
LAT51.1_LON1.7,-0.34429253586625863,60,shallow
LAT51.1_LON1.8,-0.34312903032261033,60,shallow
LAT51.1_LON1.9,-0.34434927340316235,60,shallow
LAT51.1_LON2.0,-0.342973828661853,60,shallow
LAT51.2_LON-3.2,-0.34245133397438693,60,shallow
LAT51.2_LON-3.9,-0.34235092740067075,60,shallow
LAT51.2_LON-4.0,-0.34215562404075067,60,shallow
LAT51.2_LON-4.1,-0.346364888631553,60,shallow
LAT51.2_LON-4.2,-0.3429009839588338,60,shallow
LAT51.2_LON-4.3,-0.34231441145025054,60,shallow
LAT51.2_LON-4.4,-0.34110212153442726,60,shallow
LAT51.2_LON-4.5,-0.34368972421116134,60,shallow
LAT51.2_LON-4.6,-0.3407782636603178,60,shallow
LAT51.2_LON-4.7,-0.34206596206906453,60,shallow
LAT51.2_LON-4.8,-0.3448684127730972,60,shallow
LAT51.2_LON-4.9,-0.34337423601975775,60,shallow
LAT51.2_LON-5.0,-0.34314397062639734,60,shallow
LAT51.2_LON1.4,-0.3402906113708006,60,shallow
LAT51.2_LON1.5,-0.34562475589811364,60,shallow
LAT51.2_LON1.6,-0.34323686032609685,60,shallow
LAT51.2_LON1.7,-0.3440538631442868,60,shallow
LAT51.2_LON1.8,-0.34301016584292426,60,shallow
LAT51.2_LON1.9,-0.34373436626735976,60,shallow
LAT51.2_LON2.0,-0.3436737190301651,60,shallow
LAT51.3_LON-4.1,-0.34172701251421006,60,shallow
LAT51.3_LON-4.2,-0.34472702663921256,60,shallow
LAT51.3_LON-4.3,-0.3453802769753316,60,shallow
LAT51.3_LON-4.4,-0.34379574705261373,60,shallow
LAT51.3_LON-4.5,-0.34260731447971665,60,shallow
LAT51.3_LON-4.6,-0.340068961809661,60,shallow
LAT51.3_LON-4.7,-0.3423049881851013,60,shallow
LAT51.3_LON-4.8,-0.34113753009101677,60,shallow
LAT51.3_LON-4.9,-0.34168978244826986,60,shallow
LAT51.3_LON-5.0,-0.3426353061691391,60,shallow
LAT51.3_LON1.4,-0.34302679137398207,60,shallow
LAT51.3_LON1.5,-0.34227016136180294,60,shallow
LAT51.3_LON1.6,-0.3424000273437052,60,shallow
LAT51.3_LON1.7,-0.3420458591789802,60,shallow
LAT51.3_LON1.8,-0.3429997552353976,60,shallow
LAT51.3_LON1.9,-0.34248131760675243,60,shallow
LAT51.3_LON2.0,-0.34060400340489516,60,shallow
LAT51.4_LON-3.7,-0.3418407701194797,60,shallow
LAT51.4_LON-3.8,-0.34433473974553536,60,shallow
LAT51.4_LON-3.9,-0.3430819397534247,60,shallow
LAT51.4_LON-4.0,-0.346611201574871,60,shallow
LAT51.4_LON-4.1,-0.34204413304725956,60,shallow
LAT51.4_LON-4.2,-0.3438169428803013,60,shallow
LAT51.4_LON-4.3,-0.3449779092486863,60,shallow
LAT51.4_LON-4.4,-0.34047746706184806,60,shallow
LAT51.4_LON-4.6,-0.34282049495107986,60,shallow
LAT51.4_LON-4.7,-0.3415911485731791,60,shallow
LAT51.4_LON-4.8,-0.34230550749374966,60,shallow
LAT51.4_LON-4.9,-0.34384140500647165,60,shallow
LAT51.4_LON-5.0,-0.34665850576964663,60,shallow
LAT51.4_LON0.6,-0.3445851940276017,60,shallow
LAT51.4_LON0.7,-0.3442049291057363,60,shallow
LAT51.4_LON0.8,-0.3410676302757676,60,shallow
LAT51.4_LON0.9,-0.34234684574749363,60,shallow
LAT51.4_LON1.0,-0.343054116522497,60,shallow
LAT51.4_LON1.1,-0.34313592371885965,60,shallow
LAT51.4_LON1.3,-0.34255936465668374,60,shallow
LAT51.4_LON1.4,-0.34233139782737376,60,shallow
LAT51.4_LON1.5,-0.3431940052060665,60,shallow
LAT51.4_LON1.6,-0.34181029243774286,60,shallow
LAT51.4_LON1.7,-0.34248870016821015,60,shallow
LAT51.4_LON1.8,-0.34367235017510295,60,shallow
LAT51.4_LON1.9,-0.34344183959975694,60,shallow
LAT51.4_LON2.0,-0.34769548541907147,60,shallow
LAT51.5_LON-0.2,-0.34340964583604605,60,shallow
LAT51.5_LON-3.8,-0.3435343510705131,60,shallow
LAT51.5_LON-3.9,-0.34283636821408175,60,shallow
LAT51.5_LON-4.0,-0.34225055205652727,60,shallow
LAT51.5_LON-4.1,-0.3478006154291392,60,shallow
LAT51.5_LON-4.2,-0.34314233794331245,60,shallow
LAT51.5_LON-4.3,-0.34043073451761036,60,shallow
LAT51.5_LON-4.6,-0.3424947443839817,60,shallow
LAT51.5_LON-4.7,-0.343192883639068,60,shallow
LAT51.5_LON-4.8,-0.3428247648574219,60,shallow
LAT51.5_LON-4.9,-0.3412551786295477,60,shallow
LAT51.5_LON-5.0,-0.34389441920083613,60,shallow
LAT51.5_LON0.4,-0.34266598438038004,60,shallow
LAT51.5_LON0.5,-0.3404028210496496,60,shallow
LAT51.5_LON0.7,-0.3437755380501405,60,shallow
LAT51.5_LON0.8,-0.34480651184593863,60,shallow
LAT51.5_LON0.9,-0.34311305586219304,60,shallow
LAT51.5_LON1.0,-0.34393191155741026,60,shallow
LAT51.5_LON1.1,-0.3439736400436522,60,shallow
LAT51.5_LON1.2,-0.3443836420728394,60,shallow
LAT51.5_LON1.3,-0.3433283190708354,60,shallow
LAT51.5_LON1.4,-0.3443414726290024,60,shallow
LAT51.5_LON1.5,-0.3432472660545476,60,shallow
LAT51.5_LON1.6,-0.3434903883618384,60,shallow
LAT51.5_LON1.7,-0.34278468177435983,60,shallow
LAT51.5_LON1.8,-0.3439402536510152,60,shallow
LAT51.5_LON1.9,-0.34223441791396825,60,shallow
LAT51.5_LON2.0,-0.34236784690204114,60,shallow
LAT51.6_LON-4.5,-0.3456858497966594,60,shallow
LAT51.6_LON-4.6,-0.3414324502861093,60,shallow
LAT51.6_LON-4.7,-0.3445475659487666,60,shallow
LAT51.6_LON-4.8,-0.34242403643462455,60,shallow
LAT51.6_LON-4.9,-0.34410980538916136,60,shallow
LAT51.6_LON-5.0,-0.34446374366976495,60,shallow
LAT51.6_LON1.0,-0.3444560740647784,60,shallow
LAT51.6_LON1.1,-0.3438529373339456,60,shallow
LAT51.6_LON1.2,-0.3436814264491864,60,shallow
LAT51.6_LON1.3,-0.34377608390616476,60,shallow
LAT51.6_LON1.4,-0.341972170299678,60,shallow
LAT51.6_LON1.5,-0.34228974639616966,60,shallow
LAT51.6_LON1.6,-0.34257357522464615,60,shallow
LAT51.6_LON1.7,-0.34294568547785337,60,shallow
LAT51.6_LON1.8,-0.34233136334303343,60,shallow
LAT51.6_LON1.9,-0.3450148825224434,60,shallow
LAT51.6_LON2.0,-0.34362822883439925,60,shallow
LAT51.7_LON-4.7,-0.34355280369122404,60,shallow
LAT51.7_LON0.8,-0.3400998849732879,60,shallow
LAT51.7_LON0.9,-0.34219547842447706,60,shallow
LAT51.7_LON1.0,-0.34282080943777293,60,shallow
LAT51.7_LON1.1,-0.3438399485847634,60,shallow
LAT51.7_LON1.2,-0.34494152768547265,60,shallow
LAT51.7_LON1.3,-0.34370121182411595,60,shallow
LAT51.7_LON1.4,-0.34586723708414935,60,shallow
LAT51.7_LON1.5,-0.3426647898903235,60,shallow
LAT51.7_LON1.6,-0.3473390861996067,60,shallow
LAT51.7_LON1.7,-0.34276053408490353,60,shallow
LAT51.7_LON1.8,-0.3440359967861013,60,shallow
LAT51.7_LON1.9,-0.3441665951242852,60,shallow
LAT51.7_LON2.0,-0.34234094771702556,60,shallow
LAT51.8_LON0.9,-0.34351477557718524,60,shallow
LAT51.8_LON1.0,-0.3422369180818805,60,shallow
LAT51.8_LON1.1,-0.3383231617167916,60,shallow
LAT51.8_LON1.2,-0.34253950111639175,60,shallow
LAT51.8_LON1.3,-0.3429530672970585,60,shallow
LAT51.8_LON1.4,-0.3406852135484904,60,shallow
LAT51.8_LON1.5,-0.3441031528856727,60,shallow
LAT51.8_LON1.6,-0.34238363367039026,60,shallow
LAT51.8_LON1.7,-0.3437916681804163,60,shallow
LAT51.8_LON1.8,-0.3423029206424278,60,shallow
LAT51.8_LON1.9,-0.34314770093667474,60,shallow
LAT51.8_LON2.0,-0.34520878361709334,60,shallow
LAT51.9_LON1.1,-0.3455286782192129,60,shallow
LAT51.9_LON1.2,-0.34313003884139126,60,shallow
LAT51.9_LON1.3,-0.3430483309290421,60,shallow
LAT51.9_LON1.4,-0.3432503284464026,60,shallow
LAT51.9_LON1.5,-0.34223437330145917,60,shallow
LAT51.9_LON1.6,-0.3443744492115763,60,shallow
LAT51.9_LON1.7,-0.34517171641336225,60,shallow
LAT51.9_LON1.8,-0.34428048596390265,60,shallow
LAT51.9_LON1.9,-0.34254512286987765,60,shallow
LAT51.9_LON2.0,-0.3453128920990854,60,shallow
LAT52.0_LON1.2,-0.3435414354885046,60,shallow
LAT52.0_LON1.3,-0.34406593864295215,60,shallow
LAT52.0_LON1.4,-0.3433812743224765,60,shallow
LAT52.0_LON1.5,-0.34139109225026854,60,shallow
LAT52.0_LON1.6,-0.3424805611429822,60,shallow
LAT52.0_LON1.7,-0.34272968513797736,60,shallow
LAT52.0_LON1.8,-0.34176133369854617,60,shallow
LAT52.0_LON1.9,-0.3448638405724819,60,shallow
LAT52.0_LON2.0,-0.3437995062382824,95,shallow
LAT52.0_LON2.1,-0.3487842482181371,95,shallow
LAT52.0_LON2.2,-0.34584898212476683,95,shallow
LAT52.0_LON2.3,-0.3442070381093556,95,shallow
LAT52.0_LON2.4,-0.3477447886344051,95,shallow
LAT52.0_LON2.5,-0.3427765263657389,95,shallow
LAT52.0_LON2.6,-0.34270537795104844,95,shallow
LAT52.0_LON2.7,-0.344659696699921,95,shallow
LAT52.0_LON2.8,-0.34740611942739885,95,shallow
LAT52.0_LON2.9,-0.3472737502679194,95,shallow
LAT52.0_LON3.0,-0.34670082335602387,95,shallow
LAT52.0_LON3.1,-0.3476072172912883,95,shallow
LAT52.0_LON3.2,-0.34768659523174905,95,shallow
LAT52.0_LON3.3,-0.34726453450595,95,shallow
LAT52.0_LON3.4,-0.3465788704542605,95,shallow
LAT52.0_LON3.5,-0.34605680263432786,95,shallow
LAT52.0_LON3.6,-0.34572430349696015,95,shallow
LAT52.0_LON3.7,-0.34779256477360265,95,shallow
LAT52.0_LON3.8,-0.34273418961174573,95,shallow
LAT52.0_LON3.9,-0.34437390438950244,95,shallow
LAT52.0_LON4.0,-0.34347958987098853,95,shallow
LAT52.0_LON4.1,-0.3451131085028322,95,shallow
LAT52.0_LON4.2,-0.3455890818934367,95,shallow
LAT52.0_LON4.3,-0.3488777689871246,95,shallow
LAT52.0_LON4.7,-0.34569659998170554,95,shallow
LAT52.0_LON5.1,-0.34867716648596575,95,shallow
LAT52.0_LON6.1,-0.3361522438438005,95,shallow
LAT52.1_LON2.0,-0.346105186658696,95,shallow
LAT52.1_LON2.1,-0.345706285265187,95,shallow
LAT52.1_LON2.2,-0.345150704008068,95,shallow
LAT52.1_LON2.3,-0.34617025187212624,95,shallow
LAT52.1_LON2.4,-0.34592152717785246,95,shallow
LAT52.1_LON2.5,-0.3459939228801211,95,shallow
LAT52.1_LON2.6,-0.34687056523838883,95,shallow
LAT52.1_LON2.7,-0.34450182519161743,95,shallow
LAT52.1_LON2.8,-0.34437719622811547,95,shallow
LAT52.1_LON2.9,-0.345199045682281,95,shallow
LAT52.1_LON3.0,-0.3474751797772593,95,shallow
LAT52.1_LON3.1,-0.3478650152822713,95,shallow
LAT52.1_LON3.2,-0.3463236420865452,95,shallow
LAT52.1_LON3.3,-0.3472487303070501,95,shallow
LAT52.1_LON3.4,-0.34609386978038664,95,shallow
LAT52.1_LON3.5,-0.3470561801683086,95,shallow
LAT52.1_LON3.6,-0.347806457520426,95,shallow
LAT52.1_LON3.7,-0.34608293577897964,95,shallow
LAT52.1_LON3.8,-0.34680305669766454,95,shallow
LAT52.1_LON3.9,-0.3451097760934249,95,shallow
LAT52.1_LON4.0,-0.34583767378607844,95,shallow
LAT52.1_LON4.1,-0.3433578809127018,95,shallow
LAT52.1_LON4.2,-0.3445089463456031,95,shallow
LAT52.1_LON4.3,-0.34265924206062603,95,shallow
LAT52.1_LON4.4,-0.3471693710565117,95,shallow
LAT52.1_LON4.5,-0.3498449515699539,95,shallow
LAT52.1_LON4.6,-0.3469105716471268,95,shallow
LAT52.1_LON4.7,-0.3455965125125004,95,shallow
LAT52.1_LON5.1,-0.34658871501548993,95,shallow
LAT52.2_LON2.0,-0.3468250288946749,95,shallow
LAT52.2_LON2.1,-0.3444423666306209,95,shallow
LAT52.2_LON2.2,-0.34573056923037454,95,shallow
LAT52.2_LON2.3,-0.34615187455003904,95,shallow
LAT52.2_LON2.4,-0.34533383984991234,95,shallow
LAT52.2_LON2.5,-0.34334536939638316,95,shallow
LAT52.2_LON2.6,-0.3439983262233197,95,shallow
LAT52.2_LON2.7,-0.3476454883712137,95,shallow
LAT52.2_LON2.8,-0.34424464527946674,95,shallow
LAT52.2_LON2.9,-0.3437590341377994,95,shallow
LAT52.2_LON3.0,-0.34514270279522197,95,shallow
LAT52.2_LON3.1,-0.3443105250428636,95,shallow
LAT52.2_LON3.2,-0.3415111983571544,95,shallow
LAT52.2_LON3.3,-0.3463918022679235,95,shallow
LAT52.2_LON3.4,-0.3466148579765299,95,shallow
LAT52.2_LON3.5,-0.34755171796361445,95,shallow
LAT52.2_LON3.6,-0.3463094981174458,95,shallow
LAT52.2_LON3.7,-0.34206867852922335,95,shallow
LAT52.2_LON3.8,-0.3464248326776161,95,shallow
LAT52.2_LON3.9,-0.34496626180536155,95,shallow
LAT52.2_LON4.0,-0.3461233947847653,95,shallow
LAT52.2_LON4.1,-0.34508401495186,95,shallow
LAT52.2_LON4.2,-0.3473456866644702,95,shallow
LAT52.2_LON4.3,-0.34437418124633906,95,shallow
LAT52.2_LON4.4,-0.3436344927796809,95,shallow
LAT52.2_LON4.5,-0.3476002538078164,95,shallow
LAT52.2_LON4.6,-0.3478946596890194,95,shallow
LAT52.2_LON4.7,-0.34765126338197017,95,shallow
LAT52.2_LON4.8,-0.3469105716471268,95,shallow
LAT52.2_LON5.0,-0.34676246779295794,95,shallow
LAT52.2_LON5.4,-0.3412810748129903,95,shallow
LAT52.3_LON2.0,-0.3445472174564427,95,shallow
LAT52.3_LON2.1,-0.3463409590237611,95,shallow
LAT52.3_LON2.2,-0.34518492569413295,95,shallow
LAT52.3_LON2.3,-0.34357032498873297,95,shallow
LAT52.3_LON2.4,-0.34664515443622335,95,shallow
LAT52.3_LON2.5,-0.34711320890429365,95,shallow
LAT52.3_LON2.6,-0.3458299648455034,95,shallow
LAT52.3_LON2.7,-0.347542142998964,95,shallow
LAT52.3_LON2.8,-0.3419665064329994,95,shallow
LAT52.3_LON2.9,-0.34553476050473386,95,shallow
LAT52.3_LON3.0,-0.3457492632656994,95,shallow
LAT52.3_LON3.1,-0.3447586919096746,95,shallow
LAT52.3_LON3.2,-0.3433555554390489,95,shallow
LAT52.3_LON3.3,-0.34703506683044516,95,shallow
LAT52.3_LON3.4,-0.3448003838992879,95,shallow
LAT52.3_LON3.5,-0.34471823885269953,95,shallow
LAT52.3_LON3.6,-0.34838880154545543,95,shallow
LAT52.3_LON3.7,-0.3464436890317949,95,shallow
LAT52.3_LON3.8,-0.34390021593807535,95,shallow
LAT52.3_LON3.9,-0.34521715333185615,95,shallow
LAT52.3_LON4.0,-0.34643598772742745,95,shallow
LAT52.3_LON4.1,-0.3488303827841521,95,shallow
LAT52.3_LON4.2,-0.3481173997771642,95,shallow
LAT52.3_LON4.3,-0.3465635750961957,95,shallow
LAT52.3_LON4.4,-0.34542389055621686,95,shallow
LAT52.3_LON4.5,-0.3476599250528141,95,shallow
LAT52.3_LON4.6,-0.34805381167570315,95,shallow
LAT52.3_LON4.7,-0.3487258578252193,95,shallow
LAT52.3_LON4.8,-0.34738133067234594,95,shallow
LAT52.3_LON4.9,-0.34406762009803793,95,shallow
LAT52.3_LON5.0,-0.3462602947160058,95,shallow
LAT52.3_LON5.1,-0.3453398814525149,95,shallow
LAT52.3_LON5.2,-0.34338561883170227,95,shallow
LAT52.3_LON5.3,-0.3458015011095363,95,shallow
LAT52.3_LON5.4,-0.3456663863250775,95,shallow
LAT52.3_LON5.5,-0.34400207643404035,95,shallow
LAT52.4_LON2.0,-0.346069890634812,95,shallow
LAT52.4_LON2.1,-0.3477892866830237,95,shallow
LAT52.4_LON2.2,-0.3475069999389667,95,shallow
LAT52.4_LON2.3,-0.34431929473340334,95,shallow
LAT52.4_LON2.4,-0.3443167236921844,95,shallow
LAT52.4_LON2.5,-0.3451591303187586,95,shallow
LAT52.4_LON2.6,-0.34713529387829783,95,shallow
LAT52.4_LON2.7,-0.3463034268459049,95,shallow
LAT52.4_LON2.8,-0.34799675527919866,95,shallow
LAT52.4_LON2.9,-0.34419167409608137,95,shallow
LAT52.4_LON3.0,-0.3469253590637074,95,shallow
LAT52.4_LON3.1,-0.34808453356052355,95,shallow
LAT52.4_LON3.2,-0.346133756959733,95,shallow
LAT52.4_LON3.3,-0.34674870965922444,95,shallow
LAT52.4_LON3.4,-0.3467818943820384,95,shallow
LAT52.4_LON3.5,-0.3484506603776447,95,shallow
LAT52.4_LON3.6,-0.3457344920326056,95,shallow
LAT52.4_LON3.7,-0.3452238549402495,95,shallow
LAT52.4_LON3.8,-0.3469799249626052,95,shallow
LAT52.4_LON3.9,-0.3435047323227876,95,shallow
LAT52.4_LON4.0,-0.34470081256667423,95,shallow
LAT52.4_LON4.1,-0.34596465871696414,95,shallow
LAT52.4_LON4.2,-0.3458972626482398,95,shallow
LAT52.4_LON4.3,-0.34326300610093397,95,shallow
LAT52.4_LON4.4,-0.34675919430587665,95,shallow
LAT52.4_LON4.5,-0.3462038055734918,95,shallow
LAT52.4_LON4.6,-0.3465798966599897,95,shallow
LAT52.4_LON4.7,-0.3463118016396553,95,shallow
LAT52.4_LON4.8,-0.3455934963285455,95,shallow
LAT52.4_LON4.9,-0.34613873996671374,95,shallow
LAT52.4_LON5.0,-0.34650228379493936,95,shallow
LAT52.4_LON5.1,-0.3468370046543018,95,shallow
LAT52.4_LON5.2,-0.3479930646763459,95,shallow
LAT52.4_LON5.3,-0.34480137389939525,95,shallow
LAT52.5_LON2.0,-0.34183544205622274,95,shallow
LAT52.5_LON2.1,-0.34360544562286366,95,shallow
LAT52.5_LON2.2,-0.3464621314815529,95,shallow
LAT52.5_LON2.3,-0.3446839986886189,95,shallow
LAT52.5_LON2.4,-0.34819262500899884,95,shallow
LAT52.5_LON2.5,-0.34503170058783633,95,shallow
LAT52.5_LON2.6,-0.34449038633241813,95,shallow
LAT52.5_LON2.7,-0.34501454122378905,95,shallow
LAT52.5_LON2.8,-0.3444303733131492,95,shallow
LAT52.5_LON2.9,-0.34583171019604325,95,shallow
LAT52.5_LON3.0,-0.3471955155660158,95,shallow
LAT52.5_LON3.1,-0.3451499397720244,95,shallow
LAT52.5_LON3.2,-0.3478391635263438,95,shallow
LAT52.5_LON3.3,-0.3456695835396014,95,shallow
LAT52.5_LON3.4,-0.3461958742246754,95,shallow
LAT52.5_LON3.5,-0.3455089213249468,95,shallow
LAT52.5_LON3.6,-0.3477139575905644,95,shallow
LAT52.5_LON3.7,-0.3487042264519084,95,shallow
LAT52.5_LON3.8,-0.3432014016609233,95,shallow
LAT52.5_LON3.9,-0.3482546475104709,95,shallow
LAT52.5_LON4.0,-0.3453205467311501,95,shallow
LAT52.5_LON4.1,-0.3459148213157037,95,shallow
LAT52.5_LON4.2,-0.3473020870933734,95,shallow
LAT52.5_LON4.3,-0.34785771809322197,95,shallow
LAT52.5_LON4.4,-0.34489214056907835,95,shallow
LAT52.5_LON4.5,-0.34456597706899755,95,shallow
LAT52.5_LON4.6,-0.3477147483703528,95,shallow
LAT52.5_LON4.8,-0.3488490454920926,95,shallow
LAT52.5_LON5.0,-0.346829339407279,95,shallow
LAT52.5_LON5.1,-0.3459728959249449,95,shallow
LAT52.5_LON5.2,-0.3456620291538847,95,shallow
LAT52.5_LON5.3,-0.3485486154245998,95,shallow
LAT52.5_LON5.4,-0.3439006216186141,95,shallow
LAT52.5_LON5.5,-0.3445900892489527,95,shallow
LAT52.5_LON5.8,-0.3474725254893345,95,shallow
LAT52.5_LON5.9,-0.34811752851575295,95,shallow
LAT52.5_LON6.1,-0.3485083239264867,95,shallow
LAT52.6_LON2.1,-0.3434262994428982,95,shallow
LAT52.6_LON2.2,-0.3466040823748869,95,shallow
LAT52.6_LON2.3,-0.347281851680769,95,shallow
LAT52.6_LON2.4,-0.3439701705392741,95,shallow
LAT52.6_LON2.5,-0.34396470316951344,95,shallow
LAT52.6_LON2.6,-0.34366620427273586,95,shallow
LAT52.6_LON2.7,-0.3449819930460223,95,shallow
LAT52.6_LON2.8,-0.3443910684208559,95,shallow
LAT52.6_LON2.9,-0.3440468643134561,95,shallow
LAT52.6_LON3.0,-0.3461571617994438,95,shallow
LAT52.6_LON3.1,-0.34431720380526787,95,shallow
LAT52.6_LON3.2,-0.3469116107950909,95,shallow
LAT52.6_LON3.3,-0.3456455015414255,95,shallow
LAT52.6_LON3.4,-0.3450900083614341,95,shallow
LAT52.6_LON3.5,-0.3480699059235031,95,shallow
LAT52.6_LON3.6,-0.3447925149695628,95,shallow
LAT52.6_LON3.7,-0.34556706777718366,95,shallow
LAT52.6_LON3.8,-0.34484552877476904,95,shallow
LAT52.6_LON3.9,-0.34685103332426453,95,shallow
LAT52.6_LON4.0,-0.3440432765060342,95,shallow
LAT52.6_LON4.1,-0.34462310566820964,95,shallow
LAT52.6_LON4.2,-0.34369506211871526,95,shallow
LAT52.6_LON4.3,-0.34710986356824663,95,shallow
LAT52.6_LON4.4,-0.3437395652916312,95,shallow
LAT52.6_LON4.5,-0.3482003414582618,95,shallow
LAT52.6_LON4.6,-0.3477106235094701,95,shallow
LAT52.6_LON4.7,-0.34591028580755867,95,shallow
LAT52.6_LON5.0,-0.34572565955570217,95,shallow
LAT52.6_LON5.1,-0.34766930950506625,95,shallow
LAT52.6_LON5.2,-0.3442120903289487,95,shallow
LAT52.6_LON5.3,-0.34883105125627745,95,shallow
LAT52.6_LON5.4,-0.34607476432917783,95,shallow
LAT52.6_LON5.5,-0.345172307669375,95,shallow
LAT52.6_LON5.6,-0.3446926987228721,95,shallow
LAT52.6_LON5.7,-0.344277095661602,95,shallow
LAT52.6_LON5.8,-0.34788047036292274,95,shallow
LAT52.6_LON5.9,-0.33608317313243047,95,shallow
LAT52.6_LON6.1,-0.3378735059458278,95,shallow
LAT52.7_LON2.2,-0.3453942581185801,95,shallow
LAT52.7_LON2.3,-0.3461730220726123,95,shallow
LAT52.7_LON2.4,-0.34871109084851076,95,shallow
LAT52.7_LON2.5,-0.3405501004893273,95,shallow
LAT52.7_LON2.6,-0.34706828150090646,95,shallow
LAT52.7_LON2.7,-0.34220895920235583,95,shallow
LAT52.7_LON2.8,-0.34286909550097583,95,shallow
LAT52.7_LON2.9,-0.34616382846273364,95,shallow
LAT52.7_LON3.0,-0.3440611135818983,95,shallow
LAT52.7_LON3.1,-0.34327376952288136,95,shallow
LAT52.7_LON3.2,-0.34760712830477686,95,shallow
LAT52.7_LON3.3,-0.3451336232327458,95,shallow
LAT52.7_LON3.4,-0.34445814177997436,95,shallow
LAT52.7_LON3.5,-0.3451407968224807,95,shallow
LAT52.7_LON3.6,-0.34508227373176414,95,shallow
LAT52.7_LON3.7,-0.34720903751585197,95,shallow
LAT52.7_LON3.8,-0.34042994633304396,95,shallow
LAT52.7_LON3.9,-0.3453941928958972,95,shallow
LAT52.7_LON4.0,-0.34738971283656334,95,shallow
LAT52.7_LON4.1,-0.3447391561874833,95,shallow
LAT52.7_LON4.2,-0.3465926143850231,95,shallow
LAT52.7_LON4.3,-0.3455284935174688,95,shallow
LAT52.7_LON4.4,-0.3471481089722601,95,shallow
LAT52.7_LON4.5,-0.3485765700068543,95,shallow
LAT52.7_LON4.6,-0.3446982213212773,95,shallow
LAT52.7_LON5.2,-0.34422338523965346,95,shallow
LAT52.7_LON5.3,-0.345835628357635,95,shallow
LAT52.7_LON5.4,-0.3397086232575545,95,shallow
LAT52.7_LON5.5,-0.34352015981636397,95,shallow
LAT52.7_LON5.6,-0.34199985064634647,95,shallow
LAT52.7_LON6.1,-0.3468031814045869,95,shallow
LAT52.8_LON2.0,-0.3411521994984963,95,shallow
LAT52.8_LON2.1,-0.34917246525812595,95,shallow
LAT52.8_LON2.2,-0.3470125320929765,95,shallow
LAT52.8_LON2.3,-0.3453853385528669,95,shallow
LAT52.8_LON2.4,-0.3447352268620922,95,shallow
LAT52.8_LON2.5,-0.34614388891992837,95,shallow
LAT52.8_LON2.6,-0.3443442543837177,95,shallow
LAT52.8_LON2.7,-0.3421706626011633,95,shallow
LAT52.8_LON2.8,-0.343258297272929,95,shallow
LAT52.8_LON2.9,-0.34414981798233785,95,shallow
LAT52.8_LON3.0,-0.3429769186601759,95,shallow
LAT52.8_LON3.1,-0.34728260149286755,95,shallow
LAT52.8_LON3.2,-0.3447432674880333,95,shallow
LAT52.8_LON3.3,-0.3461499807534376,95,shallow
LAT52.8_LON3.4,-0.3462287404703458,95,shallow
LAT52.8_LON3.5,-0.3431804831509647,95,shallow
LAT52.8_LON3.6,-0.33810564812142746,95,shallow
LAT52.8_LON3.7,-0.34785401256459236,95,shallow
LAT52.8_LON3.8,-0.34482409790394764,95,shallow
LAT52.8_LON3.9,-0.3486765392591177,95,shallow
LAT52.8_LON4.0,-0.346687599462492,95,shallow
LAT52.8_LON4.1,-0.34748523582233665,95,shallow
LAT52.8_LON4.2,-0.3447784071156665,95,shallow
LAT52.8_LON4.3,-0.345181407407742,95,shallow
LAT52.8_LON4.4,-0.345232304717339,95,shallow
LAT52.8_LON4.5,-0.3470670157183403,95,shallow
LAT52.8_LON4.6,-0.346846847890334,95,shallow
LAT52.8_LON4.7,-0.34839130684823577,95,shallow
LAT52.8_LON5.1,-0.34319758059642325,95,shallow
LAT52.8_LON5.2,-0.34356082874714405,95,shallow
LAT52.8_LON5.3,-0.3430279790477236,95,shallow
LAT52.8_LON5.4,-0.3467906026049535,95,shallow
LAT52.8_LON5.5,-0.3463836770674257,95,shallow
LAT52.8_LON5.6,-0.3460385045568463,95,shallow
LAT52.8_LON5.7,-0.3466446913071036,95,shallow
LAT52.9_LON2.0,-0.3464051240233843,95,shallow
LAT52.9_LON2.1,-0.34529536367505703,95,shallow
LAT52.9_LON2.2,-0.34726372969138986,95,shallow
LAT52.9_LON2.3,-0.34195929540468534,95,shallow
LAT52.9_LON2.4,-0.3473313006641172,95,shallow
LAT52.9_LON2.5,-0.34730672027737175,95,shallow
LAT52.9_LON2.6,-0.3464372658423918,95,shallow
LAT52.9_LON2.7,-0.34546908017951333,95,shallow
LAT52.9_LON2.8,-0.3472356225136173,95,shallow
LAT52.9_LON2.9,-0.34582495544941083,95,shallow
LAT52.9_LON3.0,-0.3404085119911373,95,shallow
LAT52.9_LON3.1,-0.34649278720219207,95,shallow
LAT52.9_LON3.2,-0.34464696456915744,95,shallow
LAT52.9_LON3.3,-0.34707412306995317,95,shallow
LAT52.9_LON3.4,-0.3434950150404025,95,shallow
LAT52.9_LON3.5,-0.34461547790300895,95,shallow
LAT52.9_LON3.6,-0.34763970834441393,95,shallow
LAT52.9_LON3.7,-0.34599120963640906,95,shallow
LAT52.9_LON3.8,-0.3472993815145351,95,shallow
LAT52.9_LON3.9,-0.34563548922296183,95,shallow
LAT52.9_LON4.0,-0.3443314339033872,95,shallow
LAT52.9_LON4.1,-0.34565388742793396,95,shallow
LAT52.9_LON4.2,-0.3456809561546142,95,shallow
LAT52.9_LON4.3,-0.3477582477057708,95,shallow
LAT52.9_LON4.4,-0.3470941240154643,95,shallow
LAT52.9_LON4.5,-0.3468531912148768,95,shallow
LAT52.9_LON4.6,-0.34438638119402976,95,shallow
LAT52.9_LON4.7,-0.34188712911109537,95,shallow
LAT52.9_LON4.8,-0.3442363993513981,95,shallow
LAT52.9_LON4.9,-0.34437929320811306,95,shallow
LAT52.9_LON5.0,-0.3462214577293364,95,shallow
LAT52.9_LON5.1,-0.3463083831048524,95,shallow
LAT52.9_LON5.2,-0.34395248335074535,95,shallow
LAT52.9_LON5.3,-0.34842526045499056,95,shallow
LAT52.9_LON5.4,-0.34587235994327037,95,shallow
LAT52.9_LON5.5,-0.34839647208808533,95,shallow
LAT52.9_LON5.7,-0.3452673516202964,95,shallow
LAT52.9_LON5.9,-0.33549221556123443,95,shallow
LAT53.0_LON2.0,-0.3487977616572607,95,shallow
LAT53.0_LON2.1,-0.34652139707771,95,shallow
LAT53.0_LON2.2,-0.3442427403433806,95,shallow
LAT53.0_LON2.3,-0.33783155347958616,95,shallow
LAT53.0_LON2.4,-0.3357468581324341,95,shallow
LAT53.0_LON2.5,-0.34423546200961413,95,shallow
LAT53.0_LON2.6,-0.3473951318338557,95,shallow
LAT53.0_LON2.7,-0.3432586340004529,95,shallow
LAT53.0_LON2.8,-0.3457174578739608,95,shallow
LAT53.0_LON2.9,-0.3460313359157929,95,shallow
LAT53.0_LON3.0,-0.3448026479773712,95,shallow
LAT53.0_LON3.1,-0.34290212123392294,95,shallow
LAT53.0_LON3.2,-0.34441939788217213,95,shallow
LAT53.0_LON3.3,-0.34602199087656044,95,shallow
LAT53.0_LON3.4,-0.3453818155426395,95,shallow
LAT53.0_LON3.5,-0.3460321285461861,95,shallow
LAT53.0_LON3.6,-0.3478925877128001,95,shallow
LAT53.0_LON3.7,-0.3468807553386118,95,shallow
LAT53.0_LON3.8,-0.34771964294087504,95,shallow
LAT53.0_LON3.9,-0.34454888878224493,95,shallow
LAT53.0_LON4.0,-0.34658882984834155,95,shallow
LAT53.0_LON4.1,-0.3467197388368821,95,shallow
LAT53.0_LON4.2,-0.3471727122489662,95,shallow
LAT53.0_LON4.3,-0.345559284425797,95,shallow
LAT53.0_LON4.4,-0.3468110747903495,95,shallow
LAT53.0_LON4.5,-0.3429135877956714,95,shallow
LAT53.0_LON4.6,-0.34765625792372934,95,shallow
LAT53.0_LON4.7,-0.3462881596565577,95,shallow
LAT53.0_LON4.8,-0.3476857953211092,95,shallow
LAT53.0_LON4.9,-0.34838233331497565,95,shallow
LAT53.0_LON5.0,-0.34636591563834296,95,shallow
LAT53.0_LON5.1,-0.3458755584892164,95,shallow
LAT53.0_LON5.2,-0.34441270088984366,95,shallow
LAT53.0_LON5.3,-0.3437948796266439,95,shallow
LAT53.0_LON5.4,-0.34621353128856336,95,shallow
LAT53.0_LON5.5,-0.33487794427559514,95,shallow
LAT53.0_LON5.6,-0.3392520512746982,95,shallow
LAT53.0_LON5.7,-0.3473541140082519,95,shallow
LAT53.0_LON5.8,-0.34730802354643586,95,shallow
LAT53.0_LON5.9,-0.3448338387299404,95,shallow
LAT53.1_LON2.0,-0.34829448408786423,95,shallow
LAT53.1_LON2.1,-0.3465188276552283,95,shallow
LAT53.1_LON2.2,-0.3441993787669688,95,shallow
LAT53.1_LON2.3,-0.34315034964953806,95,shallow
LAT53.1_LON2.4,-0.3501859692283833,95,shallow
LAT53.1_LON2.5,-0.34554214117811194,95,shallow
LAT53.1_LON2.6,-0.34594367523418645,95,shallow
LAT53.1_LON2.8,-0.34755564429951297,95,shallow
LAT53.1_LON2.9,-0.3477259572791647,95,shallow
LAT53.1_LON3.0,-0.3480071361519907,95,shallow
LAT53.1_LON3.1,-0.3496750045911787,95,shallow
LAT53.1_LON3.2,-0.3372780558859819,95,shallow
LAT53.1_LON3.3,-0.34808150117467196,95,shallow
LAT53.1_LON3.4,-0.34587246701576074,95,shallow
LAT53.1_LON3.5,-0.34742000277916146,95,shallow
LAT53.1_LON3.6,-0.3453698072373462,95,shallow
LAT53.1_LON3.7,-0.3485213514209183,95,shallow
LAT53.1_LON3.8,-0.3461543413577048,95,shallow
LAT53.1_LON3.9,-0.3471614891852066,95,shallow
LAT53.1_LON4.0,-0.3472809639597197,95,shallow
LAT53.1_LON4.1,-0.3470583118680722,95,shallow
LAT53.1_LON4.2,-0.34716220403783676,95,shallow
LAT53.1_LON4.3,-0.34709163782337643,95,shallow
LAT53.1_LON4.4,-0.34683269106819,95,shallow
LAT53.1_LON4.5,-0.3470280398697856,95,shallow
LAT53.1_LON4.6,-0.3480969784358317,95,shallow
LAT53.1_LON4.7,-0.34583936084643097,95,shallow
LAT53.1_LON4.8,-0.3440267584889229,95,shallow
LAT53.1_LON4.9,-0.3450008368735251,95,shallow
LAT53.1_LON5.0,-0.3458724344671912,95,shallow
LAT53.1_LON5.1,-0.34761389797432035,95,shallow
LAT53.1_LON5.2,-0.34641117112507575,95,shallow
LAT53.1_LON5.3,-0.34717374962624115,95,shallow
LAT53.1_LON5.4,-0.3456050141435959,95,shallow
LAT53.1_LON5.8,-0.34652139707771,95,shallow
LAT53.1_LON5.9,-0.34677613728570766,95,shallow
LAT53.2_LON2.0,-0.3461067155754083,95,shallow
LAT53.2_LON2.1,-0.34672391243545925,95,shallow
LAT53.2_LON2.2,-0.34746881333044755,95,shallow
LAT53.2_LON2.3,-0.3449296452513368,95,shallow
LAT53.2_LON2.4,-0.34587974272320876,95,shallow
LAT53.2_LON2.5,-0.3479652594629783,95,shallow
LAT53.2_LON2.6,-0.34258868504890644,95,shallow
LAT53.2_LON2.7,-0.34395874980352653,95,shallow
LAT53.2_LON2.8,-0.3434749797915182,95,shallow
LAT53.2_LON2.9,-0.34528489229593534,95,shallow
LAT53.2_LON3.0,-0.3454785968328521,95,shallow
LAT53.2_LON3.1,-0.34295633478211335,95,shallow
LAT53.2_LON3.2,-0.3450021467314561,95,shallow
LAT53.2_LON3.3,-0.34481186988080104,95,shallow
LAT53.2_LON3.4,-0.3484087066412611,95,shallow
LAT53.2_LON3.5,-0.3481864660668903,95,shallow
LAT53.2_LON3.6,-0.3456006457425821,95,shallow
LAT53.2_LON3.7,-0.3457737507201113,95,shallow
LAT53.2_LON3.8,-0.3469716473960454,95,shallow
LAT53.2_LON3.9,-0.3477217948094699,95,shallow
LAT53.2_LON4.0,-0.34715013115201265,95,shallow
LAT53.2_LON4.1,-0.3479575520682472,95,shallow
LAT53.2_LON4.2,-0.3482135663851276,95,shallow
LAT53.2_LON4.3,-0.3471920845668171,95,shallow
LAT53.2_LON4.4,-0.34564937023825054,95,shallow
LAT53.2_LON4.5,-0.3457157455551772,95,shallow
LAT53.2_LON4.6,-0.34640394100606897,95,shallow
LAT53.2_LON4.7,-0.34507598741362405,95,shallow
LAT53.2_LON4.8,-0.3456609007636935,95,shallow
LAT53.2_LON4.9,-0.3470670518344461,95,shallow
LAT53.2_LON5.0,-0.3463967746366226,95,shallow
LAT53.2_LON5.1,-0.34498581479458346,95,shallow
LAT53.2_LON5.2,-0.34435009108159986,95,shallow
LAT53.2_LON5.3,-0.34585536116537824,95,shallow
LAT53.2_LON5.4,-0.34693201714500616,95,shallow
LAT53.2_LON5.5,-0.3462478071555294,95,shallow
LAT53.2_LON5.6,-0.34691946530417533,95,shallow
LAT53.2_LON5.8,-0.3451938388385194,95,shallow
LAT53.2_LON5.9,-0.3464583682997279,95,shallow
LAT53.2_LON6.1,-0.34623925580347426,95,shallow
LAT53.2_LON6.3,-0.3499638814628613,95,shallow
LAT53.2_LON6.6,-0.34806237527223655,95,shallow
LAT53.3_LON2.0,-0.34689564767630426,95,shallow
LAT53.3_LON2.1,-0.3453191282645577,95,shallow
LAT53.3_LON2.2,-0.34496897169796886,95,shallow
LAT53.3_LON2.3,-0.3467842208653476,95,shallow
LAT53.3_LON2.4,-0.34515536419319875,95,shallow
LAT53.3_LON2.5,-0.3454534439068688,95,shallow
LAT53.3_LON2.6,-0.3434941286280603,95,shallow
LAT53.3_LON2.7,-0.34468237074538166,95,shallow
LAT53.3_LON2.8,-0.3459423742743405,95,shallow
LAT53.3_LON2.9,-0.34590530207611764,95,shallow
LAT53.3_LON3.0,-0.34883815406520075,95,shallow
LAT53.3_LON3.1,-0.34608799558006137,95,shallow
LAT53.3_LON3.2,-0.3456706798513845,95,shallow
LAT53.3_LON3.3,-0.34630825795629083,95,shallow
LAT53.3_LON3.4,-0.34745998669358036,95,shallow
LAT53.3_LON3.5,-0.3459518257596743,95,shallow
LAT53.3_LON3.6,-0.3442170780640185,95,shallow
LAT53.3_LON3.7,-0.34808649039656414,95,shallow
LAT53.3_LON3.8,-0.3479612637665261,95,shallow
LAT53.3_LON3.9,-0.3467550863134637,95,shallow
LAT53.3_LON4.0,-0.348684118299904,95,shallow
LAT53.3_LON4.1,-0.3475120997523857,95,shallow
LAT53.3_LON4.2,-0.3482545652426017,95,shallow
LAT53.3_LON4.3,-0.3501766731029394,95,shallow
LAT53.3_LON4.4,-0.34771199707346695,95,shallow
LAT53.3_LON4.5,-0.34676469428411993,95,shallow
LAT53.3_LON4.6,-0.3471693710565117,95,shallow
LAT53.3_LON4.7,-0.34579034978629763,95,shallow
LAT53.3_LON4.8,-0.34440735465312355,95,shallow
LAT53.3_LON4.9,-0.3468617820521482,95,shallow
LAT53.3_LON5.0,-0.34511676113508927,95,shallow
LAT53.3_LON5.1,-0.34537735798163993,95,shallow
LAT53.3_LON5.2,-0.3454925953486135,95,shallow
LAT53.3_LON5.3,-0.34392100454589924,95,shallow
LAT53.3_LON5.4,-0.34440176968369374,95,shallow
LAT53.3_LON5.5,-0.340992219570554,95,shallow
LAT53.3_LON5.6,-0.34343783636774033,95,shallow
LAT53.3_LON5.7,-0.3496750045911787,95,shallow
LAT53.3_LON5.8,-0.345932481406065,95,shallow
LAT53.3_LON5.9,-0.34525967086132475,95,shallow
LAT53.3_LON6.0,-0.3433700334449335,95,shallow
LAT53.3_LON6.1,-0.3430069822699536,95,shallow
LAT53.3_LON6.2,-0.345719289039776,95,shallow
LAT53.3_LON6.3,-0.3427005857468254,95,shallow
LAT53.3_LON6.4,-0.3472359965573125,95,shallow
LAT53.3_LON6.5,-0.3471693710565117,95,shallow
LAT53.3_LON6.9,-0.343475077410489,95,shallow
LAT53.3_LON7.0,-0.3469221332253751,95,shallow
LAT53.3_LON7.1,-0.34562197286091756,95,shallow
LAT53.3_LON7.2,-0.3468031814045869,95,shallow
LAT53.4_LON2.0,-0.3444382582852588,95,shallow
LAT53.4_LON2.1,-0.3458827250937582,95,shallow
LAT53.4_LON2.2,-0.34843617691599965,95,shallow
LAT53.4_LON2.3,-0.34609897516085164,95,shallow
LAT53.4_LON2.4,-0.34444758502478245,95,shallow
LAT53.4_LON2.5,-0.34146045587018015,95,shallow
LAT53.4_LON2.6,-0.34405618861069903,95,shallow
LAT53.4_LON2.7,-0.3436969600834411,95,shallow
LAT53.4_LON2.8,-0.3431982431045033,95,shallow
LAT53.4_LON2.9,-0.3465450856372945,95,shallow
LAT53.4_LON3.0,-0.34251719180871465,95,shallow
LAT53.4_LON3.1,-0.3461993575674302,95,shallow
LAT53.4_LON3.2,-0.3421770740923279,95,shallow
LAT53.4_LON3.3,-0.3474188125113575,95,shallow
LAT53.4_LON3.4,-0.34590230021024315,95,shallow
LAT53.4_LON3.5,-0.3467799896206746,95,shallow
LAT53.4_LON3.6,-0.34475897724508203,95,shallow
LAT53.4_LON3.7,-0.3449042172729244,95,shallow
LAT53.4_LON3.8,-0.34485299053300095,95,shallow
LAT53.4_LON3.9,-0.3465932455642513,95,shallow
LAT53.4_LON4.0,-0.34425091536370145,95,shallow
LAT53.4_LON4.1,-0.34590756440758486,95,shallow
LAT53.4_LON4.2,-0.3493425090699317,95,shallow
LAT53.4_LON4.3,-0.347640042500755,95,shallow
LAT53.4_LON4.4,-0.34343879296542734,95,shallow
LAT53.4_LON4.5,-0.3471058400943048,95,shallow
LAT53.4_LON4.6,-0.34909693139333176,95,shallow
LAT53.4_LON4.7,-0.3465956617754398,95,shallow
LAT53.4_LON4.8,-0.3456055064651532,95,shallow
LAT53.4_LON4.9,-0.3468173517568449,95,shallow
LAT53.4_LON5.0,-0.34539687468587177,95,shallow
LAT53.4_LON5.1,-0.3438489672495002,95,shallow
LAT53.4_LON5.2,-0.34601685411745353,95,shallow
LAT53.4_LON5.3,-0.344679983348711,95,shallow
LAT53.4_LON5.4,-0.343954861861949,95,shallow
LAT53.4_LON5.5,-0.34586025967715983,95,shallow
LAT53.4_LON5.6,-0.3456217986944873,95,shallow
LAT53.4_LON5.7,-0.34645174304867976,95,shallow
LAT53.4_LON5.8,-0.3453352574901805,95,shallow
LAT53.4_LON5.9,-0.3460307171304233,95,shallow
LAT53.4_LON6.0,-0.3449271971496436,95,shallow
LAT53.4_LON6.1,-0.34579070823434394,95,shallow
LAT53.4_LON6.2,-0.3471299464023708,95,shallow
LAT53.4_LON6.3,-0.34665362089083396,95,shallow
LAT53.4_LON6.4,-0.34667348437714723,95,shallow
LAT53.4_LON6.5,-0.34380265213861577,95,shallow
LAT53.4_LON6.6,-0.35007657099498174,95,shallow
LAT53.4_LON6.8,-0.34934451348538587,95,shallow
LAT53.4_LON6.9,-0.34783642729385744,95,shallow
LAT53.4_LON7.0,-0.34568547326530796,95,shallow
LAT53.5_LON2.0,-0.34733860973073416,95,shallow
LAT53.5_LON2.1,-0.34745446798803326,95,shallow
LAT53.5_LON2.2,-0.3478325111603625,95,shallow
LAT53.5_LON2.3,-0.3440137947106584,95,shallow
LAT53.5_LON2.4,-0.34184813594510083,95,shallow
LAT53.5_LON2.5,-0.3437976089308437,95,shallow
LAT53.5_LON2.6,-0.3456933029840227,95,shallow
LAT53.5_LON2.7,-0.3449235976851542,95,shallow
LAT53.5_LON2.8,-0.3407115076966834,95,shallow
LAT53.5_LON2.9,-0.3433126007448318,95,shallow
LAT53.5_LON3.0,-0.3418676609494325,95,shallow
LAT53.5_LON3.1,-0.3415128153783339,95,shallow
LAT53.5_LON3.2,-0.34336066682125566,95,shallow
LAT53.5_LON3.3,-0.3432186646698099,95,shallow
LAT53.5_LON3.4,-0.3472156954996557,95,shallow
LAT53.5_LON3.5,-0.3421109215918278,95,shallow
LAT53.5_LON3.6,-0.3368609768473337,95,shallow
LAT53.5_LON3.7,-0.34198845417544,95,shallow
LAT53.5_LON3.8,-0.3423747922153503,95,shallow
LAT53.5_LON3.9,-0.34410017606018534,95,shallow
LAT53.5_LON4.0,-0.34435296172281676,95,shallow
LAT53.5_LON4.1,-0.34829611287719797,95,shallow
LAT53.5_LON4.2,-0.3478611602205702,95,shallow
LAT53.5_LON4.3,-0.3471458999023699,95,shallow
LAT53.5_LON4.4,-0.34525082264842144,95,shallow
LAT53.5_LON4.5,-0.3468931082907002,95,shallow
LAT53.5_LON4.6,-0.34723627399130835,95,shallow
LAT53.5_LON4.7,-0.34428335336226834,95,shallow
LAT53.5_LON4.8,-0.34759894493745425,95,shallow
LAT53.5_LON4.9,-0.3452240457734904,95,shallow
LAT53.5_LON5.0,-0.34317541221291975,95,shallow
LAT53.5_LON5.1,-0.34201165329035577,95,shallow
LAT53.5_LON5.2,-0.34594518035164246,95,shallow
LAT53.5_LON5.3,-0.34701386215848057,95,shallow
LAT53.5_LON5.4,-0.3438372545821767,95,shallow
LAT53.5_LON5.5,-0.3454561573347714,95,shallow
LAT53.5_LON5.6,-0.34453319051547465,95,shallow
LAT53.5_LON5.7,-0.3465187789593821,95,shallow
LAT53.5_LON5.8,-0.34564888620112555,95,shallow
LAT53.5_LON5.9,-0.3482828717257148,95,shallow
LAT53.5_LON6.0,-0.3453278842904395,95,shallow
LAT53.5_LON6.1,-0.34593511832670176,95,shallow
LAT53.5_LON6.2,-0.34472681416984585,95,shallow
LAT53.5_LON6.3,-0.3448886387302847,95,shallow
LAT53.5_LON6.4,-0.3455793238626521,95,shallow
LAT53.5_LON6.5,-0.3444761333310922,95,shallow
LAT53.5_LON6.6,-0.345673173089822,95,shallow
LAT53.5_LON6.7,-0.34472759580921497,95,shallow
LAT53.5_LON6.8,-0.346929298982047,95,shallow
LAT53.5_LON6.9,-0.3446234973569031,95,shallow
LAT53.5_LON7.0,-0.34520021335760037,95,shallow
LAT53.5_LON7.1,-0.3433821510603401,95,shallow
LAT53.6_LON2.0,-0.3443022992862108,95,shallow
LAT53.6_LON2.1,-0.345589253461519,95,shallow
LAT53.6_LON2.2,-0.3497189803550622,95,shallow
LAT53.6_LON2.3,-0.3445447429312027,95,shallow
LAT53.6_LON2.4,-0.3455520708091745,95,shallow
LAT53.6_LON2.5,-0.34698457178536873,95,shallow
LAT53.6_LON2.6,-0.33669480488679254,95,shallow
LAT53.6_LON2.7,-0.34494266385489625,95,shallow
LAT53.6_LON2.8,-0.3417347774563038,95,shallow
LAT53.6_LON2.9,-0.34666002787064365,95,shallow
LAT53.6_LON3.0,-0.3429350920354618,95,shallow
LAT53.6_LON3.1,-0.3448881150905975,95,shallow
LAT53.6_LON3.2,-0.34278896658932195,95,shallow
LAT53.6_LON3.3,-0.3437003853831271,95,shallow
LAT53.6_LON3.4,-0.3446340784420733,95,shallow
LAT53.6_LON3.5,-0.34692455148113766,95,shallow
LAT53.6_LON3.6,-0.34618253901310125,95,shallow
LAT53.6_LON3.7,-0.34457594637519356,95,shallow
LAT53.6_LON3.8,-0.3463442892815453,95,shallow
LAT53.6_LON3.9,-0.34282546008612624,95,shallow
LAT53.6_LON4.0,-0.3479757716202026,95,shallow
LAT53.6_LON4.1,-0.34537172264469657,95,shallow
LAT53.6_LON4.2,-0.3444157178727303,95,shallow
LAT53.6_LON4.3,-0.34239601619273713,95,shallow
LAT53.6_LON4.4,-0.34773252337221194,95,shallow
LAT53.6_LON4.5,-0.3451431012118863,95,shallow
LAT53.6_LON4.6,-0.3427293850720391,95,shallow
LAT53.6_LON4.7,-0.3473762011311775,95,shallow
LAT53.6_LON4.8,-0.34583909019037107,95,shallow
LAT53.6_LON4.9,-0.34719892591299756,95,shallow
LAT53.6_LON5.0,-0.3481290380856734,95,shallow
LAT53.6_LON5.1,-0.34829939794099823,95,shallow
LAT53.6_LON5.2,-0.34760288724054966,95,shallow
LAT53.6_LON5.3,-0.3505806416626431,95,shallow
LAT53.6_LON5.4,-0.34775286521955917,95,shallow
LAT53.6_LON5.5,-0.34839607649026494,95,shallow
LAT53.6_LON5.6,-0.3458077122043946,95,shallow
LAT53.6_LON5.7,-0.3465822862988062,95,shallow
LAT53.6_LON5.8,-0.34515564157148265,95,shallow
LAT53.6_LON5.9,-0.3465404532832673,95,shallow
LAT53.6_LON6.0,-0.345266097527623,95,shallow
LAT53.6_LON6.1,-0.34598532158682765,95,shallow
LAT53.6_LON6.2,-0.34845041393562354,95,shallow
LAT53.6_LON6.3,-0.34468370263102066,95,shallow
LAT53.6_LON6.4,-0.34381058484164223,95,shallow
LAT53.6_LON6.5,-0.3442196145954923,95,shallow
LAT53.6_LON6.6,-0.3465609938934755,95,shallow
LAT53.6_LON6.7,-0.3445042895608241,95,shallow
LAT53.6_LON6.8,-0.34419069739472197,95,shallow
LAT53.6_LON6.9,-0.3464675285358304,95,shallow
LAT53.6_LON7.0,-0.34327168014116377,95,shallow
LAT53.6_LON7.1,-0.34711045966824744,95,shallow
LAT53.6_LON7.2,-0.345045884707807,95,shallow
LAT53.7_LON2.0,-0.34449929704314447,95,shallow
LAT53.7_LON2.1,-0.3458853698765684,95,shallow
LAT53.7_LON2.2,-0.3478349139192307,95,shallow
LAT53.7_LON2.3,-0.34596094489816137,95,shallow
LAT53.7_LON2.4,-0.3449883653482817,95,shallow
LAT53.7_LON2.6,-0.34197757963246933,95,shallow
LAT53.7_LON2.7,-0.33608317313243047,95,shallow
LAT53.7_LON2.8,-0.3446421923833269,95,shallow
LAT53.7_LON2.9,-0.3461480151837982,95,shallow
LAT53.7_LON3.0,-0.342889502132293,95,shallow
LAT53.7_LON3.2,-0.3464737234775539,95,shallow
LAT53.7_LON3.3,-0.34697367763546,95,shallow
LAT53.7_LON3.4,-0.3464454415251,95,shallow
LAT53.7_LON3.5,-0.34155833688750725,95,shallow
LAT53.7_LON3.6,-0.3455886224459587,95,shallow
LAT53.7_LON3.7,-0.34467905483404687,95,shallow
LAT53.7_LON3.8,-0.34237517693362857,95,shallow
LAT53.7_LON3.9,-0.3436759403574546,95,shallow
LAT53.7_LON4.0,-0.34613369688904394,95,shallow
LAT53.7_LON4.1,-0.3436731455662219,95,shallow
LAT53.7_LON4.2,-0.3452098361515455,95,shallow
LAT53.7_LON4.3,-0.34652792150575523,95,shallow
LAT53.7_LON4.4,-0.3485311918870873,95,shallow
LAT53.7_LON4.5,-0.3414554548105996,95,shallow
LAT53.7_LON4.6,-0.3468459080211167,95,shallow
LAT53.7_LON4.7,-0.34391738701349733,95,shallow
LAT53.7_LON4.8,-0.3485083239264867,95,shallow
LAT53.7_LON4.9,-0.3445818751797325,95,shallow
LAT53.7_LON5.0,-0.3471911798023023,95,shallow
LAT53.7_LON5.1,-0.34745701685411734,95,shallow
LAT53.7_LON5.2,-0.34902831744907487,95,shallow
LAT53.7_LON5.3,-0.3456039252935617,95,shallow
LAT53.7_LON5.4,-0.34679125232448305,95,shallow
LAT53.7_LON5.9,-0.3466254614188515,95,shallow
LAT53.7_LON6.0,-0.34409975023484096,95,shallow
LAT53.7_LON6.1,-0.34453445107649305,95,shallow
LAT53.7_LON6.2,-0.3433292310063522,95,shallow
LAT53.7_LON6.3,-0.343933200959061,95,shallow
LAT53.7_LON6.4,-0.3466850522094037,95,shallow
LAT53.7_LON6.5,-0.3465670760247206,95,shallow
LAT53.7_LON6.6,-0.3450119197204889,95,shallow
LAT53.7_LON6.7,-0.3465844602966002,95,shallow
LAT53.7_LON6.8,-0.34400075917867157,95,shallow
LAT53.7_LON6.9,-0.3425750553557505,95,shallow
LAT53.7_LON7.0,-0.3448297384868857,95,shallow
LAT53.7_LON7.1,-0.34494481828296214,95,shallow
LAT53.7_LON7.2,-0.34650208576408803,95,shallow
LAT53.7_LON7.3,-0.34503749393835864,95,shallow
LAT53.7_LON7.4,-0.3466998337418497,95,shallow
LAT53.7_LON7.5,-0.34568489262312035,95,shallow
LAT53.7_LON7.6,-0.3463107418101511,95,shallow
LAT53.7_LON7.7,-0.3434387270050115,95,shallow
LAT53.7_LON7.8,-0.34433624067844865,95,shallow
LAT53.7_LON7.9,-0.34389943036467857,95,shallow
LAT53.8_LON2.1,-0.3482343358167306,95,shallow
LAT53.8_LON2.2,-0.34581231794909423,95,shallow
LAT53.8_LON2.3,-0.33970404821422584,95,shallow
LAT53.8_LON2.4,-0.3489421825910768,95,shallow
LAT53.8_LON2.5,-0.3451757453196973,95,shallow
LAT53.8_LON2.6,-0.3447729950966209,95,shallow
LAT53.8_LON2.7,-0.34441765024855986,95,shallow
LAT53.8_LON2.8,-0.34731293081091463,95,shallow
LAT53.8_LON2.9,-0.3472646298893005,95,shallow
LAT53.8_LON3.0,-0.34734620755225576,95,shallow
LAT53.8_LON3.1,-0.3442429907848594,95,shallow
LAT53.8_LON3.2,-0.34536333066129954,95,shallow
LAT53.8_LON3.3,-0.343348149154828,95,shallow
LAT53.8_LON3.4,-0.3407095974407223,95,shallow
LAT53.8_LON3.5,-0.3466937554845606,95,shallow
LAT53.8_LON3.6,-0.3464021587293338,95,shallow
LAT53.8_LON3.7,-0.349007163198605,95,shallow
LAT53.8_LON3.8,-0.34428456509784455,95,shallow
LAT53.8_LON3.9,-0.348297017725657,95,shallow
LAT53.8_LON4.0,-0.3453133690060795,95,shallow
LAT53.8_LON4.1,-0.34341834696560825,95,shallow
LAT53.8_LON4.2,-0.3494723222034715,95,shallow
LAT53.8_LON4.3,-0.3429705527316161,95,shallow
LAT53.8_LON4.4,-0.3395003178457672,95,shallow
LAT53.8_LON4.5,-0.3435813773036443,95,shallow
LAT53.8_LON4.6,-0.3474858231912865,95,shallow
LAT53.8_LON4.7,-0.34429053856868924,95,shallow
LAT53.8_LON4.8,-0.3458952305340676,95,shallow
LAT53.8_LON4.9,-0.346760109881597,95,shallow
LAT53.8_LON5.0,-0.347933745004012,95,shallow
LAT53.8_LON5.1,-0.34356104700159973,95,shallow
LAT53.8_LON5.2,-0.34654545361998457,95,shallow
LAT53.8_LON5.3,-0.3469997901777694,95,shallow
LAT53.8_LON5.4,-0.34584626283735254,95,shallow
LAT53.8_LON5.5,-0.34532447990861215,95,shallow
LAT53.8_LON5.6,-0.34636724053285933,95,shallow
LAT53.8_LON5.8,-0.34049632595851653,95,shallow
LAT53.8_LON5.9,-0.3448875722112315,95,shallow
LAT53.8_LON6.0,-0.34717382553026677,95,shallow
LAT53.8_LON6.1,-0.3454724830721081,95,shallow
LAT53.8_LON6.2,-0.3402772800335421,95,shallow
LAT53.8_LON6.3,-0.3446126246776949,95,shallow
LAT53.8_LON6.4,-0.34602514881036517,95,shallow
LAT53.8_LON6.5,-0.3467834086666152,95,shallow
LAT53.8_LON6.6,-0.34725935766742366,95,shallow
LAT53.8_LON6.7,-0.3479392601368159,95,shallow
LAT53.8_LON6.8,-0.3473800511305064,95,shallow
LAT53.8_LON6.9,-0.34869225556891037,95,shallow
LAT53.8_LON7.0,-0.3454798372841207,95,shallow
LAT53.8_LON7.1,-0.3431504387136256,95,shallow
LAT53.8_LON7.2,-0.3447322175328066,95,shallow
LAT53.8_LON7.3,-0.34584789659242926,95,shallow
LAT53.8_LON7.4,-0.3457438777931289,95,shallow
LAT53.8_LON7.5,-0.3450694711413626,95,shallow
LAT53.8_LON7.6,-0.3459406491446786,95,shallow
LAT53.8_LON7.7,-0.3481212753674766,95,shallow
LAT53.8_LON7.8,-0.34499768536151676,95,shallow
LAT53.8_LON7.9,-0.3455859690473326,95,shallow
LAT53.8_LON8.0,-0.34903111326270536,95,shallow
LAT53.9_LON2.1,-0.34639510253353384,95,shallow
LAT53.9_LON2.2,-0.34813956576671545,95,shallow
LAT53.9_LON2.3,-0.3471970181669583,95,shallow
LAT53.9_LON2.4,-0.34460950485874003,95,shallow
LAT53.9_LON2.5,-0.3456394811205802,95,shallow
LAT53.9_LON2.6,-0.3422456155716736,95,shallow
LAT53.9_LON2.7,-0.3431466896258904,95,shallow
LAT53.9_LON2.9,-0.3481750841699392,95,shallow
LAT53.9_LON3.0,-0.3476841595512513,95,shallow
LAT53.9_LON3.1,-0.3471932276236186,95,shallow
LAT53.9_LON3.2,-0.3446805715629958,95,shallow
LAT53.9_LON3.3,-0.34631945232680983,95,shallow
LAT53.9_LON3.4,-0.3423905525985911,95,shallow
LAT53.9_LON3.5,-0.34213751683849764,95,shallow
LAT53.9_LON3.6,-0.3423460174176019,95,shallow
LAT53.9_LON3.7,-0.34510050980788526,95,shallow
LAT53.9_LON3.8,-0.34636064687959106,95,shallow
LAT53.9_LON3.9,-0.34713827122508617,95,shallow
LAT53.9_LON4.0,-0.34450310665449335,95,shallow
LAT53.9_LON4.1,-0.34579418120283634,95,shallow
LAT53.9_LON4.2,-0.34678959322449465,95,shallow
LAT53.9_LON4.3,-0.3464612338715834,95,shallow
LAT53.9_LON4.4,-0.3429143033694182,95,shallow
LAT53.9_LON4.5,-0.34531971867454136,95,shallow
LAT53.9_LON4.6,-0.34662394203632074,95,shallow
LAT53.9_LON4.7,-0.3454362036284664,95,shallow
LAT53.9_LON4.8,-0.3428995847882837,95,shallow
LAT53.9_LON4.9,-0.34877002422904313,95,shallow
LAT53.9_LON5.0,-0.3462043528366914,95,shallow
LAT53.9_LON5.1,-0.3441981267353855,95,shallow
LAT53.9_LON5.2,-0.3435526684902264,95,shallow
LAT53.9_LON5.7,-0.346356968980714,95,shallow
LAT53.9_LON5.8,-0.34763295325252574,95,shallow
LAT53.9_LON5.9,-0.343672577287769,95,shallow
LAT53.9_LON6.0,-0.3453860761087799,95,shallow
LAT53.9_LON6.1,-0.3447050466420114,95,shallow
LAT53.9_LON6.2,-0.34149130027759467,95,shallow
LAT53.9_LON6.3,-0.3449331525162392,95,shallow
LAT53.9_LON6.4,-0.34644958042979007,95,shallow
LAT53.9_LON6.5,-0.3464953997981337,95,shallow
LAT53.9_LON6.6,-0.3488526121736371,95,shallow
LAT53.9_LON6.7,-0.34358834574133784,95,shallow
LAT53.9_LON6.8,-0.34486314418546843,95,shallow
LAT53.9_LON6.9,-0.3456364919262828,95,shallow
LAT53.9_LON7.0,-0.3473665281703034,95,shallow
LAT53.9_LON7.1,-0.34319369815646866,95,shallow
LAT53.9_LON7.2,-0.34522171303964433,95,shallow
LAT53.9_LON7.3,-0.3426228079515721,95,shallow
LAT53.9_LON7.4,-0.3443046517345656,95,shallow
LAT53.9_LON7.5,-0.3479304358825718,95,shallow
LAT53.9_LON7.6,-0.34397004578430646,95,shallow
LAT53.9_LON7.7,-0.3483304562656614,95,shallow
LAT53.9_LON7.8,-0.3470389101515408,95,shallow
LAT53.9_LON7.9,-0.3472614770176989,95,shallow
LAT53.9_LON8.0,-0.34743288568123765,95,shallow
LAT54.0_LON2.0,-0.344563337642615,95,shallow
LAT54.0_LON2.1,-0.34043738159338854,95,shallow
LAT54.0_LON2.2,-0.34700663103991003,95,shallow
LAT54.0_LON2.3,-0.3478991495363633,95,shallow
LAT54.0_LON2.4,-0.34569435096311785,95,shallow
LAT54.0_LON2.5,-0.34594758548562754,95,shallow
LAT54.0_LON2.6,-0.3467264522726179,95,shallow
LAT54.0_LON2.7,-0.34263192442175744,95,shallow
LAT54.0_LON2.8,-0.3448989061985963,95,shallow
LAT54.0_LON2.9,-0.3476271392348451,95,shallow
LAT54.0_LON3.0,-0.34736805849738367,95,shallow
LAT54.0_LON3.1,-0.3462986707735584,95,shallow
LAT54.0_LON3.2,-0.34833084170937023,95,shallow
LAT54.0_LON3.3,-0.3393885563232741,95,shallow
LAT54.0_LON3.4,-0.3488582478446853,95,shallow
LAT54.0_LON3.6,-0.33835009172656216,95,shallow
LAT54.0_LON3.8,-0.33748154761339905,95,shallow
LAT54.0_LON3.9,-0.3456918382124714,95,shallow
LAT54.0_LON4.0,-0.3474725254893345,95,shallow
LAT54.0_LON4.1,-0.34087083199415175,95,shallow
LAT54.0_LON4.3,-0.3457525642802991,95,shallow
LAT54.0_LON4.4,-0.3445939783496767,95,shallow
LAT54.0_LON4.5,-0.3445911511245867,95,shallow
LAT54.0_LON4.6,-0.34292428151612564,95,shallow
LAT54.0_LON4.7,-0.35007657099498174,95,shallow
LAT54.0_LON4.8,-0.33783155347958616,95,shallow
LAT54.0_LON4.9,-0.3459362335716588,95,shallow
LAT54.0_LON5.0,-0.34805131206409196,95,shallow
LAT54.0_LON5.1,-0.34463181627390455,95,shallow
LAT54.0_LON5.2,-0.34829245084194094,95,shallow
LAT54.0_LON5.3,-0.34715754031354806,95,shallow
LAT54.0_LON5.4,-0.34702236223344535,95,shallow
LAT54.0_LON5.5,-0.3497258525249066,95,shallow
LAT54.0_LON5.6,-0.3446354647325093,95,shallow
LAT54.0_LON5.7,-0.3480371493568475,95,shallow
LAT54.0_LON5.8,-0.34510738013378245,95,shallow
LAT54.0_LON5.9,-0.34380082639436665,95,shallow
LAT54.0_LON6.0,-0.34641839378249994,95,shallow
LAT54.0_LON6.1,-0.34234164748246265,95,shallow
LAT54.0_LON6.2,-0.3446240930638753,95,shallow
LAT54.0_LON6.3,-0.3471462422743567,95,shallow
LAT54.0_LON6.4,-0.34284441064980103,95,shallow
LAT54.0_LON6.5,-0.3446845729827142,95,shallow
LAT54.0_LON6.6,-0.34251878718778245,95,shallow
LAT54.0_LON6.7,-0.34769354751885967,95,shallow
LAT54.0_LON6.8,-0.3427422601844165,95,shallow
LAT54.0_LON6.9,-0.3485690955433884,95,shallow
LAT54.0_LON7.0,-0.3437141248901137,95,shallow
LAT54.0_LON7.1,-0.3464928633773159,95,shallow
LAT54.0_LON7.2,-0.34350779692189387,95,shallow
LAT54.0_LON7.3,-0.34235879957169335,95,shallow
LAT54.0_LON7.4,-0.34659616212284583,95,shallow
LAT54.0_LON7.5,-0.34450647997943146,95,shallow
LAT54.0_LON7.6,-0.34504186531955294,95,shallow
LAT54.0_LON7.7,-0.3453647638197433,95,shallow
LAT54.0_LON7.8,-0.345747666299276,95,shallow
LAT54.0_LON7.9,-0.346909755804133,95,shallow
LAT54.0_LON8.0,-0.3491935361909929,95,shallow
LAT54.1_LON2.0,-0.34778049903131036,95,shallow
LAT54.1_LON2.1,-0.34658542979953444,95,shallow
LAT54.1_LON2.2,-0.34534498019748716,95,shallow
LAT54.1_LON2.3,-0.34528632322508646,95,shallow
LAT54.1_LON2.4,-0.34854474897281945,95,shallow
LAT54.1_LON2.5,-0.34564250652501965,95,shallow
LAT54.1_LON2.6,-0.34588772503306825,95,shallow
LAT54.1_LON2.7,-0.34736934755180665,95,shallow
LAT54.1_LON2.8,-0.3469396832351708,95,shallow
LAT54.1_LON2.9,-0.34600835705326694,95,shallow
LAT54.1_LON3.2,-0.3468451272744247,95,shallow
LAT54.1_LON3.3,-0.3468262957105617,95,shallow
LAT54.1_LON3.4,-0.34043535238714095,95,shallow
LAT54.1_LON3.6,-0.3365825776181318,95,shallow
LAT54.1_LON3.7,-0.33441611543932703,95,shallow
LAT54.1_LON3.9,-0.3440285003117142,95,shallow
LAT54.1_LON4.0,-0.34523003154993015,95,shallow
LAT54.1_LON4.1,-0.3447369159668569,95,shallow
LAT54.1_LON4.2,-0.3433523313330629,95,shallow
LAT54.1_LON4.3,-0.3430262993937525,95,shallow
LAT54.1_LON4.4,-0.3428344058399024,95,shallow
LAT54.1_LON4.5,-0.348118735965923,95,shallow
LAT54.1_LON4.6,-0.3434669154461819,95,shallow
LAT54.1_LON4.7,-0.3445261947780575,95,shallow
LAT54.1_LON4.8,-0.34262546008425954,95,shallow
LAT54.1_LON4.9,-0.3426174754850579,95,shallow
LAT54.1_LON5.0,-0.34805748278618154,95,shallow
LAT54.1_LON5.1,-0.34491658329694813,95,shallow
LAT54.1_LON5.2,-0.346641747637441,95,shallow
LAT54.1_LON5.3,-0.34849049849062796,95,shallow
LAT54.1_LON5.4,-0.34553022735905997,95,shallow
LAT54.1_LON5.5,-0.3452563642787296,95,shallow
LAT54.1_LON5.6,-0.34333235247715116,95,shallow
LAT54.1_LON5.7,-0.335643171039937,95,shallow
LAT54.1_LON5.8,-0.3427641223407598,95,shallow
LAT54.1_LON5.9,-0.34598198928603546,95,shallow
LAT54.1_LON6.0,-0.3438609317292144,95,shallow
LAT54.1_LON6.1,-0.34050937517242996,95,shallow
LAT54.1_LON6.2,-0.34529929419671807,95,shallow
LAT54.1_LON6.3,-0.34764318038662734,95,shallow
LAT54.1_LON6.4,-0.3437829716743682,95,shallow
LAT54.1_LON6.5,-0.3465951398462804,95,shallow
LAT54.1_LON6.6,-0.3413022851050702,95,shallow
LAT54.1_LON6.7,-0.3440615476111078,95,shallow
LAT54.1_LON6.8,-0.34599778150546756,95,shallow
LAT54.1_LON6.9,-0.34725699297797075,95,shallow
LAT54.1_LON7.0,-0.3473409060220482,95,shallow
LAT54.1_LON7.1,-0.3483505409235586,95,shallow
LAT54.1_LON7.2,-0.34489068579702503,95,shallow
LAT54.1_LON7.3,-0.33869501300167926,95,shallow
LAT54.1_LON7.4,-0.3405613059642965,95,shallow
LAT54.1_LON7.5,-0.347945548135114,95,shallow
LAT54.1_LON7.6,-0.3441084826813391,95,shallow
LAT54.1_LON7.7,-0.34211263598480746,95,shallow
LAT54.1_LON7.8,-0.3478907647275966,95,shallow
LAT54.1_LON7.9,-0.3447632403508956,95,shallow
LAT54.1_LON8.0,-0.3474920507955477,95,shallow
LAT54.2_LON2.1,-0.34682816329196364,95,shallow
LAT54.2_LON2.2,-0.3474275819021253,95,shallow
LAT54.2_LON2.3,-0.33779812841374046,95,shallow
LAT54.2_LON2.6,-0.3466749715472682,95,shallow
LAT54.2_LON2.7,-0.34728386884258133,95,shallow
LAT54.2_LON2.8,-0.3452519809325486,95,shallow
LAT54.2_LON2.9,-0.3404664768933785,95,shallow
LAT54.2_LON3.0,-0.33571405054428505,95,shallow
LAT54.2_LON3.1,-0.34368457985917805,95,shallow
LAT54.2_LON3.3,-0.3482638668121555,95,shallow
LAT54.2_LON3.4,-0.33678498289016695,95,shallow
LAT54.2_LON3.5,-0.3458788332707813,95,shallow
LAT54.2_LON3.6,-0.33674141762910825,95,shallow
LAT54.2_LON3.7,-0.34667362428515563,95,shallow
LAT54.2_LON3.9,-0.34362429059039723,95,shallow
LAT54.2_LON4.0,-0.34715922356991247,95,shallow
LAT54.2_LON4.1,-0.341797363615455,95,shallow
LAT54.2_LON4.2,-0.34860144476998567,95,shallow
LAT54.2_LON4.3,-0.34539849777315074,95,shallow
LAT54.2_LON4.4,-0.3432069714592762,95,shallow
LAT54.2_LON4.5,-0.3423121653225173,95,shallow
LAT54.2_LON4.6,-0.347137060447208,95,shallow
LAT54.2_LON4.7,-0.34596081478926394,95,shallow
LAT54.2_LON4.8,-0.345065277801162,95,shallow
LAT54.2_LON4.9,-0.34766230231445894,95,shallow
LAT54.2_LON5.0,-0.34770931730939764,95,shallow
LAT54.2_LON5.1,-0.3415639200743049,95,shallow
LAT54.2_LON5.2,-0.34622252347452465,95,shallow
LAT54.2_LON5.3,-0.3476844743625377,95,shallow
LAT54.2_LON5.4,-0.34580781395741617,95,shallow
LAT54.2_LON5.5,-0.34810525275300686,95,shallow
LAT54.2_LON5.6,-0.34261234747059044,95,shallow
LAT54.2_LON5.7,-0.34444496369715055,95,shallow
LAT54.2_LON5.8,-0.3480518736121001,95,shallow
LAT54.2_LON5.9,-0.3455893027781982,95,shallow
LAT54.2_LON6.0,-0.34760483469871684,95,shallow
LAT54.2_LON6.1,-0.3409602134540525,95,shallow
LAT54.2_LON6.2,-0.3467780214127372,95,shallow
LAT54.2_LON6.3,-0.3452023991760506,95,shallow
LAT54.2_LON6.4,-0.347866668192354,95,shallow
LAT54.2_LON6.5,-0.34312432043260666,95,shallow
LAT54.2_LON6.6,-0.34226521657333003,95,shallow
LAT54.2_LON6.7,-0.34269374539501296,95,shallow
LAT54.2_LON7.0,-0.3473999821726508,95,shallow
LAT54.2_LON7.1,-0.34423043360633376,95,shallow
LAT54.2_LON7.3,-0.34391949256106635,95,shallow
LAT54.2_LON7.4,-0.3470625917733799,95,shallow
LAT54.2_LON7.6,-0.3445971547308665,95,shallow
LAT54.2_LON7.7,-0.34437839136549436,95,shallow
LAT54.2_LON7.8,-0.34269786760697435,95,shallow
LAT54.2_LON7.9,-0.3445513302997734,95,shallow
LAT54.2_LON8.0,-0.3469485784724746,95,shallow
LAT54.3_LON2.0,-0.3419736266780989,95,shallow
LAT54.3_LON2.1,-0.35088482341563737,95,shallow
LAT54.3_LON2.2,-0.3468031814045869,95,shallow
LAT54.3_LON2.5,-0.34536857551363076,95,shallow
LAT54.3_LON2.6,-0.3459980168623719,95,shallow
LAT54.3_LON2.9,-0.34457779726195054,95,shallow
LAT54.3_LON3.0,-0.3425694547360463,95,shallow
LAT54.3_LON3.1,-0.3362277096900544,95,shallow
LAT54.3_LON3.2,-0.34186688335487436,95,shallow
LAT54.3_LON3.3,-0.3454648392547487,95,shallow
LAT54.3_LON3.4,-0.34639510253353384,95,shallow
LAT54.3_LON3.6,-0.3469972874365168,95,shallow
LAT54.3_LON3.7,-0.3443828226964943,95,shallow
LAT54.3_LON3.8,-0.3367667209468102,95,shallow
LAT54.3_LON3.9,-0.3491338018520439,95,shallow
LAT54.3_LON4.2,-0.34197566851200967,95,shallow
LAT54.3_LON4.3,-0.3472185395693982,95,shallow
LAT54.3_LON4.4,-0.3457506068332948,95,shallow
LAT54.3_LON4.5,-0.34745314402710675,95,shallow
LAT54.3_LON4.6,-0.34660337104930883,95,shallow
LAT54.3_LON4.7,-0.3436971211630538,95,shallow
LAT54.3_LON4.8,-0.34636637981343116,95,shallow
LAT54.3_LON4.9,-0.34076573465274,95,shallow
LAT54.3_LON5.0,-0.3468137429168509,95,shallow
LAT54.3_LON5.1,-0.3465231502614323,95,shallow
LAT54.3_LON5.2,-0.3491347359019208,95,shallow
LAT54.3_LON5.3,-0.34561098093673115,95,shallow
LAT54.3_LON5.4,-0.34720461355249355,95,shallow
LAT54.3_LON5.5,-0.3462919867824132,95,shallow
LAT54.3_LON5.6,-0.34609801701729254,95,shallow
LAT54.3_LON5.7,-0.3442579799097724,95,shallow
LAT54.3_LON5.8,-0.34619960754149864,95,shallow
LAT54.3_LON5.9,-0.3467460219567218,95,shallow
LAT54.3_LON6.0,-0.34322536081212146,95,shallow
LAT54.3_LON6.1,-0.3462120884040435,95,shallow
LAT54.3_LON6.2,-0.34743255367813963,95,shallow
LAT54.3_LON6.3,-0.34527827873870115,95,shallow
LAT54.3_LON6.4,-0.3450907349456791,95,shallow
LAT54.3_LON6.5,-0.34284197427829427,95,shallow
LAT54.3_LON6.6,-0.3439637106543909,95,shallow
LAT54.3_LON6.7,-0.34460609393694075,95,shallow
LAT54.3_LON6.8,-0.34460792103560867,95,shallow
LAT54.3_LON6.9,-0.34697373040456836,95,shallow
LAT54.3_LON7.0,-0.3434415087529145,95,shallow
LAT54.3_LON7.1,-0.3439132612946553,95,shallow
LAT54.3_LON7.2,-0.344237149184049,95,shallow
LAT54.3_LON7.3,-0.34202373788619445,95,shallow
LAT54.3_LON7.4,-0.3455265609070562,95,shallow
LAT54.3_LON7.5,-0.34343775884274214,95,shallow
LAT54.3_LON7.6,-0.3442858861562615,95,shallow
LAT54.3_LON7.7,-0.34450780316897583,95,shallow
LAT54.3_LON7.8,-0.3479694434044969,95,shallow
LAT54.3_LON7.9,-0.3477903237684794,95,shallow
LAT54.3_LON8.0,-0.34735330189227526,95,shallow
LAT54.4_LON2.0,-0.34652121860403057,95,shallow
LAT54.4_LON2.1,-0.34479120770319804,95,shallow
LAT54.4_LON2.2,-0.3469105716471268,95,shallow
LAT54.4_LON2.3,-0.3455931625432345,95,shallow
LAT54.4_LON2.4,-0.34663288356573196,95,shallow
LAT54.4_LON2.6,-0.34667362428515563,95,shallow
LAT54.4_LON2.8,-0.344952698418811,95,shallow
LAT54.4_LON2.9,-0.3417180342880217,95,shallow
LAT54.4_LON3.0,-0.34519896843195247,95,shallow
LAT54.4_LON3.1,-0.34803576473176195,95,shallow
LAT54.4_LON3.2,-0.3482921901034312,95,shallow
LAT54.4_LON3.3,-0.3393799182402144,95,shallow
LAT54.4_LON3.5,-0.34819496770340663,95,shallow
LAT54.4_LON3.6,-0.3455843306142037,95,shallow
LAT54.4_LON3.7,-0.3440725876329841,95,shallow
LAT54.4_LON3.8,-0.34379508752091503,95,shallow
LAT54.4_LON4.0,-0.3441142330807568,95,shallow
LAT54.4_LON4.2,-0.3481825934685625,95,shallow
LAT54.4_LON4.4,-0.34741700048808066,95,shallow
LAT54.4_LON4.5,-0.34380183724855345,95,shallow
LAT54.4_LON4.6,-0.3441079526549667,95,shallow
LAT54.4_LON4.7,-0.34293462000579583,95,shallow
LAT54.4_LON4.8,-0.347181266109068,95,shallow
LAT54.4_LON4.9,-0.34567528754054044,95,shallow
LAT54.4_LON5.0,-0.34547220067988654,95,shallow
LAT54.4_LON5.1,-0.34683951807599417,95,shallow
LAT54.4_LON5.2,-0.34473325014014894,95,shallow
LAT54.4_LON5.3,-0.3470474745388088,95,shallow
LAT54.4_LON5.4,-0.34301801461826076,95,shallow
LAT54.4_LON5.5,-0.34839469529464323,95,shallow
LAT54.4_LON5.6,-0.34361667701840354,95,shallow
LAT54.4_LON5.7,-0.3440397133356938,95,shallow
LAT54.4_LON5.8,-0.34776884969587246,95,shallow
LAT54.4_LON5.9,-0.34402246604573916,95,shallow
LAT54.4_LON6.0,-0.3461483462314531,95,shallow
LAT54.4_LON6.1,-0.34501682922999205,95,shallow
LAT54.4_LON6.2,-0.3460092024809237,95,shallow
LAT54.4_LON6.3,-0.34768278224355387,95,shallow
LAT54.4_LON6.4,-0.34222245827385317,95,shallow
LAT54.4_LON6.5,-0.345646200035364,95,shallow
LAT54.4_LON6.6,-0.3483001441672714,95,shallow
LAT54.4_LON6.7,-0.3458788332707813,95,shallow
LAT54.4_LON6.8,-0.34474450073663504,95,shallow
LAT54.4_LON6.9,-0.3419899128702827,95,shallow
LAT54.4_LON7.0,-0.3492146071238598,95,shallow
LAT54.4_LON7.1,-0.348714786086934,95,shallow
LAT54.4_LON7.2,-0.3470026174816419,95,shallow
LAT54.4_LON7.3,-0.3465472269230945,95,shallow
LAT54.4_LON7.4,-0.34690538193093845,95,shallow
LAT54.4_LON7.5,-0.3462564255370688,95,shallow
LAT54.4_LON7.6,-0.33608317313243047,95,shallow
LAT54.4_LON7.7,-0.34486214363701034,95,shallow
LAT54.4_LON7.8,-0.34504647785941267,95,shallow
LAT54.4_LON7.9,-0.34793099797496835,95,shallow
LAT54.4_LON8.0,-0.34732048814729044,95,shallow
LAT54.5_LON2.0,-0.3472809639597197,95,shallow
LAT54.5_LON2.2,-0.34703962907723485,95,shallow
LAT54.5_LON2.3,-0.34363769429203567,95,shallow
LAT54.5_LON2.4,-0.33416933180158986,95,shallow
LAT54.5_LON2.5,-0.34560409444199996,95,shallow
LAT54.5_LON2.6,-0.34698787372104367,95,shallow
LAT54.5_LON2.7,-0.3472329958341242,95,shallow
LAT54.5_LON2.8,-0.34737151158858726,95,shallow
LAT54.5_LON2.9,-0.34833084170937023,95,shallow
LAT54.5_LON3.0,-0.3482462112737561,95,shallow
LAT54.5_LON3.1,-0.34231540123407106,95,shallow
LAT54.5_LON3.2,-0.3471693710565117,95,shallow
LAT54.5_LON3.5,-0.3436905529797322,95,shallow
LAT54.5_LON3.6,-0.335986808499195,95,shallow
LAT54.5_LON3.8,-0.338527190919276,95,shallow
LAT54.5_LON3.9,-0.34321679370262087,95,shallow
LAT54.5_LON4.0,-0.34418395289518855,95,shallow
LAT54.5_LON4.1,-0.3465664027355277,95,shallow
LAT54.5_LON4.2,-0.34695661043739534,95,shallow
LAT54.5_LON4.3,-0.3436544504642096,95,shallow
LAT54.5_LON4.4,-0.3437898148159494,95,shallow
LAT54.5_LON4.5,-0.3482835952820518,95,shallow
LAT54.5_LON4.6,-0.34619442260573136,95,shallow
LAT54.5_LON4.7,-0.3484482714575765,95,shallow
LAT54.5_LON4.8,-0.33994099169033803,95,shallow
LAT54.5_LON4.9,-0.34570736656670736,95,shallow
LAT54.5_LON5.0,-0.3450215669497206,95,shallow
LAT54.5_LON5.1,-0.3432942316597793,95,shallow
LAT54.5_LON5.2,-0.34333541259301725,95,shallow
LAT54.5_LON5.3,-0.3459827671475661,95,shallow
LAT54.5_LON5.4,-0.3448305181166995,95,shallow
LAT54.5_LON5.5,-0.34555755303216146,95,shallow
LAT54.5_LON5.6,-0.34569671171866717,95,shallow
LAT54.5_LON5.7,-0.3439360641029639,95,shallow
LAT54.5_LON5.8,-0.34207007694495506,95,shallow
LAT54.5_LON5.9,-0.34613323877341257,95,shallow
LAT54.5_LON6.0,-0.34506592475478165,95,shallow
LAT54.5_LON6.1,-0.3444122596975826,95,shallow
LAT54.5_LON6.2,-0.34710989329125,95,shallow
LAT54.5_LON6.3,-0.34724276991091413,95,shallow
LAT54.5_LON6.4,-0.3463586798993898,95,shallow
LAT54.5_LON6.5,-0.3381038330217955,95,shallow
LAT54.5_LON6.6,-0.3357742470270319,95,shallow
LAT54.5_LON6.7,-0.34658871501548993,95,shallow
LAT54.5_LON6.8,-0.3456623386226305,95,shallow
LAT54.5_LON6.9,-0.3474725254893345,95,shallow
LAT54.5_LON7.0,-0.34092869583627045,95,shallow
LAT54.5_LON7.1,-0.3468613098220118,95,shallow
LAT54.5_LON7.2,-0.3469154941667059,95,shallow
LAT54.5_LON7.3,-0.3453072889742641,95,shallow
LAT54.5_LON7.4,-0.34317025981345955,95,shallow
LAT54.5_LON7.5,-0.34690453864030607,95,shallow
LAT54.5_LON7.6,-0.3459419171999345,95,shallow
LAT54.5_LON7.7,-0.34936240977321276,95,shallow
LAT54.5_LON7.8,-0.34885843768122826,95,shallow
LAT54.5_LON7.9,-0.34749273209900833,95,shallow
LAT54.5_LON8.0,-0.3478370468755227,95,shallow
LAT54.6_LON2.0,-0.34591028580755867,95,shallow
LAT54.6_LON2.1,-0.3469462654653348,95,shallow
LAT54.6_LON2.2,-0.3469694317547288,95,shallow
LAT54.6_LON2.3,-0.3474725254893345,95,shallow
LAT54.6_LON2.4,-0.3472753070739409,95,shallow
LAT54.6_LON2.5,-0.3467882057833903,95,shallow
LAT54.6_LON2.6,-0.3464513151431225,95,shallow
LAT54.6_LON2.7,-0.3478811667999379,95,shallow
LAT54.6_LON2.8,-0.348204714926424,95,shallow
LAT54.6_LON2.9,-0.34619877578938024,95,shallow
LAT54.6_LON3.0,-0.3497258525249066,95,shallow
LAT54.6_LON3.1,-0.34770379042971644,95,shallow
LAT54.6_LON3.2,-0.343964617613356,95,shallow
LAT54.6_LON3.3,-0.34735773483314214,95,shallow
LAT54.6_LON3.4,-0.33629821443762853,95,shallow
LAT54.6_LON3.5,-0.3462986707735584,95,shallow
LAT54.6_LON3.6,-0.3430418673488021,95,shallow
LAT54.6_LON3.7,-0.34023416313900395,95,shallow
LAT54.6_LON3.8,-0.3409343086976537,95,shallow
LAT54.6_LON3.9,-0.3497492274190789,95,shallow
LAT54.6_LON4.0,-0.3446156060298627,95,shallow
LAT54.6_LON4.1,-0.3472193847043605,95,shallow
LAT54.6_LON4.2,-0.3461706922812393,95,shallow
LAT54.6_LON4.3,-0.34564463471487805,95,shallow
LAT54.6_LON4.4,-0.3413156228637597,95,shallow
LAT54.6_LON4.5,-0.34753027529730773,95,shallow
LAT54.6_LON4.6,-0.34563675000824995,95,shallow
LAT54.6_LON4.7,-0.3455895138035228,95,shallow
LAT54.6_LON4.8,-0.34713292407436425,95,shallow
LAT54.6_LON4.9,-0.3464454415251,95,shallow
LAT54.6_LON5.0,-0.3417094822440786,95,shallow
LAT54.6_LON5.1,-0.345810737581976,95,shallow
LAT54.6_LON5.2,-0.341636821049349,95,shallow
LAT54.6_LON5.3,-0.3443374066386855,95,shallow
LAT54.6_LON5.4,-0.34558400015353197,95,shallow
LAT54.6_LON5.5,-0.34742489557674855,95,shallow
LAT54.6_LON5.6,-0.34339781713294204,95,shallow
LAT54.6_LON5.7,-0.3433897224568878,95,shallow
LAT54.6_LON5.8,-0.34472367761676875,95,shallow
LAT54.6_LON5.9,-0.3479362647020479,95,shallow
LAT54.6_LON6.0,-0.34535591075410493,95,shallow
LAT54.6_LON6.1,-0.3449148536559445,95,shallow
LAT54.6_LON6.2,-0.3403813336362866,95,shallow
LAT54.6_LON6.3,-0.3461050522845913,95,shallow
LAT54.6_LON6.4,-0.34412036728670353,95,shallow
LAT54.6_LON6.5,-0.34808825261662457,95,shallow
LAT54.6_LON6.6,-0.34903111326270536,95,shallow
LAT54.6_LON6.7,-0.3442949486834629,95,shallow
LAT54.6_LON6.8,-0.34163882060868217,95,shallow
LAT54.6_LON6.9,-0.33748154761339905,95,shallow
LAT54.6_LON7.0,-0.34822554149629953,95,shallow
LAT54.6_LON7.1,-0.3440743987673544,95,shallow
LAT54.6_LON7.2,-0.3444588397150801,95,shallow
LAT54.6_LON7.3,-0.34663551521933544,95,shallow
LAT54.6_LON7.4,-0.34657531067328173,95,shallow
LAT54.6_LON7.5,-0.3449321291493244,95,shallow
LAT54.6_LON7.6,-0.34899599083423777,95,shallow
LAT54.6_LON7.7,-0.34823817790171613,95,shallow
LAT54.6_LON7.8,-0.3472569043211444,95,shallow
LAT54.6_LON7.9,-0.34838122099433894,95,shallow
LAT54.6_LON8.0,-0.34778512296628616,95,shallow
LAT54.7_LON2.1,-0.34776571707124504,95,shallow
LAT54.7_LON2.2,-0.34746309043890355,95,shallow
LAT54.7_LON2.3,-0.3384333081009363,95,shallow
LAT54.7_LON2.4,-0.3421025916488823,95,shallow
LAT54.7_LON2.5,-0.34928564241490223,95,shallow
LAT54.7_LON2.6,-0.34645947190839255,95,shallow
LAT54.7_LON2.7,-0.3454087341443177,95,shallow
LAT54.7_LON2.9,-0.3454333320785352,95,shallow
LAT54.7_LON3.0,-0.3481008225253596,95,shallow
LAT54.7_LON3.2,-0.3479652594629783,95,shallow
LAT54.7_LON3.4,-0.34125806323115015,95,shallow
LAT54.7_LON3.5,-0.3466292242688535,95,shallow
LAT54.7_LON3.6,-0.3494203469565767,95,shallow
LAT54.7_LON3.7,-0.339972422969882,95,shallow
LAT54.7_LON3.8,-0.33822267178927223,95,shallow
LAT54.7_LON3.9,-0.3427255722886735,95,shallow
LAT54.7_LON4.0,-0.33573944338251566,95,shallow
LAT54.7_LON4.1,-0.33748154761339905,95,shallow
LAT54.7_LON4.2,-0.3443120898810881,95,shallow
LAT54.7_LON4.3,-0.3445401668072014,95,shallow
LAT54.7_LON4.4,-0.34272023762982956,95,shallow
LAT54.7_LON4.5,-0.34688668913955484,95,shallow
LAT54.7_LON4.6,-0.342526085516051,95,shallow
LAT54.7_LON4.7,-0.3494460244342703,95,shallow
LAT54.7_LON4.8,-0.342048454674308,95,shallow
LAT54.7_LON4.9,-0.34272565028469265,95,shallow
LAT54.7_LON5.0,-0.3472809639597197,95,shallow
LAT54.7_LON5.1,-0.347564097650499,95,shallow
LAT54.7_LON5.2,-0.3480787791391613,95,shallow
LAT54.7_LON5.3,-0.34644801554977944,95,shallow
LAT54.7_LON5.4,-0.3454108410747478,95,shallow
LAT54.7_LON5.5,-0.3431680654810183,95,shallow
LAT54.7_LON5.6,-0.344239777739885,95,shallow
LAT54.7_LON5.7,-0.3423860427950035,95,shallow
LAT54.7_LON5.8,-0.34758640295491594,95,shallow
LAT54.7_LON5.9,-0.34604180035151794,95,shallow
LAT54.7_LON6.0,-0.342798250710648,95,shallow
LAT54.7_LON6.1,-0.343794912521796,95,shallow
LAT54.7_LON6.2,-0.343534182840825,95,shallow
LAT54.7_LON6.3,-0.34460792103560867,95,shallow
LAT54.7_LON6.4,-0.34083748371401423,95,shallow
LAT54.7_LON6.5,-0.33761717691051535,95,shallow
LAT54.7_LON6.6,-0.348169245809454,95,shallow
LAT54.7_LON6.7,-0.35166824227418925,95,shallow
LAT54.7_LON6.8,-0.34411272363612655,95,shallow
LAT54.7_LON6.9,-0.344076314855839,95,shallow
LAT54.7_LON7.0,-0.3450224380223325,95,shallow
LAT54.7_LON7.1,-0.3460276674298035,95,shallow
LAT54.7_LON7.2,-0.34627679353201446,95,shallow
LAT54.7_LON7.3,-0.34540347639331564,95,shallow
LAT54.7_LON7.4,-0.3488490454920926,95,shallow
LAT54.7_LON7.5,-0.3461829131537538,95,shallow
LAT54.7_LON7.6,-0.3478932561929226,95,shallow
LAT54.7_LON7.7,-0.34874761012879396,95,shallow
LAT54.7_LON7.8,-0.3478166933049695,95,shallow
LAT54.7_LON7.9,-0.3470026327223246,95,shallow
LAT54.7_LON8.0,-0.3475222870527774,95,shallow
LAT54.8_LON2.1,-0.3442744997025098,95,shallow
LAT54.8_LON2.2,-0.3472156954996557,95,shallow
LAT54.8_LON2.3,-0.3464613830288522,95,shallow
LAT54.8_LON2.4,-0.3414960882125704,95,shallow
LAT54.8_LON2.6,-0.3472971202742186,95,shallow
LAT54.8_LON2.7,-0.34628147715989127,95,shallow
LAT54.8_LON2.9,-0.34496932599828545,95,shallow
LAT54.8_LON3.0,-0.3469997901777694,95,shallow
LAT54.8_LON3.1,-0.3471925332780837,95,shallow
LAT54.8_LON3.2,-0.3487258578252193,95,shallow
LAT54.8_LON3.3,-0.347640042500755,95,shallow
LAT54.8_LON3.4,-0.3456590430305895,95,shallow
LAT54.8_LON3.5,-0.3454333320785352,95,shallow
LAT54.8_LON3.6,-0.3479944726593813,95,shallow
LAT54.8_LON3.7,-0.34140064713136864,95,shallow
LAT54.8_LON3.8,-0.3367700697242844,95,shallow
LAT54.8_LON3.9,-0.34296551003553144,95,shallow
LAT54.8_LON4.0,-0.3417828534299183,95,shallow
LAT54.8_LON4.1,-0.3432440464625671,95,shallow
LAT54.8_LON4.2,-0.34281528318000376,95,shallow
LAT54.8_LON4.3,-0.3470706761415144,95,shallow
LAT54.8_LON4.4,-0.3454083171180957,95,shallow
LAT54.8_LON4.5,-0.3461067155754083,95,shallow
LAT54.8_LON4.6,-0.3376121886838078,95,shallow
LAT54.8_LON4.7,-0.3421053106495571,95,shallow
LAT54.8_LON4.8,-0.34717382553026677,95,shallow
LAT54.8_LON4.9,-0.3414716563595984,95,shallow
LAT54.8_LON5.0,-0.34644597031027785,95,shallow
LAT54.8_LON5.2,-0.3438567625751267,95,shallow
LAT54.8_LON5.3,-0.34456182581858386,95,shallow
LAT54.8_LON5.4,-0.34403408849810263,95,shallow
LAT54.8_LON5.5,-0.3445529675790456,95,shallow
LAT54.8_LON5.6,-0.34355930555253383,95,shallow
LAT54.8_LON5.7,-0.3454776311704694,95,shallow
LAT54.8_LON5.8,-0.346097854060616,95,shallow
LAT54.8_LON5.9,-0.34710691632520146,95,shallow
LAT54.8_LON6.0,-0.3473052291521566,95,shallow
LAT54.8_LON6.1,-0.34461500505934567,95,shallow
LAT54.8_LON6.2,-0.34719391833698815,95,shallow
LAT54.8_LON6.3,-0.34365380224175723,95,shallow
LAT54.8_LON6.4,-0.34786148677365225,95,shallow
LAT54.8_LON6.5,-0.34416414816811747,95,shallow
LAT54.8_LON6.6,-0.34282839800550025,95,shallow
LAT54.8_LON6.7,-0.34005478600764877,95,shallow
LAT54.8_LON6.8,-0.34331583757093925,95,shallow
LAT54.8_LON6.9,-0.3446003337012405,95,shallow
LAT54.8_LON7.0,-0.3465362214438537,95,shallow
LAT54.8_LON7.1,-0.34677830835566786,95,shallow
LAT54.8_LON7.2,-0.3454634230457878,95,shallow
LAT54.8_LON7.3,-0.3435630527478115,95,shallow
LAT54.8_LON7.4,-0.3452121214618703,95,shallow
LAT54.8_LON7.5,-0.34697873031856175,95,shallow
LAT54.8_LON7.6,-0.34687774534364235,95,shallow
LAT54.8_LON7.7,-0.34666002787064365,95,shallow
LAT54.8_LON7.8,-0.34747764330167175,95,shallow
LAT54.8_LON7.9,-0.34806239899720726,95,shallow
LAT54.8_LON8.0,-0.34763529646806035,95,shallow
LAT54.9_LON2.1,-0.34928027024810315,95,shallow
LAT54.9_LON2.3,-0.34725174866546044,95,shallow
LAT54.9_LON2.4,-0.34386505732892547,95,shallow
LAT54.9_LON2.5,-0.34607471334887613,95,shallow
LAT54.9_LON2.6,-0.345284993964513,95,shallow
LAT54.9_LON2.7,-0.34636064687959106,95,shallow
LAT54.9_LON2.8,-0.3471142753706194,95,shallow
LAT54.9_LON2.9,-0.3465032325800014,95,shallow
LAT54.9_LON3.0,-0.3462939725435519,95,shallow
LAT54.9_LON3.1,-0.34917246525812595,95,shallow
LAT54.9_LON3.2,-0.33370327799706173,95,shallow
LAT54.9_LON3.3,-0.34837842385162676,95,shallow
LAT54.9_LON3.4,-0.34181626279498306,95,shallow
LAT54.9_LON3.5,-0.3479609879768562,95,shallow
LAT54.9_LON3.7,-0.3460482200114521,95,shallow
LAT54.9_LON3.8,-0.3436359744370497,95,shallow
LAT54.9_LON3.9,-0.34062496538965137,95,shallow
LAT54.9_LON4.0,-0.34283304217349814,95,shallow
LAT54.9_LON4.1,-0.34438233487131886,95,shallow
LAT54.9_LON4.2,-0.34727850944985467,95,shallow
LAT54.9_LON4.3,-0.34207817913770483,95,shallow
LAT54.9_LON4.4,-0.345534432559344,95,shallow
LAT54.9_LON4.5,-0.3461923544084876,95,shallow
LAT54.9_LON4.6,-0.3462226945328529,95,shallow
LAT54.9_LON4.7,-0.3432145523120273,95,shallow
LAT54.9_LON4.8,-0.34646512622059067,95,shallow
LAT54.9_LON5.0,-0.34152900458981955,95,shallow
LAT54.9_LON5.1,-0.34136059124980517,95,shallow
LAT54.9_LON5.3,-0.34446495639759656,95,shallow
LAT54.9_LON5.4,-0.34340613229308875,95,shallow
LAT54.9_LON5.5,-0.3487718520307627,95,shallow
LAT54.9_LON5.6,-0.34264092415278363,95,shallow
LAT54.9_LON5.7,-0.3418018795655824,95,shallow
LAT54.9_LON5.8,-0.34898222424003933,95,shallow
LAT54.9_LON5.9,-0.34483275152937604,95,shallow
LAT54.9_LON6.0,-0.3426098204080377,95,shallow
LAT54.9_LON6.1,-0.3442739365329105,95,shallow
LAT54.9_LON6.2,-0.34240498384328777,95,shallow
LAT54.9_LON6.3,-0.34795542489862236,95,shallow
LAT54.9_LON6.4,-0.34707941628864325,95,shallow
LAT54.9_LON6.5,-0.3449408938867791,95,shallow
LAT54.9_LON6.6,-0.34512235926947255,95,shallow
LAT54.9_LON6.7,-0.34420635666226573,95,shallow
LAT54.9_LON6.8,-0.34736905709943355,95,shallow
LAT54.9_LON6.9,-0.34014187064042795,95,shallow
LAT54.9_LON7.0,-0.34257747379969294,95,shallow
LAT54.9_LON7.1,-0.3479205873409644,95,shallow
LAT54.9_LON7.2,-0.3398843066449591,95,shallow
LAT54.9_LON7.3,-0.34918372461988695,95,shallow
LAT54.9_LON7.5,-0.3480276910445464,95,shallow
LAT54.9_LON7.6,-0.3475987892183242,95,shallow
LAT54.9_LON7.7,-0.3474980687084712,95,shallow
LAT54.9_LON7.8,-0.3473585955421578,95,shallow
LAT54.9_LON7.9,-0.3488582478446853,95,shallow
LAT54.9_LON8.0,-0.3466386103313078,95,shallow
LAT55.0_LON2.1,-0.3467101005813619,95,shallow
LAT55.0_LON2.2,-0.3445351570763002,95,shallow
LAT55.0_LON2.3,-0.3428810329815664,95,shallow
LAT55.0_LON2.5,-0.34457862771170467,95,shallow
LAT55.0_LON2.6,-0.34237300720488234,95,shallow
LAT55.0_LON2.7,-0.3459446318471231,95,shallow
LAT55.0_LON2.8,-0.34950646774164645,95,shallow
LAT55.0_LON2.9,-0.3471693710565117,95,shallow
LAT55.0_LON3.0,-0.34369730020721007,95,shallow
LAT55.0_LON3.1,-0.3479090432542444,95,shallow
LAT55.0_LON3.2,-0.3351707161228875,95,shallow
LAT55.0_LON3.3,-0.34651410267809946,95,shallow
LAT55.0_LON3.4,-0.34644877199675983,95,shallow
LAT55.0_LON3.5,-0.34653110941028953,95,shallow
LAT55.0_LON3.6,-0.342604144128726,95,shallow
LAT55.0_LON3.7,-0.3469447649904266,95,shallow
LAT55.0_LON3.8,-0.34871443979339206,95,shallow
LAT55.0_LON3.9,-0.3480807132971901,95,shallow
LAT55.0_LON4.0,-0.34679910733367225,95,shallow
LAT55.0_LON4.1,-0.34679144018832697,95,shallow
LAT55.0_LON4.2,-0.34210807813029204,95,shallow
LAT55.0_LON4.3,-0.34199957269794473,95,shallow
LAT55.0_LON4.4,-0.3479614169161671,95,shallow
LAT55.0_LON4.5,-0.34721524497437584,95,shallow
LAT55.0_LON4.6,-0.344137371878952,95,shallow
LAT55.0_LON4.7,-0.3447189326416415,95,shallow
LAT55.0_LON4.8,-0.34641426236224776,95,shallow
LAT55.0_LON4.9,-0.3360824748409593,95,shallow
LAT55.0_LON5.0,-0.34574021863320614,95,shallow
LAT55.0_LON5.1,-0.3427088760951267,95,shallow
LAT55.0_LON5.2,-0.3392121230970373,95,shallow
LAT55.0_LON5.3,-0.3447473364072816,95,shallow
LAT55.0_LON5.4,-0.34380422695862967,95,shallow
LAT55.0_LON5.5,-0.34413136875983863,95,shallow
LAT55.0_LON5.6,-0.34900135053044595,95,shallow
LAT55.0_LON5.7,-0.3453979400174746,95,shallow
LAT55.0_LON5.9,-0.34598592579071147,95,shallow
LAT55.0_LON6.0,-0.3449776724662994,95,shallow
LAT55.0_LON6.1,-0.3442391770574917,95,shallow
LAT55.0_LON6.2,-0.34623749659605485,95,shallow
LAT55.0_LON6.3,-0.3442601440976982,95,shallow
LAT55.0_LON6.4,-0.34487491000878584,95,shallow
LAT55.0_LON6.5,-0.3456594959126775,95,shallow
LAT55.0_LON6.6,-0.34284990028113205,95,shallow
LAT55.0_LON6.7,-0.3467822752916874,95,shallow
LAT55.0_LON6.8,-0.3459605268860015,95,shallow
LAT55.0_LON6.9,-0.3429038981790881,95,shallow
LAT55.0_LON7.0,-0.34471656143340473,95,shallow
LAT55.0_LON7.1,-0.34292538526871613,95,shallow
LAT55.0_LON7.2,-0.3486011108496169,95,shallow
LAT55.0_LON7.3,-0.3445824140267548,95,shallow
LAT55.0_LON7.4,-0.34476252247896744,95,shallow
LAT55.0_LON7.5,-0.34775010638294096,95,shallow
LAT55.0_LON7.6,-0.3474938119533918,95,shallow
LAT55.0_LON7.7,-0.34674866957860334,95,shallow
LAT55.0_LON7.8,-0.3459682696054633,95,shallow
LAT55.0_LON7.9,-0.3476763330790181,95,shallow
LAT55.0_LON8.0,-0.34830673398958606,95,shallow
LAT55.1_LON2.0,-0.3463118016396553,95,shallow
LAT55.1_LON2.1,-0.3465208834923377,95,shallow
LAT55.1_LON2.2,-0.34654278496169144,95,shallow
LAT55.1_LON2.6,-0.34636724053285933,95,shallow
LAT55.1_LON2.7,-0.34559962631748337,95,shallow
LAT55.1_LON2.8,-0.34612465392654157,95,shallow
LAT55.1_LON2.9,-0.34708464308273507,95,shallow
LAT55.1_LON3.1,-0.347252177314624,95,shallow
LAT55.1_LON3.2,-0.34774293996558514,95,shallow
LAT55.1_LON3.3,-0.347948901121539,95,shallow
LAT55.1_LON3.4,-0.34693699396527417,95,shallow
LAT55.1_LON3.5,-0.3474436644694425,95,shallow
LAT55.1_LON3.6,-0.3444364294454654,95,shallow
LAT55.1_LON3.7,-0.34861793524971096,95,shallow
LAT55.1_LON3.8,-0.34607471334887613,95,shallow
LAT55.1_LON3.9,-0.34418764092384,95,shallow
LAT55.1_LON4.0,-0.3475987892183242,95,shallow
LAT55.1_LON4.1,-0.34789027709116627,95,shallow
LAT55.1_LON4.2,-0.3443925546129414,95,shallow
LAT55.1_LON4.3,-0.3476135167054626,95,shallow
LAT55.1_LON4.4,-0.3445527267413143,95,shallow
LAT55.1_LON4.5,-0.34841900439239576,95,shallow
LAT55.1_LON4.6,-0.34426244396611516,95,shallow
LAT55.1_LON4.7,-0.3434226456163099,95,shallow
LAT55.1_LON4.8,-0.3434269099336463,95,shallow
LAT55.1_LON4.9,-0.3438499372545053,95,shallow
LAT55.1_LON5.0,-0.33788878869795075,95,shallow
LAT55.1_LON5.1,-0.338527190919276,95,shallow
LAT55.1_LON5.2,-0.34724543004977637,95,shallow
LAT55.1_LON5.3,-0.344936553526953,95,shallow
LAT55.1_LON5.4,-0.3423383436752073,95,shallow
LAT55.1_LON5.5,-0.3436161650228982,95,shallow
LAT55.1_LON5.6,-0.3406623480375866,95,shallow
LAT55.1_LON5.7,-0.3457523906341412,95,shallow
LAT55.1_LON5.8,-0.34371971817820385,95,shallow
LAT55.1_LON5.9,-0.3410486652638,95,shallow
LAT55.1_LON6.0,-0.34732658466856525,95,shallow
LAT55.1_LON6.1,-0.34243390867393314,95,shallow
LAT55.1_LON6.2,-0.34562953399717267,95,shallow
LAT55.1_LON6.3,-0.344420931479063,95,shallow
LAT55.1_LON6.4,-0.3457622302633938,95,shallow
LAT55.1_LON6.5,-0.3472290706681786,95,shallow
LAT55.1_LON6.6,-0.3481781582765783,95,shallow
LAT55.1_LON6.7,-0.34612136947263095,95,shallow
LAT55.1_LON6.8,-0.34241639055324047,95,shallow
LAT55.1_LON6.9,-0.3485564917996047,95,shallow
LAT55.1_LON7.0,-0.34549154150628253,95,shallow
LAT55.1_LON7.1,-0.3459625972827589,95,shallow
LAT55.1_LON7.2,-0.34569025717101676,95,shallow
LAT55.1_LON7.3,-0.3459052423820146,95,shallow
LAT55.1_LON7.4,-0.3487464216026035,95,shallow
LAT55.1_LON7.6,-0.34742102242812456,95,shallow
LAT55.1_LON7.7,-0.3461767843406571,95,shallow
LAT55.1_LON7.8,-0.34745473536446925,95,shallow
LAT55.1_LON7.9,-0.34931840602861164,95,shallow
LAT55.1_LON8.0,-0.35040054842517754,95,shallow
LAT55.2_LON2.2,-0.3458431264095343,95,shallow
LAT55.2_LON2.3,-0.3474725254893345,95,shallow
LAT55.2_LON2.4,-0.3466292242688535,95,shallow
LAT55.2_LON2.5,-0.3463499528282043,95,shallow
LAT55.2_LON2.7,-0.3462939725435519,95,shallow
LAT55.2_LON2.8,-0.3473574045411472,95,shallow
LAT55.2_LON2.9,-0.345717980975008,95,shallow
LAT55.2_LON3.0,-0.3463499528282043,95,shallow
LAT55.2_LON3.1,-0.3476626982970509,95,shallow
LAT55.2_LON3.2,-0.3453959056641053,95,shallow
LAT55.2_LON3.3,-0.34864930017125306,95,shallow
LAT55.2_LON3.4,-0.34783271938508387,95,shallow
LAT55.2_LON3.5,-0.3377724103963089,95,shallow
LAT55.2_LON3.6,-0.3462903500412457,95,shallow
LAT55.2_LON3.7,-0.34674778594007644,95,shallow
LAT55.2_LON4.0,-0.34367634407405245,95,shallow
LAT55.2_LON4.1,-0.3411929893958697,95,shallow
LAT55.2_LON4.2,-0.34841800614139523,95,shallow
LAT55.2_LON4.3,-0.3464369103412742,95,shallow
LAT55.2_LON4.4,-0.33546587790872356,95,shallow
LAT55.2_LON4.5,-0.3467664056292501,95,shallow
LAT55.2_LON4.6,-0.3482954041393724,95,shallow
LAT55.2_LON4.7,-0.3447190841716875,95,shallow
LAT55.2_LON4.8,-0.3474099382708756,95,shallow
LAT55.2_LON4.9,-0.34422336326404424,95,shallow
LAT55.2_LON5.0,-0.3425648221954385,95,shallow
LAT55.2_LON5.1,-0.34485332195957,95,shallow
LAT55.2_LON5.2,-0.34342620094724197,95,shallow
LAT55.2_LON5.3,-0.3342136080505768,95,shallow
LAT55.2_LON5.4,-0.34552724686809033,95,shallow
LAT55.2_LON5.5,-0.3414574398459671,95,shallow
LAT55.2_LON5.6,-0.34284672453691833,95,shallow
LAT55.2_LON5.7,-0.34733506599734365,95,shallow
LAT55.2_LON5.8,-0.34226756196235436,95,shallow
LAT55.2_LON5.9,-0.34176523571184,95,shallow
LAT55.2_LON6.0,-0.3478738210219233,95,shallow
LAT55.2_LON6.1,-0.3432828253752397,95,shallow
LAT55.2_LON6.2,-0.34659088219005785,95,shallow
LAT55.2_LON6.3,-0.34721462643511336,95,shallow
LAT55.2_LON6.4,-0.3486228105108684,95,shallow
LAT55.2_LON6.5,-0.348005764826973,95,shallow
LAT55.2_LON6.6,-0.34547816775208084,95,shallow
LAT55.2_LON6.7,-0.34341694430625264,95,shallow
LAT55.2_LON6.8,-0.3454016043109114,95,shallow
LAT55.2_LON7.0,-0.34695969458983206,95,shallow
LAT55.2_LON7.1,-0.34797229870643526,95,shallow
LAT55.2_LON7.2,-0.34757252553093254,95,shallow
LAT55.2_LON7.3,-0.3485172063461825,95,shallow
LAT55.2_LON7.4,-0.34369322471090663,95,shallow
LAT55.2_LON7.5,-0.3472809639597197,95,shallow
LAT55.2_LON7.6,-0.3477009885654726,95,shallow
LAT55.2_LON7.7,-0.34652139707771,95,shallow
LAT55.2_LON7.8,-0.3486947427443198,95,shallow
LAT55.2_LON7.9,-0.3467063017936505,95,shallow
LAT55.2_LON8.0,-0.3492527039615097,95,shallow
LAT55.3_LON2.0,-0.34826893542666637,95,shallow
LAT55.3_LON2.1,-0.3448338387299404,95,shallow
LAT55.3_LON2.2,-0.3466292242688535,95,shallow
LAT55.3_LON2.3,-0.3463549098364579,95,shallow
LAT55.3_LON2.7,-0.346207738981159,95,shallow
LAT55.3_LON2.8,-0.3446901294379687,95,shallow
LAT55.3_LON2.9,-0.34016224671492973,95,shallow
LAT55.3_LON3.0,-0.3471502440719336,95,shallow
LAT55.3_LON3.1,-0.3456452372563887,95,shallow
LAT55.3_LON3.2,-0.34314521585601804,95,shallow
LAT55.3_LON3.3,-0.34624128365843876,95,shallow
LAT55.3_LON3.4,-0.3477175011912573,95,shallow
LAT55.3_LON3.6,-0.34593569522202433,95,shallow
LAT55.3_LON3.7,-0.34733033731696583,95,shallow
LAT55.3_LON3.8,-0.3488285753832296,95,shallow
LAT55.3_LON3.9,-0.3471138857934973,95,shallow
LAT55.3_LON4.0,-0.34642017377553325,95,shallow
LAT55.3_LON4.1,-0.346582990886953,95,shallow
LAT55.3_LON4.2,-0.34626686544624025,95,shallow
LAT55.3_LON4.3,-0.34515639185611857,95,shallow
LAT55.3_LON4.4,-0.34671160252387223,95,shallow
LAT55.3_LON4.5,-0.34709466602275346,95,shallow
LAT55.3_LON4.6,-0.3460487445424603,95,shallow
LAT55.3_LON4.7,-0.3449122828276199,95,shallow
LAT55.3_LON4.8,-0.34467857979862404,95,shallow
LAT55.3_LON4.9,-0.34517850296021296,95,shallow
LAT55.3_LON5.0,-0.3490490932356886,95,shallow
LAT55.3_LON5.1,-0.34130390765007723,95,shallow
LAT55.3_LON5.2,-0.34356077718935907,95,shallow
LAT55.3_LON5.3,-0.34442970288251873,95,shallow
LAT55.3_LON5.4,-0.34148408268201,95,shallow
LAT55.3_LON5.5,-0.34460898338854823,95,shallow
LAT55.3_LON5.6,-0.34584683259855364,95,shallow
LAT55.3_LON5.7,-0.34450816588588273,95,shallow
LAT55.3_LON5.8,-0.3465487804819078,95,shallow
LAT55.3_LON5.9,-0.34644953779406107,95,shallow
LAT55.3_LON6.0,-0.34519375229588284,95,shallow
LAT55.3_LON6.1,-0.34760313038936164,95,shallow
LAT55.3_LON6.2,-0.34513200679580336,95,shallow
LAT55.3_LON6.3,-0.3461236358291718,95,shallow
LAT55.3_LON6.4,-0.34640392104312523,95,shallow
LAT55.3_LON6.5,-0.3367667209468102,95,shallow
LAT55.3_LON6.6,-0.3448562942778085,95,shallow
LAT55.3_LON6.7,-0.34593350580001625,95,shallow
LAT55.3_LON6.8,-0.3433402994858394,95,shallow
LAT55.3_LON6.9,-0.34418375268522067,95,shallow
LAT55.3_LON7.0,-0.34353801139119516,95,shallow
LAT55.3_LON7.1,-0.34656310899756093,95,shallow
LAT55.3_LON7.3,-0.34580625984775726,95,shallow
LAT55.3_LON7.5,-0.3480931676815296,95,shallow
LAT55.3_LON7.6,-0.3479823773243801,95,shallow
LAT55.3_LON7.7,-0.3499527934252446,95,shallow
LAT55.3_LON7.8,-0.34893684465461905,95,shallow
LAT55.3_LON7.9,-0.34796157943554207,95,shallow
LAT55.3_LON8.0,-0.3484871351429786,95,shallow
LAT55.4_LON2.0,-0.3488591060264839,95,shallow
LAT55.4_LON2.1,-0.35028070675198314,95,shallow
LAT55.4_LON2.2,-0.3464785506344096,95,shallow
LAT55.4_LON2.3,-0.3472536037978569,95,shallow
LAT55.4_LON2.4,-0.34675715071755886,95,shallow
LAT55.4_LON2.6,-0.3468020909273491,95,shallow
LAT55.4_LON3.2,-0.3469365047930589,95,shallow
LAT55.4_LON3.3,-0.3409311074622548,95,shallow
LAT55.4_LON3.4,-0.3418220418538618,95,shallow
LAT55.4_LON3.5,-0.3462637847775816,95,shallow
LAT55.4_LON3.6,-0.3472809639597197,95,shallow
LAT55.4_LON3.7,-0.34921193930699795,95,shallow
LAT55.4_LON3.8,-0.34150340715450667,95,shallow
LAT55.4_LON3.9,-0.3458645482941294,95,shallow
LAT55.4_LON4.0,-0.34686854628868286,95,shallow
LAT55.4_LON4.1,-0.3468191459081208,95,shallow
LAT55.4_LON4.2,-0.3462171691015337,95,shallow
LAT55.4_LON4.3,-0.34615640973551504,95,shallow
LAT55.4_LON4.4,-0.34782483008983806,95,shallow
LAT55.4_LON4.5,-0.347685662988835,95,shallow
LAT55.4_LON4.6,-0.3462833626628159,95,shallow
LAT55.4_LON4.7,-0.345811545213612,95,shallow
LAT55.4_LON4.8,-0.3438447218677426,95,shallow
LAT55.4_LON4.9,-0.343893711207711,95,shallow
LAT55.4_LON5.0,-0.3477300983991481,95,shallow
LAT55.4_LON5.1,-0.3462220578406039,95,shallow
LAT55.4_LON5.2,-0.3438488608033804,95,shallow
LAT55.4_LON5.3,-0.34456013797515544,95,shallow
LAT55.4_LON5.4,-0.34435372654143676,95,shallow
LAT55.4_LON5.5,-0.34562030146212047,95,shallow
LAT55.4_LON5.6,-0.34705020491538296,95,shallow
LAT55.4_LON5.7,-0.3475570248262536,95,shallow
LAT55.4_LON5.8,-0.3444749105103808,95,shallow
LAT55.4_LON5.9,-0.3406689302011997,95,shallow
LAT55.4_LON6.0,-0.34512803969645817,95,shallow
LAT55.4_LON6.1,-0.3469381909019713,95,shallow
LAT55.4_LON6.2,-0.34976866150437685,95,shallow
LAT55.4_LON6.3,-0.34818727969299545,95,shallow
LAT55.4_LON6.4,-0.3446568026433941,95,shallow
LAT55.4_LON6.5,-0.3456897610780643,95,shallow
LAT55.4_LON6.6,-0.3475302563586492,95,shallow
LAT55.4_LON6.7,-0.34617013618736037,95,shallow
LAT55.4_LON6.8,-0.34682732101367447,95,shallow
LAT55.4_LON6.9,-0.34228122015652046,95,shallow
LAT55.4_LON7.0,-0.34530122317007883,95,shallow
LAT55.4_LON7.1,-0.3471693710565117,95,shallow
LAT55.4_LON7.2,-0.3481610089049783,95,shallow
LAT55.4_LON7.3,-0.3479968511063565,95,shallow
LAT55.4_LON7.4,-0.34741700048808066,95,shallow
LAT55.4_LON7.5,-0.342370535556481,95,shallow
LAT55.4_LON7.6,-0.34070793415358436,95,shallow
LAT55.4_LON7.7,-0.34697818636216526,95,shallow
LAT55.4_LON7.8,-0.34817776927057126,95,shallow
LAT55.4_LON7.9,-0.3458373025040193,95,shallow
LAT55.4_LON8.0,-0.34401988323868354,95,shallow
LAT55.5_LON2.1,-0.34845326365722096,95,shallow
LAT55.5_LON2.2,-0.34782829737213916,95,shallow
LAT55.5_LON2.3,-0.34352088534767067,95,shallow
LAT55.5_LON2.4,-0.3485993289467534,95,shallow
LAT55.5_LON2.5,-0.3470558036351619,95,shallow
LAT55.5_LON2.6,-0.3483510131802743,95,shallow
LAT55.5_LON2.7,-0.3480045981901805,95,shallow
LAT55.5_LON2.8,-0.3474281995583803,95,shallow
LAT55.5_LON3.0,-0.34654278496169144,95,shallow
LAT55.5_LON3.1,-0.3488811014568293,95,shallow
LAT55.5_LON3.3,-0.34723113161984487,95,shallow
LAT55.5_LON3.5,-0.34773480951038566,95,shallow
LAT55.5_LON3.6,-0.3469661847476186,95,shallow
LAT55.5_LON3.7,-0.34729462822784946,95,shallow
LAT55.5_LON3.8,-0.3461609930931122,95,shallow
LAT55.5_LON3.9,-0.34666522205492767,95,shallow
LAT55.5_LON4.0,-0.3492693207143439,95,shallow
LAT55.5_LON4.1,-0.34397345925140405,95,shallow
LAT55.5_LON4.2,-0.3445298171067085,95,shallow
LAT55.5_LON4.3,-0.34692762460607046,95,shallow
LAT55.5_LON4.4,-0.3430105701099605,95,shallow
LAT55.5_LON4.5,-0.3455840107421529,95,shallow
LAT55.5_LON4.6,-0.34367169330536324,95,shallow
LAT55.5_LON4.7,-0.3465391383859002,95,shallow
LAT55.5_LON4.8,-0.3467852990821813,95,shallow
LAT55.5_LON4.9,-0.3452999441550553,95,shallow
LAT55.5_LON5.0,-0.3424181905550485,95,shallow
LAT55.5_LON5.1,-0.34546699604724007,95,shallow
LAT55.5_LON5.2,-0.34578434609634745,95,shallow
LAT55.5_LON5.3,-0.34602273006047196,95,shallow
LAT55.5_LON5.4,-0.3467651706045267,95,shallow
LAT55.5_LON5.5,-0.3466322558172128,95,shallow
LAT55.5_LON5.6,-0.3447069873543524,95,shallow
LAT55.5_LON5.7,-0.3445647949852302,95,shallow
LAT55.5_LON5.8,-0.3463729854785174,95,shallow
LAT55.5_LON5.9,-0.34591128185994996,95,shallow
LAT55.5_LON6.0,-0.34781891911730567,95,shallow
LAT55.5_LON6.1,-0.3459467875332284,95,shallow
LAT55.5_LON6.2,-0.3439796432606297,95,shallow
LAT55.5_LON6.3,-0.34715270989241914,95,shallow
LAT55.5_LON6.4,-0.347177931772638,95,shallow
LAT55.5_LON6.5,-0.34873582770078526,95,shallow
LAT55.5_LON6.6,-0.34378656061313745,95,shallow
LAT55.5_LON6.7,-0.3411356678974375,95,shallow
LAT55.5_LON6.8,-0.34200147234555456,95,shallow
LAT55.5_LON6.9,-0.344552068689641,95,shallow
LAT55.5_LON7.0,-0.34576139299131897,95,shallow
LAT55.5_LON7.1,-0.3463976742840587,95,shallow
LAT55.5_LON7.2,-0.3473134266363556,95,shallow
LAT55.5_LON7.3,-0.34460792103560867,95,shallow
LAT55.5_LON7.4,-0.34735458175905,95,shallow
LAT55.5_LON7.5,-0.3477044856961631,95,shallow
LAT55.5_LON7.6,-0.34258287139511473,95,shallow
LAT55.5_LON7.7,-0.34890096933141707,95,shallow
LAT55.5_LON7.8,-0.34658191414208894,95,shallow
LAT55.5_LON7.9,-0.3473144937889476,95,shallow
LAT55.5_LON8.0,-0.3434643400972236,95,shallow
LAT55.6_LON2.1,-0.34593197748411775,95,shallow
LAT55.6_LON2.2,-0.3463596161278626,95,shallow
LAT55.6_LON2.3,-0.3475314039123197,95,shallow
LAT55.6_LON2.4,-0.34688165713951,95,shallow
LAT55.6_LON2.5,-0.344913240008516,95,shallow
LAT55.6_LON2.6,-0.3473943277108726,95,shallow
LAT55.6_LON2.7,-0.34781005031209866,95,shallow
LAT55.6_LON2.8,-0.346713829925839,95,shallow
LAT55.6_LON2.9,-0.3487359614256831,95,shallow
LAT55.6_LON3.0,-0.3478121189096482,95,shallow
LAT55.6_LON3.2,-0.34774048573724536,95,shallow
LAT55.6_LON3.5,-0.34722650036087027,95,shallow
LAT55.6_LON3.6,-0.3441806725573793,95,shallow
LAT55.6_LON3.7,-0.3420428302294822,95,shallow
LAT55.6_LON3.8,-0.34317788519997505,95,shallow
LAT55.6_LON3.9,-0.3460125528696721,95,shallow
LAT55.6_LON4.0,-0.3485457401428557,95,shallow
LAT55.6_LON4.2,-0.34652065914580277,95,shallow
LAT55.6_LON4.3,-0.34705534319491865,95,shallow
LAT55.6_LON4.4,-0.3440276808492631,95,shallow
LAT55.6_LON4.5,-0.34615959951577013,95,shallow
LAT55.6_LON4.6,-0.34180753381564716,95,shallow
LAT55.6_LON4.7,-0.34758576573073297,95,shallow
LAT55.6_LON4.8,-0.34764070846094597,95,shallow
LAT55.6_LON4.9,-0.34809210442321636,95,shallow
LAT55.6_LON5.0,-0.3465812260604903,95,shallow
LAT55.6_LON5.1,-0.3448051679816389,95,shallow
LAT55.6_LON5.2,-0.34259452980695115,95,shallow
LAT55.6_LON5.3,-0.34306860421350777,95,shallow
LAT55.6_LON5.4,-0.3438943279453225,95,shallow
LAT55.6_LON5.5,-0.34601275293177847,95,shallow
LAT55.6_LON5.6,-0.345869795564075,95,shallow
LAT55.6_LON5.7,-0.3463490680878877,95,shallow
LAT55.6_LON5.8,-0.3451004206795594,95,shallow
LAT55.6_LON5.9,-0.34559000537574114,95,shallow
LAT55.6_LON6.0,-0.3454112543894502,95,shallow
LAT55.6_LON6.1,-0.3462898153496203,95,shallow
LAT55.6_LON6.2,-0.3480980356046353,95,shallow
LAT55.6_LON6.3,-0.34772361242016553,95,shallow
LAT55.6_LON6.4,-0.34139738152271065,95,shallow
LAT55.6_LON6.5,-0.3407364093913108,95,shallow
LAT55.6_LON6.6,-0.3455265845357231,95,shallow
LAT55.6_LON6.7,-0.34613300516195816,95,shallow
LAT55.6_LON6.8,-0.3437515853838429,95,shallow
LAT55.6_LON6.9,-0.3415519873479209,95,shallow
LAT55.6_LON7.0,-0.34823796491945974,95,shallow
LAT55.6_LON7.1,-0.3471121392530074,95,shallow
LAT55.6_LON7.2,-0.34677122459961546,95,shallow
LAT55.6_LON7.3,-0.34688637753836554,95,shallow
LAT55.6_LON7.4,-0.3483584396019014,95,shallow
LAT55.6_LON7.5,-0.3473239308831139,95,shallow
LAT55.6_LON7.6,-0.3484323534463566,95,shallow
LAT55.6_LON7.7,-0.3481963101757855,95,shallow
LAT55.6_LON7.8,-0.3469347318795444,95,shallow
LAT55.6_LON7.9,-0.3468263710388736,95,shallow
LAT55.6_LON8.0,-0.3457383128719001,95,shallow
LAT55.7_LON2.6,-0.34493404101763664,95,shallow
LAT55.7_LON2.7,-0.3466450982815683,95,shallow
LAT55.7_LON2.8,-0.34696142782002076,95,shallow
LAT55.7_LON3.0,-0.34805141256839717,95,shallow
LAT55.7_LON3.1,-0.347570623418703,95,shallow
LAT55.7_LON3.2,-0.345757207678568,95,shallow
LAT55.7_LON3.3,-0.34731175434242784,95,shallow
LAT55.7_LON3.4,-0.3474735843686312,95,shallow
LAT55.7_LON3.5,-0.3477768325552712,95,shallow
LAT55.7_LON3.6,-0.34671617087963646,95,shallow
LAT55.7_LON3.7,-0.3452222932135141,95,shallow
LAT55.7_LON3.8,-0.34476943079991323,95,shallow
LAT55.7_LON3.9,-0.3465398284320352,95,shallow
LAT55.7_LON4.0,-0.3486802562767193,95,shallow
LAT55.7_LON4.1,-0.3473630501053418,95,shallow
LAT55.7_LON4.2,-0.3427735443993874,95,shallow
LAT55.7_LON4.3,-0.3450804514382055,95,shallow
LAT55.7_LON4.4,-0.3455359793517947,95,shallow
LAT55.7_LON4.5,-0.34121940532313944,95,shallow
LAT55.7_LON4.6,-0.3452342554871148,95,shallow
LAT55.7_LON4.7,-0.3490340227551754,95,shallow
LAT55.7_LON4.8,-0.3443556796715803,95,shallow
LAT55.7_LON4.9,-0.3458274359862603,95,shallow
LAT55.7_LON5.0,-0.3443191278312291,95,shallow
LAT55.7_LON5.1,-0.34602979846078175,95,shallow
LAT55.7_LON5.2,-0.3455691514743297,95,shallow
LAT55.7_LON5.3,-0.3452229835596828,95,shallow
LAT55.7_LON5.4,-0.345342514543328,95,shallow
LAT55.7_LON5.5,-0.34827376644002994,95,shallow
LAT55.7_LON5.6,-0.3449022258064307,95,shallow
LAT55.7_LON5.7,-0.3453018166874095,95,shallow
LAT55.7_LON5.8,-0.34755475056460955,95,shallow
LAT55.7_LON5.9,-0.34099231056916124,95,shallow
LAT55.7_LON6.0,-0.34424901284019044,95,shallow
LAT55.7_LON6.1,-0.3425421643470391,95,shallow
LAT55.7_LON6.2,-0.3450439944011297,95,shallow
LAT55.7_LON6.3,-0.34518571271244164,95,shallow
LAT55.7_LON6.4,-0.34767086885005466,95,shallow
LAT55.7_LON6.5,-0.34785758922901683,95,shallow
LAT55.7_LON6.6,-0.34973005249405476,95,shallow
LAT55.7_LON6.7,-0.34787426392769927,95,shallow
LAT55.7_LON6.8,-0.33929808784101606,95,shallow
LAT55.7_LON6.9,-0.3417870000454385,95,shallow
LAT55.7_LON7.0,-0.345937128567686,95,shallow
LAT55.7_LON7.1,-0.34682767411651233,95,shallow
LAT55.7_LON7.2,-0.3463763146128888,95,shallow
LAT55.7_LON7.3,-0.34867843507387386,95,shallow
LAT55.7_LON7.4,-0.3462412520595024,95,shallow
LAT55.7_LON7.5,-0.34861655061823105,95,shallow
LAT55.7_LON7.6,-0.3486043367156525,95,shallow
LAT55.7_LON7.7,-0.3471572167676823,95,shallow
LAT55.7_LON7.8,-0.34686745191968893,95,shallow
LAT55.7_LON7.9,-0.3477567206051675,95,shallow
LAT55.7_LON8.0,-0.34810082520786617,95,shallow
LAT55.8_LON2.9,-0.34658871501548993,95,shallow
LAT55.8_LON3.0,-0.3475435717622193,95,shallow
LAT55.8_LON3.1,-0.3423421414248577,95,shallow
LAT55.8_LON3.3,-0.34799549309446753,95,shallow
LAT55.8_LON3.4,-0.347127677201341,95,shallow
LAT55.8_LON4.0,-0.3462693542422334,95,shallow
LAT55.8_LON4.1,-0.34777547061151787,95,shallow
LAT55.8_LON4.2,-0.33331764036092054,95,shallow
LAT55.8_LON4.3,-0.34616475660956436,95,shallow
LAT55.8_LON4.4,-0.34620867004973344,95,shallow
LAT55.8_LON4.5,-0.34651054107257495,95,shallow
LAT55.8_LON4.6,-0.34755047805715744,95,shallow
LAT55.8_LON4.7,-0.3479864467532492,95,shallow
LAT55.8_LON4.8,-0.3475644861631436,95,shallow
LAT55.8_LON4.9,-0.3474765953672135,95,shallow
LAT55.8_LON5.0,-0.3463641486737963,95,shallow
LAT55.8_LON5.1,-0.3460661710097056,95,shallow
LAT55.8_LON5.2,-0.3437973631928921,95,shallow
LAT55.8_LON5.3,-0.34697643151948626,95,shallow
LAT55.8_LON5.4,-0.34572669137766854,95,shallow
LAT55.8_LON5.5,-0.3455584679209397,95,shallow
LAT55.8_LON5.6,-0.3440507049011111,95,shallow
LAT55.8_LON5.7,-0.34719385957429855,95,shallow
LAT55.8_LON5.8,-0.3444351379362858,95,shallow
LAT55.8_LON5.9,-0.34539791536373937,95,shallow
LAT55.8_LON6.0,-0.34548404027481694,95,shallow
LAT55.8_LON6.1,-0.3458505172706211,95,shallow
LAT55.8_LON6.2,-0.3479572852298067,95,shallow
LAT55.8_LON6.3,-0.34570625852337583,95,shallow
LAT55.8_LON6.4,-0.3443948857577013,95,shallow
LAT55.8_LON6.6,-0.34362486747609466,95,shallow
LAT55.8_LON6.7,-0.34714036200003245,95,shallow
LAT55.8_LON6.9,-0.34430250506006427,95,shallow
LAT55.8_LON7.0,-0.346052645143195,95,shallow
LAT55.8_LON7.1,-0.3465590260244139,95,shallow
LAT55.8_LON7.2,-0.3461464059144399,95,shallow
LAT55.8_LON7.3,-0.3465132118324827,95,shallow
LAT55.8_LON7.4,-0.3473860676964578,95,shallow
LAT55.8_LON7.5,-0.34682128023601694,95,shallow
LAT55.8_LON7.6,-0.34672367430562107,95,shallow
LAT55.8_LON7.7,-0.34716535927551795,95,shallow
LAT55.8_LON7.8,-0.3462285493714614,95,shallow
LAT55.8_LON7.9,-0.3463449747305731,95,shallow
LAT55.8_LON8.0,-0.3483909673171107,95,shallow
LAT55.9_LON2.8,-0.3461085438143361,95,shallow
LAT55.9_LON3.0,-0.3464952440964784,95,shallow
LAT55.9_LON3.1,-0.34476996864798193,95,shallow
LAT55.9_LON3.2,-0.34364955940394704,95,shallow
LAT55.9_LON3.3,-0.3466292242688535,95,shallow
LAT55.9_LON3.4,-0.3447182627418246,95,shallow
LAT55.9_LON3.5,-0.34685377455845234,95,shallow
LAT55.9_LON3.6,-0.3475115101839532,95,shallow
LAT55.9_LON3.7,-0.34591028580755867,95,shallow
LAT55.9_LON3.8,-0.347269443344186,95,shallow
LAT55.9_LON3.9,-0.3470723674406957,95,shallow
LAT55.9_LON4.0,-0.3476969725378838,95,shallow
LAT55.9_LON4.1,-0.34405291738708343,95,shallow
LAT55.9_LON4.2,-0.34657926107733905,95,shallow
LAT55.9_LON4.3,-0.34486898824993434,95,shallow
LAT55.9_LON4.4,-0.34846953739534664,95,shallow
LAT55.9_LON4.5,-0.34462945283936197,95,shallow
LAT55.9_LON4.6,-0.3475831692034319,95,shallow
LAT55.9_LON4.7,-0.3485097817774232,95,shallow
LAT55.9_LON4.8,-0.3418536064143672,95,shallow
LAT55.9_LON4.9,-0.3475623676833992,95,shallow
LAT55.9_LON5.0,-0.34812510474982217,95,shallow
LAT55.9_LON5.1,-0.34729753617843173,95,shallow
LAT55.9_LON5.2,-0.34766703775590146,95,shallow
LAT55.9_LON5.3,-0.3471764355027883,95,shallow
LAT55.9_LON5.4,-0.346312347611327,95,shallow
LAT55.9_LON5.5,-0.34490679569976074,95,shallow
LAT55.9_LON5.6,-0.3453462716326283,95,shallow
LAT55.9_LON5.7,-0.3474170412228157,95,shallow
LAT55.9_LON5.8,-0.3466369002784864,95,shallow
LAT55.9_LON5.9,-0.3446041007594794,95,shallow
LAT55.9_LON6.0,-0.3478496390987041,95,shallow
LAT55.9_LON6.1,-0.34638467121715955,95,shallow
LAT55.9_LON6.2,-0.3456502795960203,95,shallow
LAT55.9_LON6.3,-0.3429676728514592,95,shallow
LAT55.9_LON6.4,-0.34416886023839527,95,shallow
LAT55.9_LON6.5,-0.3469610390563544,95,shallow
LAT55.9_LON6.6,-0.3391138692302272,95,shallow
LAT55.9_LON6.7,-0.3454255434623534,95,shallow
LAT55.9_LON6.8,-0.34602188782467236,95,shallow
LAT55.9_LON6.9,-0.34779444845628804,95,shallow
LAT55.9_LON7.0,-0.34462880378254757,95,shallow
LAT55.9_LON7.1,-0.3444485975507549,95,shallow
LAT55.9_LON7.2,-0.34410498832259234,95,shallow
LAT55.9_LON7.3,-0.3471827799577721,95,shallow
LAT55.9_LON7.4,-0.34079515265333804,95,shallow
LAT55.9_LON7.5,-0.34648863883373215,95,shallow
LAT55.9_LON7.6,-0.3478443748197289,95,shallow
LAT55.9_LON7.7,-0.34588252906919514,95,shallow
LAT55.9_LON7.8,-0.34776222874105645,95,shallow
LAT55.9_LON7.9,-0.344566805383703,95,shallow
LAT55.9_LON8.0,-0.34289087243860916,95,shallow
LAT56.0_LON2.5,-0.3476438389536433,95,shallow
LAT56.0_LON2.6,-0.3464307658184578,95,shallow
LAT56.0_LON2.7,-0.3461067155754083,95,shallow
LAT56.0_LON2.9,-0.34636724053285933,95,shallow
LAT56.0_LON3.2,-0.3466500858552167,95,shallow
LAT56.0_LON3.3,-0.3492087661531418,95,shallow
LAT56.0_LON3.4,-0.3491215996040626,95,shallow
LAT56.0_LON3.5,-0.34633970406026426,95,shallow
LAT56.0_LON3.6,-0.3474807563846256,95,shallow
LAT56.0_LON3.7,-0.3489671487688208,95,shallow
LAT56.0_LON3.8,-0.3465113166777075,95,shallow
LAT56.0_LON3.9,-0.3472644043109037,95,shallow
LAT56.0_LON4.0,-0.34690932881578296,95,shallow
LAT56.0_LON4.1,-0.34704468550711165,95,shallow
LAT56.0_LON4.2,-0.3489781209740076,95,shallow
LAT56.0_LON4.3,-0.3454238776479131,95,shallow
LAT56.0_LON4.4,-0.34003759992954985,95,shallow
LAT56.0_LON4.5,-0.3457921733729389,95,shallow
LAT56.0_LON4.6,-0.3453233153602302,95,shallow
LAT56.0_LON4.7,-0.3446016773403505,95,shallow
LAT56.0_LON4.8,-0.347599751889979,95,shallow
LAT56.0_LON4.9,-0.34642793941331135,95,shallow
LAT56.0_LON5.0,-0.34562720899798843,95,shallow
LAT56.0_LON5.1,-0.3483085020811193,95,shallow
LAT56.0_LON5.2,-0.3478377533746726,95,shallow
LAT56.0_LON5.3,-0.34444697621269704,95,shallow
LAT56.0_LON5.4,-0.3440695443388903,95,shallow
LAT56.0_LON5.5,-0.3481149789902406,95,shallow
LAT56.0_LON5.6,-0.34626655953286317,95,shallow
LAT56.0_LON5.7,-0.34260579158495297,95,shallow
LAT56.0_LON5.8,-0.3466687219799314,95,shallow
LAT56.0_LON5.9,-0.34519568325306776,95,shallow
LAT56.0_LON6.0,-0.3476256724660063,95,shallow
LAT56.0_LON6.1,-0.34672148554304927,95,shallow
LAT56.0_LON6.2,-0.34664598410346287,95,shallow
LAT56.0_LON6.3,-0.347111036231428,95,shallow
LAT56.0_LON6.4,-0.33888072179314027,95,shallow
LAT56.0_LON6.5,-0.34312651770053587,95,shallow
LAT56.0_LON6.6,-0.34305836725591077,95,shallow
LAT56.0_LON6.7,-0.34408432489518415,95,shallow
LAT56.0_LON6.8,-0.34730509648772034,95,shallow
LAT56.0_LON6.9,-0.3452329790464182,95,shallow
LAT56.0_LON7.0,-0.34527126014931253,95,shallow
LAT56.0_LON7.1,-0.34884282381157455,95,shallow
LAT56.0_LON7.2,-0.34607437310367145,95,shallow
LAT56.0_LON7.3,-0.34106092468341376,95,shallow
LAT56.0_LON7.4,-0.3483294736768867,95,shallow
LAT56.0_LON7.5,-0.3440566906881152,95,shallow
LAT56.0_LON7.6,-0.34631700692076955,95,shallow
LAT56.0_LON7.7,-0.34775455313905174,95,shallow
LAT56.0_LON7.8,-0.34417711684087965,95,shallow
LAT56.0_LON7.9,-0.3473213860115478,95,shallow
LAT56.0_LON8.0,-0.3461896102367027,95,shallow
LAT56.1_LON2.4,-0.3458431264095343,95,shallow
LAT56.1_LON2.5,-0.3466438705307454,95,shallow
LAT56.1_LON2.6,-0.3469105716471268,95,shallow
LAT56.1_LON2.7,-0.34928564241490223,95,shallow
LAT56.1_LON2.8,-0.3468168794647241,95,shallow
LAT56.1_LON2.9,-0.34581938888238306,95,shallow
LAT56.1_LON3.0,-0.3491616340904344,95,shallow
LAT56.1_LON3.1,-0.3460181071852524,95,shallow
LAT56.1_LON3.2,-0.3395623978402146,95,shallow
LAT56.1_LON3.3,-0.34333978017894945,95,shallow
LAT56.1_LON3.4,-0.34780057438478307,95,shallow
LAT56.1_LON3.5,-0.34564180206863426,95,shallow
LAT56.1_LON3.6,-0.3493030724725804,95,shallow
LAT56.1_LON3.7,-0.34678517563867284,95,shallow
LAT56.1_LON3.8,-0.3473383455357351,95,shallow
LAT56.1_LON3.9,-0.3475980459473269,95,shallow
LAT56.1_LON4.0,-0.34657806713637,95,shallow
LAT56.1_LON4.1,-0.3469997901777694,95,shallow
LAT56.1_LON4.2,-0.3488337648578931,95,shallow
LAT56.1_LON4.3,-0.34341719550149985,95,shallow
LAT56.1_LON4.4,-0.3454292399250728,95,shallow
LAT56.1_LON4.5,-0.34323451310217196,95,shallow
LAT56.1_LON4.6,-0.3466511452094789,95,shallow
LAT56.1_LON4.7,-0.3463483353487981,95,shallow
LAT56.1_LON4.8,-0.3458677381507962,95,shallow
LAT56.1_LON4.9,-0.3458037847524571,95,shallow
LAT56.1_LON5.0,-0.34497164284202503,95,shallow
LAT56.1_LON5.1,-0.3443246950785285,95,shallow
LAT56.1_LON5.2,-0.3472137416738288,95,shallow
LAT56.1_LON5.3,-0.3455391073788779,95,shallow
LAT56.1_LON5.4,-0.34893168118010187,95,shallow
LAT56.1_LON5.5,-0.3422500524261256,95,shallow
LAT56.1_LON5.6,-0.34446049038281745,95,shallow
LAT56.1_LON5.7,-0.34380614012622823,95,shallow
LAT56.1_LON5.8,-0.3441192140674005,95,shallow
LAT56.1_LON5.9,-0.34541127261428456,95,shallow
LAT56.1_LON6.0,-0.34605456847342586,95,shallow
LAT56.1_LON6.1,-0.3463835853261865,95,shallow
LAT56.1_LON6.2,-0.3459296146501795,95,shallow
LAT56.1_LON6.3,-0.347646591143961,95,shallow
LAT56.1_LON6.4,-0.3473249845481772,95,shallow
LAT56.1_LON6.5,-0.3478215710894003,95,shallow
LAT56.1_LON6.6,-0.3491783896773138,95,shallow
LAT56.1_LON6.7,-0.34558638844847056,95,shallow
LAT56.1_LON6.8,-0.34560208301839146,95,shallow
LAT56.1_LON6.9,-0.3485457401428557,95,shallow
LAT56.1_LON7.0,-0.3458227223705404,95,shallow
LAT56.1_LON7.1,-0.34809115810887875,95,shallow
LAT56.1_LON7.2,-0.3446258452991011,95,shallow
LAT56.1_LON7.3,-0.34500904545973055,95,shallow
LAT56.1_LON7.4,-0.3417776603589326,95,shallow
LAT56.1_LON7.5,-0.34314412873995975,95,shallow
LAT56.1_LON7.6,-0.34680978672099994,95,shallow
LAT56.1_LON7.7,-0.34410217541219734,95,shallow
LAT56.1_LON7.8,-0.3450644247064521,95,shallow
LAT56.1_LON7.9,-0.3418414332375275,95,shallow
LAT56.1_LON8.0,-0.34817137877505583,95,shallow
LAT56.2_LON2.4,-0.34580625984775726,95,shallow
LAT56.2_LON2.5,-0.3452546678071453,95,shallow
LAT56.2_LON2.6,-0.3460924936796594,95,shallow
LAT56.2_LON2.7,-0.3456911437534931,95,shallow
LAT56.2_LON2.8,-0.34584626283735254,95,shallow
LAT56.2_LON3.0,-0.3430032697980236,95,shallow
LAT56.2_LON3.1,-0.34015385584987856,95,shallow
LAT56.2_LON3.3,-0.3404619224436698,95,shallow
LAT56.2_LON3.4,-0.34930724666930213,95,shallow
LAT56.2_LON3.5,-0.3495764747758896,95,shallow
LAT56.2_LON3.6,-0.34660462369634215,95,shallow
LAT56.2_LON3.8,-0.3470080590441129,95,shallow
LAT56.2_LON3.9,-0.34679517763381107,95,shallow
LAT56.2_LON4.0,-0.347640096763544,95,shallow
LAT56.2_LON4.1,-0.34697873031856175,95,shallow
LAT56.2_LON4.2,-0.3483228817411434,95,shallow
LAT56.2_LON4.3,-0.3465113307718805,95,shallow
LAT56.2_LON4.4,-0.34807317605506,95,shallow
LAT56.2_LON4.5,-0.3472185395693982,95,shallow
LAT56.2_LON4.6,-0.3435614170095289,95,shallow
LAT56.2_LON4.7,-0.3469798287271548,95,shallow
LAT56.2_LON4.8,-0.3430478221086785,95,shallow
LAT56.2_LON4.9,-0.3450826470455517,95,shallow
LAT56.2_LON5.0,-0.3416822486148716,95,shallow
LAT56.2_LON5.1,-0.3452742261693809,95,shallow
LAT56.2_LON5.2,-0.3449405293438279,95,shallow
LAT56.2_LON5.3,-0.3432823768052837,95,shallow
LAT56.2_LON5.4,-0.34594756750930467,95,shallow
LAT56.2_LON5.5,-0.34715156254815605,95,shallow
LAT56.2_LON5.6,-0.3471196237649574,95,shallow
LAT56.2_LON5.7,-0.3479762355998748,95,shallow
LAT56.2_LON5.8,-0.34379107384635144,95,shallow
LAT56.2_LON5.9,-0.3466025707909194,95,shallow
LAT56.2_LON6.0,-0.3454459062912322,95,shallow
LAT56.2_LON6.1,-0.34625109638128126,95,shallow
LAT56.2_LON6.2,-0.3466464183251541,95,shallow
LAT56.2_LON6.3,-0.3481046181692971,95,shallow
LAT56.2_LON6.4,-0.34612465392654157,95,shallow
LAT56.2_LON6.5,-0.34682476942142204,95,shallow
LAT56.2_LON6.6,-0.34560636117937465,95,shallow
LAT56.2_LON6.7,-0.3450994517737878,95,shallow
LAT56.2_LON6.8,-0.3437456420898457,95,shallow
LAT56.2_LON6.9,-0.34830061419849306,95,shallow
LAT56.2_LON7.0,-0.34581658305188545,95,shallow
LAT56.2_LON7.1,-0.3456089024301845,95,shallow
LAT56.2_LON7.2,-0.34475223365996893,95,shallow
LAT56.2_LON7.3,-0.34381320510268093,95,shallow
LAT56.2_LON7.4,-0.3436415048394325,95,shallow
LAT56.2_LON7.5,-0.3426545678039329,95,shallow
LAT56.2_LON7.6,-0.3470634820011147,95,shallow
LAT56.2_LON7.7,-0.3448880383695726,95,shallow
LAT56.2_LON7.8,-0.3433234807177008,95,shallow
LAT56.2_LON7.9,-0.34644102197865057,95,shallow
LAT56.2_LON8.0,-0.3469238987315193,95,shallow
LAT56.3_LON2.2,-0.3420017571438906,95,shallow
LAT56.3_LON2.3,-0.34428673697355533,95,shallow
LAT56.3_LON2.4,-0.3467443710098933,95,shallow
LAT56.3_LON2.5,-0.3457395633274656,95,shallow
LAT56.3_LON2.7,-0.3464017731774669,95,shallow
LAT56.3_LON2.8,-0.3407301283170729,95,shallow
LAT56.3_LON2.9,-0.34912200071775173,95,shallow
LAT56.3_LON3.0,-0.3408171102665997,95,shallow
LAT56.3_LON3.1,-0.34797959201688333,95,shallow
LAT56.3_LON3.2,-0.343245123146348,95,shallow
LAT56.3_LON3.3,-0.3440984457501059,95,shallow
LAT56.3_LON3.4,-0.34789615715006755,95,shallow
LAT56.3_LON3.5,-0.3454963464309621,95,shallow
LAT56.3_LON3.6,-0.33873058413980617,95,shallow
LAT56.3_LON3.7,-0.3336627444554511,95,shallow
LAT56.3_LON3.9,-0.34868813978175206,95,shallow
LAT56.3_LON4.0,-0.34753792507923426,95,shallow
LAT56.3_LON4.1,-0.3443549843646926,95,shallow
LAT56.3_LON4.2,-0.34410456449182,95,shallow
LAT56.3_LON4.3,-0.34372914856736986,95,shallow
LAT56.3_LON4.4,-0.345837707394981,95,shallow
LAT56.3_LON4.5,-0.3501766731029394,95,shallow
LAT56.3_LON4.6,-0.3370313078498467,95,shallow
LAT56.3_LON4.7,-0.3417128056593694,95,shallow
LAT56.3_LON4.8,-0.34819525162434156,95,shallow
LAT56.3_LON4.9,-0.3485690955433884,95,shallow
LAT56.3_LON5.0,-0.34830521939732595,95,shallow
LAT56.3_LON5.1,-0.345776096876503,95,shallow
LAT56.3_LON5.2,-0.34450642322436886,95,shallow
LAT56.3_LON5.3,-0.34604697941020596,95,shallow
LAT56.3_LON5.4,-0.3479632736860035,95,shallow
LAT56.3_LON5.5,-0.3474681499362268,95,shallow
LAT56.3_LON5.6,-0.34637075406393647,95,shallow
LAT56.3_LON5.7,-0.3455163347189999,95,shallow
LAT56.3_LON5.8,-0.3446442659518656,95,shallow
LAT56.3_LON5.9,-0.34837971259894857,95,shallow
LAT56.3_LON6.0,-0.34469121562342486,95,shallow
LAT56.3_LON6.1,-0.3455059438354283,95,shallow
LAT56.3_LON6.2,-0.34632042325522633,95,shallow
LAT56.3_LON6.3,-0.34844909965553217,95,shallow
LAT56.3_LON6.4,-0.34065727052244,95,shallow
LAT56.3_LON6.5,-0.34893104298235206,95,shallow
LAT56.3_LON6.6,-0.3463598948217008,95,shallow
LAT56.3_LON6.7,-0.345732754230062,95,shallow
LAT56.3_LON6.8,-0.34580459663678337,95,shallow
LAT56.3_LON6.9,-0.34353449703664074,95,shallow
LAT56.3_LON7.0,-0.34330839478154573,95,shallow
LAT56.3_LON7.1,-0.34199731465473826,95,shallow
LAT56.3_LON7.2,-0.34835169320835174,95,shallow
LAT56.3_LON7.3,-0.3459090725252185,95,shallow
LAT56.3_LON7.4,-0.34412197457972643,95,shallow
LAT56.3_LON7.5,-0.3480112221234166,95,shallow
LAT56.3_LON7.6,-0.34729128753693655,95,shallow
LAT56.3_LON7.7,-0.34532629634379153,95,shallow
LAT56.3_LON7.8,-0.3404531918053896,95,shallow
LAT56.3_LON7.9,-0.3461287231008649,95,shallow
LAT56.3_LON8.0,-0.34156426809786405,95,shallow
LAT56.4_LON2.1,-0.34796991573408126,95,shallow
LAT56.4_LON2.2,-0.34758738790184174,95,shallow
LAT56.4_LON2.3,-0.34716308547327746,95,shallow
LAT56.4_LON2.4,-0.3471531338453206,95,shallow
LAT56.4_LON2.5,-0.34778337905690937,95,shallow
LAT56.4_LON2.6,-0.34687251623080356,95,shallow
LAT56.4_LON2.7,-0.34590091968629844,95,shallow
LAT56.4_LON2.8,-0.34691024816656973,95,shallow
LAT56.4_LON3.0,-0.34377768045486434,95,shallow
LAT56.4_LON3.1,-0.34208747530092065,95,shallow
LAT56.4_LON3.2,-0.34628598125537036,95,shallow
LAT56.4_LON3.4,-0.34241082968922315,95,shallow
LAT56.4_LON3.5,-0.3476237798629846,95,shallow
LAT56.4_LON3.6,-0.34726755863135716,95,shallow
LAT56.4_LON3.8,-0.34147081894722575,95,shallow
LAT56.4_LON3.9,-0.34664448440615686,95,shallow
LAT56.4_LON4.0,-0.3466665868689593,95,shallow
LAT56.4_LON4.1,-0.3482470332210492,95,shallow
LAT56.4_LON4.2,-0.34827044809019125,95,shallow
LAT56.4_LON4.3,-0.3465208834923377,95,shallow
LAT56.4_LON4.4,-0.34694558385936775,95,shallow
LAT56.4_LON4.5,-0.3466777363809554,95,shallow
LAT56.4_LON4.6,-0.338578005837364,95,shallow
LAT56.4_LON4.7,-0.3454048623786495,95,shallow
LAT56.4_LON4.9,-0.3453907174388578,95,shallow
LAT56.4_LON5.0,-0.34902966491583975,95,shallow
LAT56.4_LON5.1,-0.34350758856998265,95,shallow
LAT56.4_LON5.2,-0.34545201291656497,95,shallow
LAT56.4_LON5.3,-0.3471921362702139,95,shallow
LAT56.4_LON5.4,-0.3455482522084569,95,shallow
LAT56.4_LON5.5,-0.3461248668702872,95,shallow
LAT56.4_LON5.6,-0.3383904507878761,95,shallow
LAT56.4_LON5.7,-0.348130831313205,95,shallow
LAT56.4_LON5.8,-0.34637777400785275,95,shallow
LAT56.4_LON5.9,-0.34766625627903386,95,shallow
LAT56.4_LON6.0,-0.3464118520796307,95,shallow
LAT56.4_LON6.1,-0.3474797689605455,95,shallow
LAT56.4_LON6.2,-0.3448970820712332,95,shallow
LAT56.4_LON6.3,-0.34629460721834865,95,shallow
LAT56.4_LON6.4,-0.3465602830022745,95,shallow
LAT56.4_LON6.5,-0.345159186178721,95,shallow
LAT56.4_LON6.6,-0.3456532314749756,95,shallow
LAT56.4_LON6.7,-0.34523525434427355,95,shallow
LAT56.4_LON6.8,-0.3456690660865289,95,shallow
LAT56.4_LON6.9,-0.34654296866302337,95,shallow
LAT56.4_LON7.0,-0.3433710753199574,95,shallow
LAT56.4_LON7.1,-0.3451391494929157,95,shallow
LAT56.4_LON7.2,-0.34371517868755913,95,shallow
LAT56.4_LON7.3,-0.34416394179679677,95,shallow
LAT56.4_LON7.4,-0.3469436163748738,95,shallow
LAT56.4_LON7.5,-0.34404437101344,95,shallow
LAT56.4_LON7.6,-0.3463286211959929,95,shallow
LAT56.4_LON7.7,-0.34666292799728504,95,shallow
LAT56.4_LON7.8,-0.34585170986472624,95,shallow
LAT56.4_LON7.9,-0.347387207547227,95,shallow
LAT56.4_LON8.0,-0.3435604969325885,95,shallow
LAT56.5_LON2.0,-0.3503016291011682,95,shallow
LAT56.5_LON2.1,-0.3466477383687399,95,shallow
LAT56.5_LON2.4,-0.34117939358824817,95,shallow
LAT56.5_LON2.5,-0.3435978271697666,95,shallow
LAT56.5_LON2.6,-0.34618108692203725,95,shallow
LAT56.5_LON2.8,-0.3476252146658194,95,shallow
LAT56.5_LON2.9,-0.3370167474930188,95,shallow
LAT56.5_LON3.0,-0.3466292242688535,95,shallow
LAT56.5_LON3.1,-0.34458122982907896,95,shallow
LAT56.5_LON3.2,-0.34916024865587536,95,shallow
LAT56.5_LON3.3,-0.34652067014687477,95,shallow
LAT56.5_LON3.4,-0.3470625917733799,95,shallow
LAT56.5_LON3.5,-0.3475949544913069,95,shallow
LAT56.5_LON3.6,-0.34510858889368234,95,shallow
LAT56.5_LON3.7,-0.34110638373309515,95,shallow
LAT56.5_LON3.8,-0.3434839371967474,95,shallow
LAT56.5_LON4.0,-0.3463182333954967,95,shallow
LAT56.5_LON4.1,-0.34786501650737983,95,shallow
LAT56.5_LON4.2,-0.34836437709503737,95,shallow
LAT56.5_LON4.3,-0.3340526418142215,95,shallow
LAT56.5_LON4.4,-0.34213077554863935,95,shallow
LAT56.5_LON4.5,-0.34806420948047473,95,shallow
LAT56.5_LON4.6,-0.3444047891486193,95,shallow
LAT56.5_LON4.7,-0.3448441451787954,95,shallow
LAT56.5_LON4.8,-0.3438766038272928,95,shallow
LAT56.5_LON4.9,-0.34762546847595077,95,shallow
LAT56.5_LON5.0,-0.34096349601391346,95,shallow
LAT56.5_LON5.1,-0.34758209606955626,95,shallow
LAT56.5_LON5.2,-0.3476752560590969,95,shallow
LAT56.5_LON5.3,-0.34506531181217004,95,shallow
LAT56.5_LON5.4,-0.3419815363684077,95,shallow
LAT56.5_LON5.5,-0.34568918009981103,95,shallow
LAT56.5_LON5.6,-0.3428214476982803,95,shallow
LAT56.5_LON5.7,-0.3476318569814365,95,shallow
LAT56.5_LON5.8,-0.34826041659453194,95,shallow
LAT56.5_LON5.9,-0.34871522330694155,95,shallow
LAT56.5_LON6.0,-0.3446986202835543,95,shallow
LAT56.5_LON6.1,-0.34331196384997104,95,shallow
LAT56.5_LON6.2,-0.3478088803929696,95,shallow
LAT56.5_LON6.3,-0.34784307535941894,95,shallow
LAT56.5_LON6.4,-0.34630135156752345,95,shallow
LAT56.5_LON6.5,-0.3477020070373216,95,shallow
LAT56.5_LON6.6,-0.34609933888020145,95,shallow
LAT56.5_LON6.7,-0.3482218333144686,95,shallow
LAT56.5_LON6.8,-0.34867600932526216,95,shallow
LAT56.5_LON6.9,-0.3475742552172287,95,shallow
LAT56.5_LON7.0,-0.3454319792812464,95,shallow
LAT56.5_LON7.1,-0.34523167610577643,95,shallow
LAT56.5_LON7.2,-0.34739134130775245,95,shallow
LAT56.5_LON7.3,-0.3482544044227621,95,shallow
LAT56.5_LON7.4,-0.3436209353567951,95,shallow
LAT56.5_LON7.5,-0.34578494004091626,95,shallow
LAT56.5_LON7.6,-0.34652656197536136,95,shallow
LAT56.5_LON7.7,-0.34174624900473793,95,shallow
LAT56.5_LON7.8,-0.34793925923499625,95,shallow
LAT56.5_LON7.9,-0.3459343686019386,95,shallow
LAT56.5_LON8.0,-0.34643178350066267,95,shallow
LAT56.6_LON2.1,-0.34652749849820486,95,shallow
LAT56.6_LON2.2,-0.34652139707771,95,shallow
LAT56.6_LON2.4,-0.3464571735218388,95,shallow
LAT56.6_LON2.5,-0.33900050429415507,95,shallow
LAT56.6_LON2.6,-0.3513572501529475,95,shallow
LAT56.6_LON2.8,-0.3465208834923377,95,shallow
LAT56.6_LON2.9,-0.3459132602234499,95,shallow
LAT56.6_LON3.0,-0.34740189080691075,95,shallow
LAT56.6_LON3.1,-0.3456072586317647,95,shallow
LAT56.6_LON3.2,-0.3469159177800068,95,shallow
LAT56.6_LON3.3,-0.3491399205889751,95,shallow
LAT56.6_LON3.4,-0.3458137898131144,95,shallow
LAT56.6_LON3.5,-0.3453160599270112,95,shallow
LAT56.6_LON3.6,-0.3472695789332845,95,shallow
LAT56.6_LON3.7,-0.34569992515283454,95,shallow
LAT56.6_LON3.8,-0.3479980590224989,95,shallow
LAT56.6_LON3.9,-0.34592087965342405,95,shallow
LAT56.6_LON4.0,-0.3443167029216824,95,shallow
LAT56.6_LON4.1,-0.34023230672088867,95,shallow
LAT56.6_LON4.2,-0.3482590265640795,95,shallow
LAT56.6_LON4.3,-0.34586474427159286,95,shallow
LAT56.6_LON4.4,-0.3472707415576819,95,shallow
LAT56.6_LON4.5,-0.3445351570763002,95,shallow
LAT56.6_LON4.7,-0.34153601369992104,95,shallow
LAT56.6_LON4.8,-0.345068315900417,95,shallow
LAT56.6_LON4.9,-0.3412164526250795,95,shallow
LAT56.6_LON5.0,-0.3469105716471268,95,shallow
LAT56.6_LON5.1,-0.3470813942136114,95,shallow
LAT56.6_LON5.2,-0.3462343926142127,95,shallow
LAT56.6_LON5.3,-0.34780597405771635,95,shallow
LAT56.6_LON5.4,-0.346845880909509,95,shallow
LAT56.6_LON5.5,-0.3475211886306851,95,shallow
LAT56.6_LON5.6,-0.3437032151692914,95,shallow
LAT56.6_LON5.7,-0.34771931748007273,95,shallow
LAT56.6_LON5.8,-0.3388306181981042,95,shallow
LAT56.6_LON5.9,-0.343133695722484,95,shallow
LAT56.6_LON6.0,-0.34530700768377937,95,shallow
LAT56.6_LON6.1,-0.3454519965792659,95,shallow
LAT56.6_LON6.2,-0.34351899218143167,95,shallow
LAT56.6_LON6.3,-0.34522479467518014,95,shallow
LAT56.6_LON6.4,-0.34629992679031324,95,shallow
LAT56.6_LON6.5,-0.34314910100478063,95,shallow
LAT56.6_LON6.6,-0.34643038489045724,95,shallow
LAT56.6_LON6.7,-0.34753238196794406,95,shallow
LAT56.6_LON6.8,-0.343191046611616,95,shallow
LAT56.6_LON6.9,-0.347011191116839,95,shallow
LAT56.6_LON7.0,-0.3441870420105944,95,shallow
LAT56.6_LON7.1,-0.3457160103218008,95,shallow
LAT56.6_LON7.2,-0.34258307280959027,95,shallow
LAT56.6_LON7.3,-0.34502814442842406,95,shallow
LAT56.6_LON7.4,-0.34347005915507495,95,shallow
LAT56.6_LON7.5,-0.34717522441633264,95,shallow
LAT56.6_LON7.6,-0.34590484512114383,95,shallow
LAT56.6_LON7.7,-0.3471195486517762,95,shallow
LAT56.6_LON7.8,-0.3475692492931715,95,shallow
LAT56.6_LON7.9,-0.3473225446023705,95,shallow
LAT56.6_LON8.0,-0.34285699767501726,95,shallow
LAT56.7_LON2.0,-0.34928027024810315,95,shallow
LAT56.7_LON2.1,-0.3478015498938966,95,shallow
LAT56.7_LON2.2,-0.3466292242688535,95,shallow
LAT56.7_LON2.4,-0.3472811508627411,95,shallow
LAT56.7_LON2.5,-0.3453592508241051,95,shallow
LAT56.7_LON2.6,-0.3469238987315193,95,shallow
LAT56.7_LON2.8,-0.346903715970125,95,shallow
LAT56.7_LON2.9,-0.33575739471563393,95,shallow
LAT56.7_LON3.0,-0.3481748576156676,95,shallow
LAT56.7_LON3.1,-0.34690420023679674,95,shallow
LAT56.7_LON3.2,-0.345829282134698,95,shallow
LAT56.7_LON3.3,-0.3468660792340892,95,shallow
LAT56.7_LON3.4,-0.3479162465643848,95,shallow
LAT56.7_LON3.5,-0.34744058292871544,95,shallow
LAT56.7_LON3.6,-0.3422939284899718,95,shallow
LAT56.7_LON3.7,-0.3503354261100403,95,shallow
LAT56.7_LON3.8,-0.34357210979907177,95,shallow
LAT56.7_LON3.9,-0.34710927375765643,95,shallow
LAT56.7_LON4.1,-0.3465664027355277,95,shallow
LAT56.7_LON4.2,-0.3478648219171588,95,shallow
LAT56.7_LON4.3,-0.34761715996088877,95,shallow
LAT56.7_LON4.4,-0.3488343345593883,95,shallow
LAT56.7_LON4.5,-0.34909693139333176,95,shallow
LAT56.7_LON4.6,-0.3460364720869669,95,shallow
LAT56.7_LON4.7,-0.3429685142329377,95,shallow
LAT56.7_LON4.8,-0.33553384576103246,95,shallow
LAT56.7_LON4.9,-0.341094722289889,95,shallow
LAT56.7_LON5.0,-0.3466477383687399,95,shallow
LAT56.7_LON5.1,-0.3479739118935523,95,shallow
LAT56.7_LON5.2,-0.3465664027355277,95,shallow
LAT56.7_LON5.3,-0.34869760039724,95,shallow
LAT56.7_LON5.4,-0.34383270973250574,95,shallow
LAT56.7_LON5.5,-0.3477656178951739,95,shallow
LAT56.7_LON5.6,-0.3470894130797085,95,shallow
LAT56.7_LON5.7,-0.34921375507759084,95,shallow
LAT56.7_LON5.8,-0.34360838890632883,95,shallow
LAT56.7_LON5.9,-0.3451874034095907,95,shallow
LAT56.7_LON6.0,-0.3474189866951467,95,shallow
LAT56.7_LON6.1,-0.343174737607317,95,shallow
LAT56.7_LON6.2,-0.3465593555900981,95,shallow
LAT56.7_LON6.3,-0.3411796872931892,95,shallow
LAT56.7_LON6.4,-0.34966657855453953,95,shallow
LAT56.7_LON6.5,-0.3446466641823477,95,shallow
LAT56.7_LON6.6,-0.3439879288771224,95,shallow
LAT56.7_LON6.7,-0.3456417781448175,95,shallow
LAT56.7_LON6.8,-0.34460087254283006,95,shallow
LAT56.7_LON6.9,-0.34540047703853777,95,shallow
LAT56.7_LON7.0,-0.34249154576697943,95,shallow
LAT56.7_LON7.1,-0.3432933296095512,95,shallow
LAT56.7_LON7.2,-0.34592738312408206,95,shallow
LAT56.7_LON7.3,-0.34181634437746466,95,shallow
LAT56.7_LON7.4,-0.34396873334906264,95,shallow
LAT56.7_LON7.5,-0.34843121612257716,95,shallow
LAT56.7_LON7.6,-0.3458986935323327,95,shallow
LAT56.7_LON7.7,-0.34766367007837534,95,shallow
LAT56.7_LON7.8,-0.342128012485761,95,shallow
LAT56.7_LON7.9,-0.34597392025074675,95,shallow
LAT56.7_LON8.0,-0.34254930494524766,95,shallow
LAT56.8_LON2.0,-0.3477935349953157,95,shallow
LAT56.8_LON2.1,-0.3476906000290068,95,shallow
LAT56.8_LON2.2,-0.3499638814628613,95,shallow
LAT56.8_LON2.3,-0.3469997901777694,95,shallow
LAT56.8_LON2.4,-0.34699116110639044,95,shallow
LAT56.8_LON2.5,-0.3456933000468349,95,shallow
LAT56.8_LON2.6,-0.3472156954996557,95,shallow
LAT56.8_LON2.7,-0.34627925538378496,95,shallow
LAT56.8_LON2.8,-0.3482399479545478,95,shallow
LAT56.8_LON2.9,-0.34771610805905206,95,shallow
LAT56.8_LON3.0,-0.3482562316215568,95,shallow
LAT56.8_LON3.1,-0.34667327452391633,95,shallow
LAT56.8_LON3.2,-0.34408535290802816,95,shallow
LAT56.8_LON3.3,-0.34735773483314214,95,shallow
LAT56.8_LON3.4,-0.3481198323591535,95,shallow
LAT56.8_LON3.5,-0.3446901294379687,95,shallow
LAT56.8_LON3.6,-0.3479182374095546,95,shallow
LAT56.8_LON3.7,-0.34845718410928916,95,shallow
LAT56.8_LON3.8,-0.3474367426928846,95,shallow
LAT56.8_LON3.9,-0.34900662697842744,95,shallow
LAT56.8_LON4.0,-0.34633704345646055,95,shallow
LAT56.8_LON4.1,-0.34861377361835155,95,shallow
LAT56.8_LON4.2,-0.34786973291321327,95,shallow
LAT56.8_LON4.3,-0.34302378568956987,95,shallow
LAT56.8_LON4.4,-0.3482956388847417,95,shallow
LAT56.8_LON4.5,-0.34755095249810297,95,shallow
LAT56.8_LON4.6,-0.3484087680114288,95,shallow
LAT56.8_LON4.7,-0.339391342683442,95,shallow
LAT56.8_LON4.8,-0.34730869792762525,95,shallow
LAT56.8_LON4.9,-0.34097550747467076,95,shallow
LAT56.8_LON5.3,-0.3440472098500533,95,shallow
LAT56.8_LON5.4,-0.347570623418703,95,shallow
LAT56.8_LON5.5,-0.34140885075757177,95,shallow
LAT56.8_LON5.6,-0.34735498665006403,95,shallow
LAT56.8_LON5.7,-0.34597999352255476,95,shallow
LAT56.8_LON5.8,-0.3432261840845414,95,shallow
LAT56.8_LON5.9,-0.3410770670181218,95,shallow
LAT56.8_LON6.0,-0.3469547988101961,95,shallow
LAT56.8_LON6.1,-0.3453037522173082,95,shallow
LAT56.8_LON6.2,-0.3432664869784615,95,shallow
LAT56.8_LON6.3,-0.3481207454300517,95,shallow
LAT56.8_LON6.4,-0.34545825911659206,95,shallow
LAT56.8_LON6.5,-0.34627613235978094,95,shallow
LAT56.8_LON6.6,-0.3342914437360908,95,shallow
LAT56.8_LON6.7,-0.34440450096312025,95,shallow
LAT56.8_LON6.8,-0.34205045984345145,95,shallow
LAT56.8_LON6.9,-0.34187771132711975,95,shallow
LAT56.8_LON7.0,-0.3427494232221634,95,shallow
LAT56.8_LON7.1,-0.34473234140695785,95,shallow
LAT56.8_LON7.2,-0.3475879445089388,95,shallow
LAT56.8_LON7.3,-0.3477162919865863,95,shallow
LAT56.8_LON7.4,-0.3413083579839788,95,shallow
LAT56.8_LON7.5,-0.34649974838318803,95,shallow
LAT56.8_LON7.6,-0.34430234913401003,95,shallow
LAT56.8_LON7.7,-0.3442901175052464,95,shallow
LAT56.8_LON7.8,-0.3442789978854008,95,shallow
LAT56.8_LON7.9,-0.3442455361910687,95,shallow
LAT56.8_LON8.0,-0.3486433404510453,95,shallow
LAT56.9_LON2.1,-0.3476133419985943,95,shallow
LAT56.9_LON2.2,-0.35001740573680634,95,shallow
LAT56.9_LON2.4,-0.3465916241302082,95,shallow
LAT56.9_LON2.5,-0.33646239094058344,95,shallow
LAT56.9_LON2.6,-0.34146920169902906,95,shallow
LAT56.9_LON2.7,-0.34634188155775925,95,shallow
LAT56.9_LON2.8,-0.3438679711277689,95,shallow
LAT56.9_LON2.9,-0.3451744767609133,95,shallow
LAT56.9_LON3.0,-0.3427103313560059,95,shallow
LAT56.9_LON3.1,-0.3472536037978569,95,shallow
LAT56.9_LON3.3,-0.3476895689285476,95,shallow
LAT56.9_LON3.4,-0.34878362045361366,95,shallow
LAT56.9_LON3.5,-0.34946402946968813,95,shallow
LAT56.9_LON3.6,-0.3476703418169179,95,shallow
LAT56.9_LON3.7,-0.34781180639235443,95,shallow
LAT56.9_LON3.8,-0.3463953483035612,95,shallow
LAT56.9_LON3.9,-0.3464944351776526,95,shallow
LAT56.9_LON4.0,-0.34826468676520755,95,shallow
LAT56.9_LON4.1,-0.3474874512039454,95,shallow
LAT56.9_LON4.2,-0.3456358778669523,95,shallow
LAT56.9_LON4.3,-0.3491467332696426,95,shallow
LAT56.9_LON4.4,-0.3483044285491454,95,shallow
LAT56.9_LON4.5,-0.3467516652084333,95,shallow
LAT56.9_LON4.6,-0.34342200019829233,95,shallow
LAT56.9_LON4.7,-0.3469997901777694,95,shallow
LAT56.9_LON4.8,-0.3420343339186894,95,shallow
LAT56.9_LON4.9,-0.3478483212288453,95,shallow
LAT56.9_LON5.1,-0.346623956950796,95,shallow
LAT56.9_LON5.2,-0.34295819291600627,95,shallow
LAT56.9_LON5.3,-0.3477237214403565,95,shallow
LAT56.9_LON5.4,-0.3460986152752451,95,shallow
LAT56.9_LON5.5,-0.34429344088864483,95,shallow
LAT56.9_LON5.6,-0.34385138722517544,95,shallow
LAT56.9_LON5.7,-0.3462130092288011,95,shallow
LAT56.9_LON5.8,-0.3355166977503867,95,shallow
LAT56.9_LON5.9,-0.34953876555903873,95,shallow
LAT56.9_LON6.0,-0.34784104382057446,95,shallow
LAT56.9_LON6.1,-0.34458452463385936,95,shallow
LAT56.9_LON6.2,-0.3447833496030248,95,shallow
LAT56.9_LON6.3,-0.34625904769799704,95,shallow
LAT56.9_LON6.4,-0.34268026045158784,95,shallow
LAT56.9_LON6.5,-0.344691062049098,95,shallow
LAT56.9_LON6.6,-0.3449141244762736,95,shallow
LAT56.9_LON6.7,-0.3465929562425571,95,shallow
LAT56.9_LON6.8,-0.34602201695299856,95,shallow
LAT56.9_LON6.9,-0.3434257365601725,95,shallow
LAT56.9_LON7.0,-0.3428070964462954,95,shallow
LAT56.9_LON7.1,-0.34536975701778083,95,shallow
LAT56.9_LON7.2,-0.3453050419272328,95,shallow
LAT56.9_LON7.3,-0.3475802063005446,95,shallow
LAT56.9_LON7.4,-0.34486925999938606,95,shallow
LAT56.9_LON7.5,-0.3476814464463812,95,shallow
LAT56.9_LON7.6,-0.34628598125537036,95,shallow
LAT56.9_LON7.7,-0.34780532636255806,95,shallow
LAT56.9_LON7.8,-0.3478011310298159,95,shallow
LAT56.9_LON7.9,-0.33416933180158986,95,shallow
LAT56.9_LON8.0,-0.3420170295004552,95,shallow
LAT57.0_LON2.1,-0.34850869552181557,95,shallow
LAT57.0_LON2.4,-0.3478625233122231,95,shallow
LAT57.0_LON2.5,-0.3445351570763002,95,shallow
LAT57.0_LON2.7,-0.3471693710565117,95,shallow
LAT57.0_LON2.8,-0.34694266569099397,95,shallow
LAT57.0_LON2.9,-0.3480678838290371,95,shallow
LAT57.0_LON3.0,-0.34491056364059103,95,shallow
LAT57.0_LON3.1,-0.344119640673995,95,shallow
LAT57.0_LON3.2,-0.3464462394276025,95,shallow
LAT57.0_LON3.3,-0.34073469344822294,95,shallow
LAT57.0_LON3.5,-0.346110581029925,95,shallow
LAT57.0_LON3.6,-0.3468821437832009,95,shallow
LAT57.0_LON3.7,-0.347590072030994,95,shallow
LAT57.0_LON3.8,-0.3462529737914992,95,shallow
LAT57.0_LON3.9,-0.3491616340904344,95,shallow
LAT57.0_LON4.0,-0.34570250806188785,95,shallow
LAT57.0_LON4.2,-0.346576335077327,95,shallow
LAT57.0_LON4.3,-0.34673023079123605,95,shallow
LAT57.0_LON4.4,-0.3497258525249066,95,shallow
LAT57.0_LON4.5,-0.34735023082043687,95,shallow
LAT57.0_LON4.6,-0.3449807404196356,95,shallow
LAT57.0_LON4.7,-0.35040054842517754,95,shallow
LAT57.0_LON4.9,-0.3503016291011682,95,shallow
LAT57.0_LON5.0,-0.33678498289016695,95,shallow
LAT57.0_LON5.2,-0.3452262936559519,95,shallow
LAT57.0_LON5.3,-0.3429598568275093,95,shallow
LAT57.0_LON5.4,-0.34749389226349015,95,shallow
LAT57.0_LON5.5,-0.34589041115882724,95,shallow
LAT57.0_LON5.6,-0.34427378062146236,95,shallow
LAT57.0_LON5.7,-0.3479196360593409,95,shallow
LAT57.0_LON5.8,-0.34806523367819836,95,shallow
LAT57.0_LON5.9,-0.3475089548567294,95,shallow
LAT57.0_LON6.0,-0.3429193760579984,95,shallow
LAT57.0_LON6.1,-0.3473752599752271,95,shallow
LAT57.0_LON6.2,-0.3478909137100275,95,shallow
LAT57.0_LON6.3,-0.3461631288152802,95,shallow
LAT57.0_LON6.4,-0.3440349597079581,95,shallow
LAT57.0_LON6.5,-0.3437182268400628,95,shallow
LAT57.0_LON6.6,-0.3460711571579167,95,shallow
LAT57.0_LON6.7,-0.34633931077974417,95,shallow
LAT57.0_LON6.8,-0.3461496100705163,95,shallow
LAT57.0_LON6.9,-0.34683279612020806,95,shallow
LAT57.0_LON7.0,-0.3444267680617093,95,shallow
LAT57.0_LON7.1,-0.34270222017821,95,shallow
LAT57.0_LON7.2,-0.34598081626883426,95,shallow
LAT57.0_LON7.3,-0.34472021936432873,95,shallow
LAT57.0_LON7.4,-0.34353338750572726,95,shallow
LAT57.0_LON7.5,-0.34587034879213613,95,shallow
LAT57.0_LON7.6,-0.3466910082469373,95,shallow
LAT57.0_LON7.7,-0.3477421632130695,95,shallow
LAT57.0_LON7.8,-0.3448917216672828,95,shallow
LAT57.0_LON7.9,-0.34437499481432315,95,shallow
LAT57.0_LON8.0,-0.34544135649604585,95,shallow
LAT57.1_LON2.0,-0.34719166858065487,95,shallow
LAT57.1_LON2.1,-0.3469997901777694,95,shallow
LAT57.1_LON2.5,-0.3447116360834489,95,shallow
LAT57.1_LON2.6,-0.3467242732593643,95,shallow
LAT57.1_LON2.8,-0.3419161676712842,95,shallow
LAT57.1_LON2.9,-0.34594400363860683,95,shallow
LAT57.1_LON3.0,-0.34413836832604394,95,shallow
LAT57.1_LON3.1,-0.34756256903060667,95,shallow
LAT57.1_LON3.2,-0.3370118607779703,95,shallow
LAT57.1_LON3.3,-0.3466721158421344,95,shallow
LAT57.1_LON3.5,-0.3466477383687399,95,shallow
LAT57.1_LON3.6,-0.3474788042243833,95,shallow
LAT57.1_LON3.7,-0.3467467651551415,95,shallow
LAT57.1_LON3.8,-0.3464571735218388,95,shallow
LAT57.1_LON3.9,-0.3474725254893345,95,shallow
LAT57.1_LON4.0,-0.34177439881014715,95,shallow
LAT57.1_LON4.1,-0.34187271642706274,95,shallow
LAT57.1_LON4.2,-0.347453908873081,95,shallow
LAT57.1_LON4.3,-0.3458431264095343,95,shallow
LAT57.1_LON4.4,-0.34651381979340073,95,shallow
LAT57.1_LON4.5,-0.3435667529436491,95,shallow
LAT57.1_LON4.6,-0.337546213000635,95,shallow
LAT57.1_LON4.7,-0.3430417840999467,95,shallow
LAT57.1_LON4.9,-0.34789825533281205,95,shallow
LAT57.1_LON5.0,-0.3370559270090461,95,shallow
LAT57.1_LON5.1,-0.3364426192109655,95,shallow
LAT57.1_LON5.2,-0.3404381065304864,95,shallow
LAT57.1_LON5.3,-0.3445718874987976,95,shallow
LAT57.1_LON5.4,-0.3465346248832698,95,shallow
LAT57.1_LON5.5,-0.3464117909876814,95,shallow
LAT57.1_LON5.6,-0.3467426695201911,95,shallow
LAT57.1_LON5.7,-0.34452282331069406,95,shallow
LAT57.1_LON5.9,-0.3458416642912814,95,shallow
LAT57.1_LON6.0,-0.34202224850173807,95,shallow
LAT57.1_LON6.1,-0.3478419558684373,95,shallow
LAT57.1_LON6.2,-0.34717024894503884,95,shallow
LAT57.1_LON6.3,-0.3433214466618424,95,shallow
LAT57.1_LON6.4,-0.3484599042099919,95,shallow
LAT57.1_LON6.5,-0.34531700872173837,95,shallow
LAT57.1_LON6.6,-0.3466438705307454,95,shallow
LAT57.1_LON6.7,-0.3430872663199734,95,shallow
LAT57.1_LON6.8,-0.3451555034356873,95,shallow
LAT57.1_LON6.9,-0.34618906197999866,95,shallow
LAT57.1_LON7.0,-0.3452864921402292,95,shallow
LAT57.1_LON7.1,-0.343623432611845,95,shallow
LAT57.1_LON7.2,-0.3455102982399868,95,shallow
LAT57.1_LON7.3,-0.34642705252995276,95,shallow
LAT57.1_LON7.4,-0.3444540287145725,95,shallow
LAT57.1_LON7.5,-0.3489909376025653,95,shallow
LAT57.1_LON7.6,-0.3426783460763498,95,shallow
LAT57.1_LON7.7,-0.3469169736148607,95,shallow
LAT57.1_LON7.8,-0.34793389179529105,95,shallow
LAT57.1_LON7.9,-0.34746608849418203,95,shallow
LAT57.1_LON8.0,-0.34782475061138346,95,shallow
LAT57.2_LON2.0,-0.34724236770885086,95,shallow
LAT57.2_LON2.1,-0.3463492831613951,95,shallow
LAT57.2_LON2.2,-0.3467618527795121,95,shallow
LAT57.2_LON2.3,-0.34693581813674573,95,shallow
LAT57.2_LON2.5,-0.34652139707771,95,shallow
LAT57.2_LON2.7,-0.3430190538036262,95,shallow
LAT57.2_LON2.8,-0.3474725254893345,95,shallow
LAT57.2_LON2.9,-0.34441556548824176,95,shallow
LAT57.2_LON3.1,-0.3487601136948466,95,shallow
LAT57.2_LON3.2,-0.34689281862480986,95,shallow
LAT57.2_LON3.4,-0.346451241495818,95,shallow
LAT57.2_LON3.6,-0.3388230049140326,95,shallow
LAT57.2_LON3.7,-0.34058139082024086,95,shallow
LAT57.2_LON3.8,-0.34684491645706805,95,shallow
LAT57.2_LON3.9,-0.3484771679272753,95,shallow
LAT57.2_LON4.0,-0.3455332970137503,95,shallow
LAT57.2_LON4.1,-0.3468031814045869,95,shallow
LAT57.2_LON4.2,-0.34783252605386084,95,shallow
LAT57.2_LON4.3,-0.3462986707735584,95,shallow
LAT57.2_LON4.4,-0.349663145618037,95,shallow
LAT57.2_LON4.5,-0.3475987892183242,95,shallow
LAT57.2_LON4.7,-0.3448881150905975,95,shallow
LAT57.2_LON4.8,-0.3474306776917848,95,shallow
LAT57.2_LON4.9,-0.3441289079072362,95,shallow
LAT57.2_LON5.0,-0.3488582478446853,95,shallow
LAT57.2_LON5.1,-0.3462497291175994,95,shallow
LAT57.2_LON5.2,-0.34771946073498117,95,shallow
LAT57.2_LON5.3,-0.34005154985447933,95,shallow
LAT57.2_LON5.4,-0.34785116949574296,95,shallow
LAT57.2_LON5.5,-0.3447321090447409,95,shallow
LAT57.2_LON5.6,-0.3414189980379594,95,shallow
LAT57.2_LON5.7,-0.34517853138708454,95,shallow
LAT57.2_LON5.8,-0.3459811463689264,95,shallow
LAT57.2_LON5.9,-0.3427143445928874,95,shallow
LAT57.2_LON6.0,-0.3446464358402645,95,shallow
LAT57.2_LON6.1,-0.3467382508506084,95,shallow
LAT57.2_LON6.2,-0.3472379950004535,95,shallow
LAT57.2_LON6.3,-0.34816485491661353,95,shallow
LAT57.2_LON6.4,-0.3460701119666812,95,shallow
LAT57.2_LON6.5,-0.34694728546290854,95,shallow
LAT57.2_LON6.6,-0.3420465095038104,95,shallow
LAT57.2_LON6.7,-0.3423970452260718,95,shallow
LAT57.2_LON6.8,-0.34351877202715086,95,shallow
LAT57.2_LON6.9,-0.34559031515693756,95,shallow
LAT57.2_LON7.0,-0.3430737923139434,95,shallow
LAT57.2_LON7.1,-0.3459852602128806,95,shallow
LAT57.2_LON7.2,-0.34453125759084297,95,shallow
LAT57.2_LON7.3,-0.3448945112036091,95,shallow
LAT57.2_LON7.4,-0.342578198502119,95,shallow
LAT57.2_LON7.5,-0.34827304218825395,95,shallow
LAT57.2_LON7.6,-0.34738392894213393,95,shallow
LAT57.2_LON7.7,-0.346905009205326,95,shallow
LAT57.2_LON7.8,-0.3460319199196579,95,shallow
LAT57.2_LON7.9,-0.34783567378062163,95,shallow
LAT57.2_LON8.0,-0.3473894914859681,95,shallow
LAT57.3_LON2.0,-0.3448338387299404,95,shallow
LAT57.3_LON2.1,-0.34168280094150905,95,shallow
LAT57.3_LON2.2,-0.3393885563232741,95,shallow
LAT57.3_LON2.5,-0.34814003021293627,95,shallow
LAT57.3_LON2.7,-0.34785273323116334,95,shallow
LAT57.3_LON2.9,-0.3461067155754083,95,shallow
LAT57.3_LON3.0,-0.3446430488713728,95,shallow
LAT57.3_LON3.1,-0.34697367763546,95,shallow
LAT57.3_LON3.2,-0.34799489879413015,95,shallow
LAT57.3_LON3.3,-0.34691202089259643,95,shallow
LAT57.3_LON3.4,-0.3446917126762549,95,shallow
LAT57.3_LON3.5,-0.3465500228936852,95,shallow
LAT57.3_LON3.6,-0.3476848641779824,95,shallow
LAT57.3_LON3.7,-0.3469159177800068,95,shallow
LAT57.3_LON3.8,-0.3484607907204416,95,shallow
LAT57.3_LON3.9,-0.3466477383687399,95,shallow
LAT57.3_LON4.1,-0.34315223705164044,95,shallow
LAT57.3_LON4.2,-0.3477674436907928,95,shallow
LAT57.3_LON4.3,-0.34329312225333325,95,shallow
LAT57.3_LON4.4,-0.34952165268319396,95,shallow
LAT57.3_LON4.5,-0.34528728005667414,95,shallow
LAT57.3_LON4.6,-0.3479856634967562,95,shallow
LAT57.3_LON4.7,-0.3466149493206844,95,shallow
LAT57.3_LON4.8,-0.3452059264148913,95,shallow
LAT57.3_LON4.9,-0.34347260281050507,95,shallow
LAT57.3_LON5.0,-0.34342935105290023,95,shallow
LAT57.3_LON5.1,-0.3482927025220129,95,shallow
LAT57.3_LON5.2,-0.3473781726150489,95,shallow
LAT57.3_LON5.3,-0.3433325921739688,95,shallow
LAT57.3_LON5.4,-0.34375810444278754,95,shallow
LAT57.3_LON5.5,-0.3424358345870706,95,shallow
LAT57.3_LON5.6,-0.34703933195182807,95,shallow
LAT57.3_LON5.7,-0.34562428576266796,95,shallow
LAT57.3_LON5.8,-0.34374697991627323,95,shallow
LAT57.3_LON5.9,-0.34691604904705087,95,shallow
LAT57.3_LON6.0,-0.34548643177329946,95,shallow
LAT57.3_LON6.1,-0.34436207530145746,95,shallow
LAT57.3_LON6.2,-0.34673681610265256,95,shallow
LAT57.3_LON6.3,-0.344482199231396,95,shallow
LAT57.3_LON6.4,-0.34714867932329907,95,shallow
LAT57.3_LON6.5,-0.3445992037563787,95,shallow
LAT57.3_LON6.6,-0.34622442641674395,95,shallow
LAT57.3_LON6.7,-0.34715812490352943,95,shallow
LAT57.3_LON6.8,-0.3451286020565491,95,shallow
LAT57.3_LON6.9,-0.34736527892768465,95,shallow
LAT57.3_LON7.0,-0.3433889992291297,95,shallow
LAT57.3_LON7.1,-0.34606539737456926,95,shallow
LAT57.3_LON7.2,-0.34507741701098094,95,shallow
LAT57.3_LON7.3,-0.34675096612793677,95,shallow
LAT57.3_LON7.4,-0.34527153704953295,95,shallow
LAT57.3_LON7.5,-0.3424228171835572,95,shallow
LAT57.3_LON7.6,-0.3466069837767055,95,shallow
LAT57.3_LON7.7,-0.34773018220927543,95,shallow
LAT57.3_LON7.8,-0.34332901590094816,95,shallow
LAT57.3_LON7.9,-0.3441004533449013,95,shallow
LAT57.3_LON8.0,-0.343083879228896,95,shallow
LAT57.4_LON2.0,-0.3474188125113575,95,shallow
LAT57.4_LON2.1,-0.34492111709944023,95,shallow
LAT57.4_LON2.2,-0.3491314029418456,95,shallow
LAT57.4_LON2.5,-0.34909693139333176,95,shallow
LAT57.4_LON2.7,-0.3477101403351129,95,shallow
LAT57.4_LON2.8,-0.3488490454920926,95,shallow
LAT57.4_LON3.3,-0.35007657099498174,95,shallow
LAT57.4_LON3.4,-0.343517989061941,95,shallow
LAT57.4_LON3.5,-0.3477653522906458,95,shallow
LAT57.4_LON3.6,-0.3460772058947515,95,shallow
LAT57.4_LON3.7,-0.3483302067337799,95,shallow
LAT57.4_LON3.8,-0.34748512018333905,95,shallow
LAT57.4_LON3.9,-0.336829053005808,95,shallow
LAT57.4_LON4.0,-0.34918372461988695,95,shallow
LAT57.4_LON4.1,-0.3482105090168253,95,shallow
LAT57.4_LON4.2,-0.34880860904202243,95,shallow
LAT57.4_LON4.4,-0.3380367019599555,95,shallow
LAT57.4_LON4.5,-0.3439267742788372,95,shallow
LAT57.4_LON4.6,-0.34621729025449355,95,shallow
LAT57.4_LON4.7,-0.3458004020164785,95,shallow
LAT57.4_LON4.8,-0.33546587790872356,95,shallow
LAT57.4_LON4.9,-0.34636064687959106,95,shallow
LAT57.4_LON5.0,-0.34472927860714014,95,shallow
LAT57.4_LON5.1,-0.3436825420915584,95,shallow
LAT57.4_LON5.2,-0.34923623226149714,95,shallow
LAT57.4_LON5.3,-0.34485240961678537,95,shallow
LAT57.4_LON5.4,-0.34651860526247363,95,shallow
LAT57.4_LON5.5,-0.34483197926384046,95,shallow
LAT57.4_LON5.6,-0.3467533934125295,95,shallow
LAT57.4_LON5.7,-0.34689131557503927,95,shallow
LAT57.4_LON5.8,-0.34368085940418863,95,shallow
LAT57.4_LON5.9,-0.3454060697640897,95,shallow
LAT57.4_LON6.0,-0.3464559023301971,95,shallow
LAT57.4_LON6.1,-0.34497835678944877,95,shallow
LAT57.4_LON6.2,-0.34525158844637543,95,shallow
LAT57.4_LON6.3,-0.34517355648151116,95,shallow
LAT57.4_LON6.4,-0.34474516274530703,95,shallow
LAT57.4_LON6.5,-0.34403231572649123,95,shallow
LAT57.4_LON6.6,-0.34519906332969436,95,shallow
LAT57.4_LON6.7,-0.3475159495845214,95,shallow
LAT57.4_LON6.8,-0.34655286431607357,95,shallow
LAT57.4_LON6.9,-0.34636467796774584,95,shallow
LAT57.4_LON7.0,-0.3467505936113396,95,shallow
LAT57.4_LON7.1,-0.34576426681945055,95,shallow
LAT57.4_LON7.2,-0.34439387989235354,95,shallow
LAT57.4_LON7.3,-0.34528217928187216,95,shallow
LAT57.4_LON7.4,-0.34221184710075647,95,shallow
LAT57.4_LON7.5,-0.34544521671346634,95,shallow
LAT57.4_LON7.6,-0.3458497707151275,95,shallow
LAT57.4_LON7.7,-0.34588244441285887,95,shallow
LAT57.4_LON7.8,-0.34685208873246826,95,shallow
LAT57.4_LON7.9,-0.346550470991601,95,shallow
LAT57.4_LON8.0,-0.34430099839561495,95,shallow
LAT57.5_LON2.0,-0.3463657235236074,95,shallow
LAT57.5_LON2.1,-0.34900027891990676,95,shallow
LAT57.5_LON2.2,-0.3481226802077477,95,shallow
LAT57.5_LON2.4,-0.34628147715989127,95,shallow
LAT57.5_LON2.6,-0.3487390985597584,95,shallow
LAT57.5_LON2.9,-0.3465208834923377,95,shallow
LAT57.5_LON3.1,-0.34554021147227276,95,shallow
LAT57.5_LON3.2,-0.34604699255145716,95,shallow
LAT57.5_LON3.3,-0.3466688401392723,95,shallow
LAT57.5_LON3.4,-0.340156926362751,95,shallow
LAT57.5_LON3.5,-0.34735176053941397,95,shallow
LAT57.5_LON3.6,-0.3472454893616569,95,shallow
LAT57.5_LON3.7,-0.3469105716471268,95,shallow
LAT57.5_LON3.8,-0.34666002787064365,95,shallow
LAT57.5_LON3.9,-0.3448902567985766,95,shallow
LAT57.5_LON4.1,-0.34738852071175735,95,shallow
LAT57.5_LON4.3,-0.349157653665371,95,shallow
LAT57.5_LON4.6,-0.3454333320785352,95,shallow
LAT57.5_LON4.7,-0.34169337591363047,95,shallow
LAT57.5_LON4.8,-0.3408495638817013,95,shallow
LAT57.5_LON4.9,-0.3422951046535096,95,shallow
LAT57.5_LON5.0,-0.3424869116090845,95,shallow
LAT57.5_LON5.2,-0.3457836323777822,95,shallow
LAT57.5_LON5.3,-0.34677536512866425,95,shallow
LAT57.5_LON5.4,-0.3465419280601038,95,shallow
LAT57.5_LON5.5,-0.34584762151462534,95,shallow
LAT57.5_LON5.6,-0.34671618535392434,95,shallow
LAT57.5_LON5.7,-0.347026731095639,95,shallow
LAT57.5_LON5.8,-0.34781114925829015,95,shallow
LAT57.5_LON5.9,-0.34437382802900013,95,shallow
LAT57.5_LON6.0,-0.34638434042594257,95,shallow
LAT57.5_LON6.1,-0.34667535782415826,95,shallow
LAT57.5_LON6.2,-0.3478395859957712,95,shallow
LAT57.5_LON6.3,-0.34762257931743185,95,shallow
LAT57.5_LON6.4,-0.34715064872941337,95,shallow
LAT57.5_LON6.5,-0.344492131448352,95,shallow
LAT57.5_LON6.6,-0.3449707850078648,95,shallow
LAT57.5_LON6.7,-0.34570552145280126,95,shallow
LAT57.5_LON6.8,-0.34631392101924585,95,shallow
LAT57.5_LON6.9,-0.34698030516558526,95,shallow
LAT57.5_LON7.0,-0.3453871778321728,95,shallow
LAT57.5_LON7.1,-0.34524350796729786,95,shallow
LAT57.5_LON7.2,-0.346264810064804,95,shallow
LAT57.5_LON7.3,-0.347453036474944,95,shallow
LAT57.5_LON7.4,-0.3460390037087459,95,shallow
LAT57.5_LON7.5,-0.3434960412854326,95,shallow
LAT57.5_LON7.6,-0.3470362649650349,95,shallow
LAT57.5_LON7.7,-0.346664481513446,95,shallow
LAT57.5_LON7.8,-0.34592251285392694,95,shallow
LAT57.5_LON7.9,-0.3442888373842085,95,shallow
LAT57.5_LON8.0,-0.34577901363353714,95,shallow
LAT57.6_LON2.1,-0.3474926924710675,95,shallow
LAT57.6_LON2.3,-0.347127677201341,95,shallow
LAT57.6_LON2.4,-0.34612465392654157,95,shallow
LAT57.6_LON2.6,-0.3466450982815683,95,shallow
LAT57.6_LON2.7,-0.34780410263075706,95,shallow
LAT57.6_LON2.8,-0.3454333320785352,95,shallow
LAT57.6_LON2.9,-0.34694471671498184,95,shallow
LAT57.6_LON3.1,-0.3431733949411453,95,shallow
LAT57.6_LON3.2,-0.3476068467188875,95,shallow
LAT57.6_LON3.3,-0.3466419509647338,95,shallow
LAT57.6_LON3.4,-0.3480911161021731,95,shallow
LAT57.6_LON3.5,-0.3464372333364959,95,shallow
LAT57.6_LON3.6,-0.34661684552488875,95,shallow
LAT57.6_LON3.7,-0.34308932846179313,95,shallow
LAT57.6_LON3.8,-0.3472809639597197,95,shallow
LAT57.6_LON3.9,-0.3469608661022548,95,shallow
LAT57.6_LON4.0,-0.34591907416643464,95,shallow
LAT57.6_LON4.1,-0.3432887389997331,95,shallow
LAT57.6_LON4.2,-0.3492146071238598,95,shallow
LAT57.6_LON4.3,-0.3437143490991203,95,shallow
LAT57.6_LON4.4,-0.34690091349411895,95,shallow
LAT57.6_LON4.5,-0.3450646878595838,95,shallow
LAT57.6_LON4.6,-0.34869487815618383,95,shallow
LAT57.6_LON4.7,-0.34657194899829824,95,shallow
LAT57.6_LON5.0,-0.3449525126717678,95,shallow
LAT57.6_LON5.1,-0.3468031780738758,95,shallow
LAT57.6_LON5.2,-0.34454507698163883,95,shallow
LAT57.6_LON5.3,-0.34553226941548026,95,shallow
LAT57.6_LON5.4,-0.3456073893355831,95,shallow
LAT57.6_LON5.5,-0.34490068359503273,95,shallow
LAT57.6_LON5.6,-0.3460600861870164,95,shallow
LAT57.6_LON5.7,-0.34464255527943993,95,shallow
LAT57.6_LON5.8,-0.3469633857984498,95,shallow
LAT57.6_LON5.9,-0.345999502276384,95,shallow
LAT57.6_LON6.0,-0.3434040890117796,95,shallow
LAT57.6_LON6.1,-0.34594550798471047,95,shallow
LAT57.6_LON6.2,-0.34664784010683025,95,shallow
LAT57.6_LON6.3,-0.344639728380149,95,shallow
LAT57.6_LON6.4,-0.3458139748165427,95,shallow
LAT57.6_LON6.5,-0.3476904309913017,95,shallow
LAT57.6_LON6.6,-0.3440624281264076,95,shallow
LAT57.6_LON6.7,-0.34748108094299385,95,shallow
LAT57.6_LON6.8,-0.3441503707890887,95,shallow
LAT57.6_LON6.9,-0.34676771317477234,95,shallow
LAT57.6_LON7.0,-0.3456036607238712,95,shallow
LAT57.6_LON7.1,-0.34568386225214126,95,shallow
LAT57.6_LON7.2,-0.3480497497652691,95,shallow
LAT57.6_LON7.3,-0.34652770153751294,95,shallow
LAT57.6_LON7.4,-0.3474740885804302,95,shallow
LAT57.6_LON7.5,-0.3469821727604258,95,shallow
LAT57.6_LON7.6,-0.3469235306484372,95,shallow
LAT57.6_LON7.7,-0.3446672353246973,95,shallow
LAT57.6_LON7.8,-0.3474873125033174,95,shallow
LAT57.6_LON7.9,-0.34603168042883536,95,shallow
LAT57.6_LON8.0,-0.3445771152384113,95,shallow
LAT57.7_LON2.3,-0.3474188125113575,95,shallow
LAT57.7_LON2.7,-0.34553440071059516,95,shallow
LAT57.7_LON2.8,-0.3466438705307454,95,shallow
LAT57.7_LON2.9,-0.34687251623080356,95,shallow
LAT57.7_LON3.0,-0.33453876763651563,95,shallow
LAT57.7_LON3.1,-0.34659875339311713,95,shallow
LAT57.7_LON3.2,-0.34664632970336773,95,shallow
LAT57.7_LON3.3,-0.34724975176455897,95,shallow
LAT57.7_LON3.4,-0.34617935025991114,95,shallow
LAT57.7_LON3.5,-0.34563905510916254,95,shallow
LAT57.7_LON3.6,-0.3472641105286348,95,shallow
LAT57.7_LON3.7,-0.34544282267302495,95,shallow
LAT57.7_LON3.8,-0.34680693489936604,95,shallow
LAT57.7_LON3.9,-0.34625831278127883,95,shallow
LAT57.7_LON4.0,-0.345097225642035,95,shallow
LAT57.7_LON4.1,-0.34423319292856575,95,shallow
LAT57.7_LON4.2,-0.34541587689109665,95,shallow
LAT57.7_LON4.3,-0.34258335433530834,95,shallow
LAT57.7_LON4.4,-0.343600876052467,95,shallow
LAT57.7_LON4.5,-0.3452591523199033,95,shallow
LAT57.7_LON4.6,-0.34580480008380743,95,shallow
LAT57.7_LON4.7,-0.3452341757891996,95,shallow
LAT57.7_LON4.8,-0.3446315488684349,95,shallow
LAT57.7_LON4.9,-0.3437396985767486,95,shallow
LAT57.7_LON5.0,-0.34334777431224434,95,shallow
LAT57.7_LON5.1,-0.34511216045904786,95,shallow
LAT57.7_LON5.2,-0.3469580822997406,95,shallow
LAT57.7_LON5.3,-0.3457547955587599,95,shallow
LAT57.7_LON5.4,-0.34805327513749656,95,shallow
LAT57.7_LON5.5,-0.3489838851450815,95,shallow
LAT57.7_LON5.6,-0.34294012242590544,95,shallow
LAT57.7_LON5.7,-0.34467571189942614,95,shallow
LAT57.7_LON5.8,-0.347059512016471,95,shallow
LAT57.7_LON5.9,-0.344822884623038,95,shallow
LAT57.7_LON6.0,-0.3448279603867282,95,shallow
LAT57.7_LON6.1,-0.3442955619658048,95,shallow
LAT57.7_LON6.2,-0.3438342913425496,95,shallow
LAT57.7_LON6.3,-0.343156299646073,95,shallow
LAT57.7_LON6.4,-0.3457307193143106,95,shallow
LAT57.7_LON6.5,-0.3443020404045932,95,shallow
LAT57.7_LON6.6,-0.34525795444657775,95,shallow
LAT57.7_LON6.7,-0.34452569891225515,95,shallow
LAT57.7_LON6.8,-0.34634273696417806,95,shallow
LAT57.7_LON6.9,-0.3484178378675875,95,shallow
LAT57.7_LON7.0,-0.3441791902069233,95,shallow
LAT57.7_LON7.1,-0.34222852617971916,95,shallow
LAT57.7_LON7.2,-0.34554778458767443,95,shallow
LAT57.7_LON7.3,-0.3438207812615209,95,shallow
LAT57.7_LON7.4,-0.3446998087800336,95,shallow
LAT57.7_LON7.5,-0.34690206520463324,95,shallow
LAT57.7_LON7.7,-0.3463182333954967,95,shallow
LAT57.7_LON7.8,-0.345151127075187,95,shallow
LAT57.7_LON7.9,-0.34500399783976543,95,shallow
LAT57.7_LON8.0,-0.34672771947778425,95,shallow
LAT57.8_LON2.1,-0.33908778828138136,95,shallow
LAT57.8_LON2.3,-0.3465601872352961,95,shallow
LAT57.8_LON2.4,-0.34715922356991247,95,shallow
LAT57.8_LON2.5,-0.34591028580755867,95,shallow
LAT57.8_LON2.6,-0.3441142330807568,95,shallow
LAT57.8_LON2.7,-0.34658871501548993,95,shallow
LAT57.8_LON2.8,-0.33451504327174186,95,shallow
LAT57.8_LON2.9,-0.3473463242992936,95,shallow
LAT57.8_LON3.0,-0.3458313894608485,95,shallow
LAT57.8_LON3.1,-0.34687061601053176,95,shallow
LAT57.8_LON3.2,-0.34455446295336023,95,shallow
LAT57.8_LON3.3,-0.3451063127965523,95,shallow
LAT57.8_LON3.4,-0.3434429809714767,95,shallow
LAT57.8_LON3.5,-0.34664315405565294,95,shallow
LAT57.8_LON3.6,-0.3457881193313589,95,shallow
LAT57.8_LON3.7,-0.3491363316089563,95,shallow
LAT57.8_LON3.8,-0.34651381979340073,95,shallow
LAT57.8_LON3.9,-0.34714264556880114,95,shallow
LAT57.8_LON4.0,-0.34799577606204013,95,shallow
LAT57.8_LON4.1,-0.3441038691633665,95,shallow
LAT57.8_LON4.2,-0.3501766731029394,95,shallow
LAT57.8_LON4.3,-0.3444456946219952,95,shallow
LAT57.8_LON4.4,-0.3448427770477196,95,shallow
LAT57.8_LON4.5,-0.34501885141671024,95,shallow
LAT57.8_LON4.6,-0.34516135735333603,95,shallow
LAT57.8_LON4.7,-0.34415969873192803,95,shallow
LAT57.8_LON4.8,-0.3468340008695239,95,shallow
LAT57.8_LON4.9,-0.3443867635636091,95,shallow
LAT57.8_LON5.0,-0.3471091648735838,95,shallow
LAT57.8_LON5.1,-0.3469469931824732,95,shallow
LAT57.8_LON5.2,-0.3459743919835894,95,shallow
LAT57.8_LON5.3,-0.3467471335517313,95,shallow
LAT57.8_LON5.4,-0.34430268248660756,95,shallow
LAT57.8_LON5.5,-0.3480661643138136,95,shallow
LAT57.8_LON5.6,-0.34679417987816785,95,shallow
LAT57.8_LON5.7,-0.3460732666860894,95,shallow
LAT57.8_LON5.8,-0.34702801807024813,95,shallow
LAT57.8_LON5.9,-0.3453588747331196,95,shallow
LAT57.8_LON6.0,-0.34622173373332077,95,shallow
LAT57.8_LON6.1,-0.3447212754709779,95,shallow
LAT57.8_LON6.2,-0.34583096227909965,95,shallow
LAT57.8_LON6.3,-0.34703407311846346,95,shallow
LAT57.8_LON6.4,-0.34265334733058944,95,shallow
LAT57.8_LON6.5,-0.3469218154439592,95,shallow
LAT57.8_LON6.6,-0.3448558044885214,95,shallow
LAT57.8_LON6.7,-0.3457570383650377,95,shallow
LAT57.8_LON6.8,-0.3355166977503867,95,shallow
LAT57.8_LON6.9,-0.34681188421666126,95,shallow
LAT57.8_LON7.0,-0.3466730275507243,95,shallow
LAT57.8_LON7.2,-0.34957896686085227,95,shallow
LAT57.8_LON7.3,-0.34685377455845234,95,shallow
LAT57.8_LON7.4,-0.347640042500755,95,shallow
LAT57.8_LON7.5,-0.34686112725500884,95,shallow
LAT57.8_LON7.7,-0.34656888837209837,95,shallow
LAT57.8_LON7.9,-0.3466450982815683,95,shallow
LAT57.8_LON8.0,-0.34730802354643586,95,shallow
LAT57.9_LON2.1,-0.34624128365843876,95,shallow
LAT57.9_LON2.4,-0.34730869792762525,95,shallow
LAT57.9_LON2.6,-0.3433762912867553,95,shallow
LAT57.9_LON2.8,-0.3438977174712237,95,shallow
LAT57.9_LON2.9,-0.33680916431887126,95,shallow
LAT57.9_LON3.0,-0.34845920783252393,95,shallow
LAT57.9_LON3.1,-0.34629901477647795,95,shallow
LAT57.9_LON3.2,-0.34460792103560867,95,shallow
LAT57.9_LON3.3,-0.3421981931176758,95,shallow
LAT57.9_LON3.4,-0.3422371047024261,95,shallow
LAT57.9_LON3.5,-0.34610826821322715,95,shallow
LAT57.9_LON3.6,-0.34777866055251555,95,shallow
LAT57.9_LON3.7,-0.34696182174800116,95,shallow
LAT57.9_LON3.8,-0.3457571554620608,95,shallow
LAT57.9_LON3.9,-0.3432739807908394,95,shallow
LAT57.9_LON4.0,-0.34268694019088386,95,shallow
LAT57.9_LON4.1,-0.34442579546581586,95,shallow
LAT57.9_LON4.2,-0.3467985374445001,95,shallow
LAT57.9_LON4.3,-0.34449153952993383,95,shallow
LAT57.9_LON4.4,-0.34692581447285437,95,shallow
LAT57.9_LON4.5,-0.343408789185434,95,shallow
LAT57.9_LON4.6,-0.34381971200419087,95,shallow
LAT57.9_LON4.7,-0.3443579046986881,95,shallow
LAT57.9_LON4.8,-0.3448022179552224,95,shallow
LAT57.9_LON4.9,-0.3432848729058024,95,shallow
LAT57.9_LON5.0,-0.3461946617863845,95,shallow
LAT57.9_LON5.1,-0.3441318807862645,95,shallow
LAT57.9_LON5.2,-0.34580679186954555,95,shallow
LAT57.9_LON5.3,-0.34572087435474114,95,shallow
LAT57.9_LON5.4,-0.3445833080761125,95,shallow
LAT57.9_LON5.5,-0.34494853537480663,95,shallow
LAT57.9_LON5.6,-0.3465667551578894,95,shallow
LAT57.9_LON5.7,-0.34590734950770946,95,shallow
LAT57.9_LON5.8,-0.34466215628563696,95,shallow
LAT57.9_LON5.9,-0.3476308586264735,95,shallow
LAT57.9_LON6.0,-0.34361464591272983,95,shallow
LAT57.9_LON6.1,-0.34893336585709067,95,shallow
LAT57.9_LON6.2,-0.3459285220707809,95,shallow
LAT57.9_LON6.3,-0.3367764209956662,95,shallow
LAT57.9_LON6.4,-0.343813013770038,95,shallow
LAT57.9_LON6.5,-0.3438011319986001,95,shallow
LAT57.9_LON6.6,-0.3400128019036953,95,shallow
LAT57.9_LON6.7,-0.3465343860023406,95,shallow
LAT57.9_LON6.8,-0.3467156301532473,95,shallow
LAT57.9_LON6.9,-0.34885288716586815,95,shallow
LAT57.9_LON7.0,-0.34240261555752305,95,shallow
LAT57.9_LON7.1,-0.3425057596009529,95,shallow
LAT57.9_LON7.2,-0.3474557982975342,95,shallow
LAT57.9_LON7.3,-0.34804214187114124,95,shallow
LAT57.9_LON7.4,-0.34428520632100634,95,shallow
LAT57.9_LON7.5,-0.34445624267511615,95,shallow
LAT57.9_LON7.6,-0.3450607247377065,95,shallow
LAT57.9_LON7.7,-0.3409647179848915,95,shallow
LAT57.9_LON7.8,-0.3447651144841462,95,shallow
LAT57.9_LON7.9,-0.34469386969737476,95,shallow
LAT58.0_LON2.1,-0.34053842275691104,95,shallow
LAT58.0_LON2.3,-0.34723113161984487,95,shallow
LAT58.0_LON2.4,-0.34594821525166014,95,shallow
LAT58.0_LON2.5,-0.34623097337632425,95,shallow
LAT58.0_LON2.6,-0.3466477383687399,95,shallow
LAT58.0_LON2.7,-0.3424883247354238,95,shallow
LAT58.0_LON2.8,-0.3442437030680675,95,shallow
LAT58.0_LON3.0,-0.34200147234555456,95,shallow
LAT58.0_LON3.1,-0.34227424489918734,95,shallow
LAT58.0_LON3.2,-0.3457556987830267,95,shallow
LAT58.0_LON3.3,-0.34019740336915477,95,shallow
LAT58.0_LON3.4,-0.3413414361568181,95,shallow
LAT58.0_LON3.5,-0.3454000333433493,95,shallow
LAT58.0_LON3.6,-0.34572387160122786,95,shallow
LAT58.0_LON3.7,-0.34238822510889805,95,shallow
LAT58.0_LON3.8,-0.3472952293475508,95,shallow
LAT58.0_LON3.9,-0.34799597832946894,95,shallow
LAT58.0_LON4.0,-0.3429270746993342,95,shallow
LAT58.0_LON4.1,-0.3460213425020892,95,shallow
LAT58.0_LON4.2,-0.34713681087623427,95,shallow
LAT58.0_LON4.3,-0.34339288698109016,95,shallow
LAT58.0_LON4.4,-0.3424645791489391,95,shallow
LAT58.0_LON4.5,-0.3465208834923377,95,shallow
LAT58.0_LON4.6,-0.34395681567671477,95,shallow
LAT58.0_LON4.7,-0.3453297413923687,95,shallow
LAT58.0_LON4.8,-0.33983003829856256,95,shallow
LAT58.0_LON4.9,-0.34718823735487253,95,shallow
LAT58.0_LON5.0,-0.34507001276557947,95,shallow
LAT58.0_LON5.1,-0.34454950080025004,95,shallow
LAT58.0_LON5.2,-0.34672526903064793,95,shallow
LAT58.0_LON5.3,-0.34455294830862615,95,shallow
LAT58.0_LON5.4,-0.3474251159210507,95,shallow
LAT58.0_LON5.5,-0.3481136799907162,95,shallow
LAT58.0_LON5.6,-0.34529316284829803,95,shallow
LAT58.0_LON5.7,-0.34651143447835886,95,shallow
LAT58.0_LON5.8,-0.3448206999248257,95,shallow
LAT58.0_LON5.9,-0.34752576268737856,95,shallow
LAT58.0_LON6.0,-0.3480329342015439,95,shallow
LAT58.0_LON6.1,-0.34572707716740125,95,shallow
LAT58.0_LON6.2,-0.3472024483570653,95,shallow
LAT58.0_LON6.3,-0.34608335068779567,95,shallow
LAT58.0_LON6.4,-0.3455180440745926,95,shallow
LAT58.0_LON6.5,-0.3467516652084333,95,shallow
LAT58.0_LON6.8,-0.34463509445778095,95,shallow
LAT58.0_LON6.9,-0.34636064687959106,95,shallow
LAT58.0_LON7.0,-0.34358633969654545,95,shallow
LAT58.0_LON7.1,-0.34103140363137713,95,shallow
LAT58.0_LON7.2,-0.34109168018263114,95,shallow
LAT58.0_LON7.3,-0.34539827930060457,95,shallow
LAT58.0_LON7.4,-0.34781619404696157,95,shallow
LAT58.0_LON7.5,-0.34544333777624997,95,shallow
LAT58.0_LON7.6,-0.34506056473935376,95,shallow
LAT58.0_LON7.7,-0.3487855889109995,95,shallow
LAT58.0_LON7.8,-0.3459428157841478,95,shallow
LAT58.0_LON7.9,-0.34613469166207944,95,shallow
LAT58.0_LON8.0,-0.3457445051162998,95,shallow
